"","Number","Location","Sitename","Sitenumber","Habitat","Date","Depth","Dimension","Loc_abbrev","ID_number","ID","Family","Genus","Species","Tax","SL","TL","W","Full_ID","Lat","Long","Year","Genspe","SA"
"1",1,"Moorea","Criobe2","B1","Backreef","10/11/17",7.1,290,"MOO17","1","MOO17_001","Serranidae","Pseudogramma","polyacanthum","PSEUPOLY",40.4,48.5,1.583,"MOO17_001_PSEUPOLY_40.4",-17.48678,-149.87529,"2017","Pseudogramma polyacanthum",5.35397228561136
"2",2,"Moorea","Criobe2","B1","Backreef","10/11/17",7.1,290,"MOO17","2","MOO17_002","Acanthuridae","Ctenochaetus","striatus","CTENSTRI",59.3,90.6,9.849,"MOO17_002_CTENSTRI_59.3",-17.48678,-149.87529,"2017","Ctenochaetus striatus",5.35397228561136
"3",3,"Moorea","Criobe2","B1","Backreef","10/11/17",7.1,290,"MOO17","3","MOO17_003","Labridae","Pseudocheilinus","hexataenia","PSEUHEXA",30.9,39.3,0.936,"MOO17_003_PSEUHEXA_30.9",-17.48678,-149.87529,"2017","Pseudocheilinus hexataenia",5.35397228561136
"4",4,"Moorea","Criobe2","B1","Backreef","10/11/17",7.1,290,"MOO17","4","MOO17_004","Apogonidae","Fowleria","marmorata","FOWLMARM",19.2,32.3,0.197,"MOO17_004_FOWLMARM_19.2",-17.48678,-149.87529,"2017","Fowleria marmorata",5.35397228561136
"5",5,"Moorea","Criobe2","B1","Backreef","10/11/17",7.1,290,"MOO17","5","MOO17_005","Gobiidae","Eviota","afelei","EVIOAFEL",14.8,17.4,0.06,"MOO17_005_EVIOAFEL_14.8",-17.48678,-149.87529,"2017","Eviota afelei",5.35397228561136
"6",6,"Moorea","Criobe2","B1","Backreef","10/11/17",7.1,290,"MOO17","6","MOO17_006","Gobiidae","Priolepis","triops","PRIOTRIO",13.43,16.6,0.049,"MOO17_006_PRIOTRIO_13.43",-17.48678,-149.87529,"2017","Priolepis triops",5.35397228561136
"7",7,"Moorea","Criobe2","B1","Backreef","10/11/17",7.1,290,"MOO17","7","MOO17_007","Gobiidae","Eviota","albolineata","EVIOALBO",17.1,20.8,0.105,"MOO17_007_EVIOALBO_17.1",-17.48678,-149.87529,"2017","Eviota albolineata",5.35397228561136
"8",8,"Moorea","Criobe2","B1","Backreef","10/11/17",7.1,290,"MOO17","8","MOO17_008","Gobiidae","Eviota","albolineata","EVIOALBO",18.5,22,0.085,"MOO17_008_EVIOALBO_18.5",-17.48678,-149.87529,"2017","Eviota albolineata",5.35397228561136
"9",9,"Moorea","Criobe2","B1","Backreef","10/11/17",7.1,290,"MOO17","9","MOO17_009","Gobiidae","Eviota","infulata","EVIOINFU",10.6,13.6,0.01,"MOO17_009_EVIOINFU_10.6",-17.48678,-149.87529,"2017","Eviota infulata",5.35397228561136
"10",10,"Moorea","Criobe2","B1","Backreef","10/11/17",7.1,290,"MOO17","10","MOO17_010","Gobiidae","Eviota","albolineata","EVIOALBO",17.5,21.3,0.066,"MOO17_010_EVIOALBO_17.5",-17.48678,-149.87529,"2017","Eviota albolineata",5.35397228561136
"11",11,"Moorea","Criobe2","B1","Backreef","10/11/17",7.1,290,"MOO17","11","MOO17_011","Gobiidae","Gnatholepis","cauerensis","GNATCAUE",23.5,29.9,0.234,"MOO17_011_GNATCAUE_23.5",-17.48678,-149.87529,"2017","Gnatholepis cauerensis",5.35397228561136
"12",12,"Moorea","Criobe2","B1","Backreef","10/11/17",7.1,290,"MOO17","12","MOO17_012","Gobiidae","Fusigobius","neophytus","FUSINEOP",26.9,34.5,0.415,"MOO17_012_FUSINEOP_26.9",-17.48678,-149.87529,"2017","Fusigobius neophytus",5.35397228561136
"13",13,"Moorea","Criobe2","B1","Backreef","10/11/17",7.1,290,"MOO17","13","MOO17_013","Gobiidae","Fusigobius","neophytus","FUSINEOP",19.4,23.4,0.109,"MOO17_013_FUSINEOP_19.4",-17.48678,-149.87529,"2017","Fusigobius neophytus",5.35397228561136
"14",14,"Moorea","Criobe2","B1","Backreef","10/11/17",7.1,290,"MOO17","14","MOO17_014","Gobiidae","Gnatholepis","cauerensis","GNATCAUE",18.9,22.5,0.043,"MOO17_014_GNATCAUE_18.9",-17.48678,-149.87529,"2017","Gnatholepis cauerensis",5.35397228561136
"15",15,"Moorea","Criobe2","B1","Backreef","10/11/17",7.1,290,"MOO17","15","MOO17_015","Gobiidae","Eviota","distigma","EVIODIST",11.3,13.9,0.026,"MOO17_015_EVIODIST_11.3",-17.48678,-149.87529,"2017","Eviota distigma",5.35397228561136
"16",16,"Moorea","Criobe2","B1","Backreef","10/11/17",7.1,290,"MOO17","16","MOO17_016","Gobiidae","Eviota","afelei","EVIOAFEL",13.5,16.6,0.045,"MOO17_016_EVIOAFEL_13.5",-17.48678,-149.87529,"2017","Eviota afelei",5.35397228561136
"17",17,"Moorea","Criobe2","B1","Backreef","10/11/17",7.1,290,"MOO17","17","MOO17_017","Gobiidae","Eviota","infulata","EVIOINFU",11.3,14.3,0.029,"MOO17_017_EVIOINFU_11.3",-17.48678,-149.87529,"2017","Eviota infulata",5.35397228561136
"18",18,"Moorea","Criobe2","B1","Backreef","10/11/17",7.1,290,"MOO17","18","MOO17_018","Gobiidae","Eviota","infulata","EVIOINFU",11.4,13.9,0.028,"MOO17_018_EVIOINFU_11.4",-17.48678,-149.87529,"2017","Eviota infulata",5.35397228561136
"19",19,"Moorea","Criobe2","B1","Backreef","10/11/17",7.1,290,"MOO17","19","MOO17_019","Gobiidae","Eviota","afelei","EVIOAFEL",12.5,15.7,0.038,"MOO17_019_EVIOAFEL_12.5",-17.48678,-149.87529,"2017","Eviota afelei",5.35397228561136
"20",20,"Moorea","Criobe2","B1","Backreef","10/11/17",7.1,290,"MOO17","20","MOO17_020","Gobiidae","Eviota","afelei","EVIOAFEL",11.8,15.1,0.028,"MOO17_020_EVIOAFEL_11.8",-17.48678,-149.87529,"2017","Eviota afelei",5.35397228561136
"21",21,"Moorea","Criobe2","B1","Backreef","10/11/17",7.1,290,"MOO17","21","MOO17_021","Gobiidae","Eviota","afelei","EVIOAFEL",11.5,14,0.039,"MOO17_021_EVIOAFEL_11.5",-17.48678,-149.87529,"2017","Eviota afelei",5.35397228561136
"22",22,"Moorea","Criobe2","B1","Backreef","10/11/17",7.1,290,"MOO17","22","MOO17_022","Gobiidae","Eviota","infulata","EVIOINFU",10.8,13,0.027,"MOO17_022_EVIOINFU_10.8",-17.48678,-149.87529,"2017","Eviota infulata",5.35397228561136
"23",23,"Moorea","Criobe2","B1","Backreef","10/11/17",7.1,290,"MOO17","23","MOO17_023","Gobiidae","Eviota","afelei","EVIOAFEL",12,14.6,0.026,"MOO17_023_EVIOAFEL_12",-17.48678,-149.87529,"2017","Eviota afelei",5.35397228561136
"24",24,"Moorea","Criobe2","B1","Backreef","10/11/17",7.1,290,"MOO17","24","MOO17_024","Gobiidae","Eviota","afelei","EVIOAFEL",12.4,14.7,0.036,"MOO17_024_EVIOAFEL_12.4",-17.48678,-149.87529,"2017","Eviota afelei",5.35397228561136
"25",25,"Moorea","Criobe2","B1","Backreef","10/11/17",7.1,290,"MOO17","25","MOO17_025","Gobiidae","Eviota","afelei","EVIOAFEL",11.3,13.6,0.032,"MOO17_025_EVIOAFEL_11.3",-17.48678,-149.87529,"2017","Eviota afelei",5.35397228561136
"26",26,"Moorea","Criobe2","B1","Backreef","10/11/17",7.1,290,"MOO17","26","MOO17_026","Gobiidae","Eviota","infulata","EVIOINFU",10.4,12.9,0.027,"MOO17_026_EVIOINFU_10.4",-17.48678,-149.87529,"2017","Eviota infulata",5.35397228561136
"27",27,"Moorea","Criobe2","B1","Backreef","10/11/17",7.1,290,"MOO17","27","MOO17_027","Gobiidae","Eviota","infulata","EVIOINFU",9.8,12.1,0.027,"MOO17_027_EVIOINFU_9.8",-17.48678,-149.87529,"2017","Eviota infulata",5.35397228561136
"28",28,"Moorea","Criobe2","B1","Backreef","10/11/17",7.1,290,"MOO17","28","MOO17_028","Gobiidae","Eviota","afelei","EVIOAFEL",11.1,13.7,0.034,"MOO17_028_EVIOAFEL_11.1",-17.48678,-149.87529,"2017","Eviota afelei",5.35397228561136
"29",29,"Moorea","Criobe2","B1","Backreef","10/11/17",7.1,290,"MOO17","29","MOO17_029","Gobiidae","Eviota","afelei","EVIOAFEL",10.4,13,0.025,"MOO17_029_EVIOAFEL_10.4",-17.48678,-149.87529,"2017","Eviota afelei",5.35397228561136
"30",30,"Moorea","Criobe2","B1","Backreef","10/11/17",7.1,290,"MOO17","30","MOO17_030","Gobiidae","Eviota","infulata","EVIOINFU",10.6,12.7,0.033,"MOO17_030_EVIOINFU_10.6",-17.48678,-149.87529,"2017","Eviota infulata",5.35397228561136
"31",31,"Moorea","Criobe2","B1","Backreef","10/11/17",7.1,290,"MOO17","31","MOO17_031","Gobiidae","Eviota","infulata","EVIOINFU",10.7,12.5,0.026,"MOO17_031_EVIOINFU_10.7",-17.48678,-149.87529,"2017","Eviota infulata",5.35397228561136
"32",32,"Moorea","Criobe2","B1","Backreef","10/11/17",7.1,290,"MOO17","32","MOO17_032","Gobiidae","Eviota","infulata","EVIOINFU",10.4,12.7,0.021,"MOO17_032_EVIOINFU_10.4",-17.48678,-149.87529,"2017","Eviota infulata",5.35397228561136
"33",33,"Moorea","Criobe2","B1","Backreef","10/11/17",7.1,290,"MOO17","33","MOO17_033","Gobiidae","Pleurosicya","labiata","PLEULABI",11.9,14.5,0.026,"MOO17_033_PLEULABI_11.9",-17.48678,-149.87529,"2017","Pleurosicya labiata",5.35397228561136
"34",34,"Moorea","Criobe2","B1","Backreef","10/11/17",7.1,290,"MOO17","34","MOO17_034","Gobiidae","Eviota","infulata","EVIOINFU",11.2,13.6,0.025,"MOO17_034_EVIOINFU_11.2",-17.48678,-149.87529,"2017","Eviota infulata",5.35397228561136
"35",35,"Moorea","Criobe2","B1","Backreef","10/11/17",7.1,290,"MOO17","35","MOO17_035","Gobiidae","Eviota","afelei","EVIOAFEL",9.3,10.9,0.014,"MOO17_035_EVIOAFEL_9.3",-17.48678,-149.87529,"2017","Eviota afelei",5.35397228561136
"36",36,"Moorea","Criobe2","B1","Backreef","10/11/17",7.1,290,"MOO17","36","MOO17_036","Gobiidae","Eviota","afelei","EVIOAFEL",10.8,13.1,0.026,"MOO17_036_EVIOAFEL_10.8",-17.48678,-149.87529,"2017","Eviota afelei",5.35397228561136
"37",37,"Moorea","Criobe2","B1","Backreef","10/11/17",7.1,290,"MOO17","37","MOO17_037","Gobiidae","Eviota","infulata","EVIOINFU",9.9,12,0.026,"MOO17_037_EVIOINFU_9.9",-17.48678,-149.87529,"2017","Eviota infulata",5.35397228561136
"38",38,"Moorea","Criobe2","B1","Backreef","10/11/17",7.1,290,"MOO17","38","MOO17_038","Gobiidae","Eviota","infulata","EVIOINFU",11,13,0.026,"MOO17_038_EVIOINFU_11",-17.48678,-149.87529,"2017","Eviota infulata",5.35397228561136
"39",39,"Moorea","Criobe2","B1","Backreef","10/11/17",7.1,290,"MOO17","39","MOO17_039","Gobiidae","Eviota","infulata","EVIOINFU",10.1,12.4,0.031,"MOO17_039_EVIOINFU_10.1",-17.48678,-149.87529,"2017","Eviota infulata",5.35397228561136
"40",40,"Moorea","Criobe2","B1","Backreef","10/11/17",7.1,290,"MOO17","40","MOO17_040","Gobiidae","Eviota","infulata","EVIOINFU",10.2,12.2,0.022,"MOO17_040_EVIOINFU_10.2",-17.48678,-149.87529,"2017","Eviota infulata",5.35397228561136
"41",41,"Moorea","Criobe2","B1","Backreef","10/11/17",7.1,290,"MOO17","41","MOO17_041","Gobiidae","Eviota","infulata","EVIOINFU",10.3,12.3,0.02,"MOO17_041_EVIOINFU_10.3",-17.48678,-149.87529,"2017","Eviota infulata",5.35397228561136
"42",42,"Moorea","Criobe2","B1","Backreef","10/11/17",7.1,290,"MOO17","42","MOO17_042","Gobiidae","Eviota","afelei","EVIOAFEL",10.1,12.3,0.017,"MOO17_042_EVIOAFEL_10.1",-17.48678,-149.87529,"2017","Eviota afelei",5.35397228561136
"43",43,"Moorea","Criobe2","B1","Backreef","10/11/17",7.1,290,"MOO17","43","MOO17_043","Gobiidae","Eviota","infulata","EVIOINFU",9.6,11.7,0.017,"MOO17_043_EVIOINFU_9.6",-17.48678,-149.87529,"2017","Eviota infulata",5.35397228561136
"44",44,"Moorea","Criobe2","B1","Backreef","10/11/17",7.1,290,"MOO17","44","MOO17_044","Gobiidae","Eviota","infulata","EVIOINFU",10.6,12.7,0.022,"MOO17_044_EVIOINFU_10.6",-17.48678,-149.87529,"2017","Eviota infulata",5.35397228561136
"45",45,"Moorea","Criobe2","B1","Backreef","10/11/17",7.1,290,"MOO17","45","MOO17_045","Gobiidae","Eviota","infulata","EVIOINFU",9.2,11.2,0.016,"MOO17_045_EVIOINFU_9.2",-17.48678,-149.87529,"2017","Eviota infulata",5.35397228561136
"46",46,"Moorea","Criobe2","B1","Backreef","10/11/17",7.1,290,"MOO17","46","MOO17_046","Gobiidae","Eviota","afelei","EVIOAFEL",8.7,10.6,0.014,"MOO17_046_EVIOAFEL_8.7",-17.48678,-149.87529,"2017","Eviota afelei",5.35397228561136
"47",47,"Moorea","Criobe2","B1","Backreef","10/11/17",7.1,290,"MOO17","47","MOO17_047","Gobiidae","Eviota","infulata","EVIOINFU",9.6,11.4,0.017,"MOO17_047_EVIOINFU_9.6",-17.48678,-149.87529,"2017","Eviota infulata",5.35397228561136
"48",48,"Moorea","Criobe2","B1","Backreef","10/11/17",7.1,290,"MOO17","48","MOO17_048","Gobiidae","Eviota","infulata","EVIOINFU",9.4,10.8,0.015,"MOO17_048_EVIOINFU_9.4",-17.48678,-149.87529,"2017","Eviota infulata",5.35397228561136
"49",49,"Moorea","Criobe2","B1","Backreef","10/11/17",7.1,290,"MOO17","49","MOO17_049","Gobiidae","Eviota","afelei","EVIOAFEL",7.2,9.2,0.011,"MOO17_049_EVIOAFEL_7.2",-17.48678,-149.87529,"2017","Eviota afelei",5.35397228561136
"50",50,"Moorea","Criobe2","B1","Backreef","10/11/17",7.1,290,"MOO17","50","MOO17_050","Gobiidae","Eviota","infulata","EVIOINFU",6.5,7.9,0.005,"MOO17_050_EVIOINFU_6.5",-17.48678,-149.87529,"2017","Eviota infulata",5.35397228561136
"51",51,"Moorea","Criobe2","B1","Backreef","10/11/17",7.1,290,"MOO17","51","MOO17_051","Gobiidae","Eviota","infulata","EVIOINFU",6,9,0.007,"MOO17_051_EVIOINFU_6",-17.48678,-149.87529,"2017","Eviota infulata",5.35397228561136
"52",52,"Moorea","Criobe2","B1","Backreef","10/11/17",7.1,290,"MOO17","52","MOO17_052","Gobiidae","Eviota","infulata","EVIOINFU",5.8,6.8,0.009,"MOO17_052_EVIOINFU_5.8",-17.48678,-149.87529,"2017","Eviota infulata",5.35397228561136
"53",53,"Moorea","Criobe2","B1","Backreef","10/11/17",7.1,290,"MOO17","53","MOO17_053","Pomacentridae","Stegastes","nigricans","STEGNIGR",68.2,94.2,18.9,"MOO17_053_STEGNIGR_68.2",-17.48678,-149.87529,"2017","Stegastes nigricans",5.35397228561136
"54",54,"Moorea","Criobe2","B1","Backreef","10/11/17",7.1,290,"MOO17","54","MOO17_054","Pomacentridae","Stegastes","nigricans","STEGNIGR",56.6,77.6,10.5,"MOO17_054_STEGNIGR_56.6",-17.48678,-149.87529,"2017","Stegastes nigricans",5.35397228561136
"55",55,"Moorea","Tiahura1","B2","Forereef","10/12/17",13,290,"MOO17","55","MOO17_055","Pomacanthidae","Centropyge","flavissima","CENTFLAV",51.4,65.5,7.242,"MOO17_055_CENTFLAV_51.4",-17.48285,-149.90007,"2017","Centropyge flavissima",5.35397228561136
"56",56,"Moorea","Tiahura1","B2","Forereef","10/12/17",13,290,"MOO17","56","MOO17_056","Muraenidae","Uropterygius","fuscoguttatus","UROPFUSC",190,192,7.735,"MOO17_056_UROPFUSC_190",-17.48285,-149.90007,"2017","Uropterygius fuscoguttatus",5.35397228561136
"57",57,"Moorea","Tiahura1","B2","Forereef","10/12/17",13,290,"MOO17","57","MOO17_057","Muraenidae","Uropterygius","fuscoguttatus","UROPFUSC",158,159,7.507,"MOO17_057_UROPFUSC_158",-17.48285,-149.90007,"2017","Uropterygius fuscoguttatus",5.35397228561136
"58",58,"Moorea","Tiahura1","B2","Forereef","10/12/17",13,290,"MOO17","58","MOO17_058","Tetraodontidae","Canthigaster","janthinoptera","CANTJANT",46.7,58.7,5.215,"MOO17_058_CANTJANT_46.7",-17.48285,-149.90007,"2017","Canthigaster janthinoptera",5.35397228561136
"59",59,"Moorea","Tiahura1","B2","Forereef","10/12/17",13,290,"MOO17","59","MOO17_059","Cirrhitidae","Paracirrhites","arcatus","PARAARCA",45.7,55.7,2.528,"MOO17_059_PARAARCA_45.7",-17.48285,-149.90007,"2017","Paracirrhites arcatus",5.35397228561136
"60",60,"Moorea","Tiahura1","B2","Forereef","10/12/17",13,290,"MOO17","60","MOO17_060","Cirrhitidae","Paracirrhites","arcatus","PARAARCA",39.2,49.1,1.882,"MOO17_060_PARAARCA_39.2",-17.48285,-149.90007,"2017","Paracirrhites arcatus",5.35397228561136
"61",61,"Moorea","Tiahura1","B2","Forereef","10/12/17",13,290,"MOO17","61","MOO17_061","Muraenidae","Gymnothorax","melatremus","GYMNMELA",81,83,0.522,"MOO17_061_GYMNMELA_81",-17.48285,-149.90007,"2017","Gymnothorax melatremus",5.35397228561136
"62",62,"Moorea","Tiahura1","B2","Forereef","10/12/17",13,290,"MOO17","62","MOO17_062","Labridae","Pseudocheilinus","hexataenia","PSEUHEXA",42.5,53.6,2.416,"MOO17_062_PSEUHEXA_42.5",-17.48285,-149.90007,"2017","Pseudocheilinus hexataenia",5.35397228561136
"63",63,"Moorea","Tiahura1","B2","Forereef","10/12/17",13,290,"MOO17","63","MOO17_063","Labridae","Pseudocheilinus","hexataenia","PSEUHEXA",30.2,38.9,1.026,"MOO17_063_PSEUHEXA_30.2",-17.48285,-149.90007,"2017","Pseudocheilinus hexataenia",5.35397228561136
"64",64,"Moorea","Tiahura1","B2","Forereef","10/12/17",13,290,"MOO17","64","MOO17_064","Labridae","Pseudocheilinus","hexataenia","PSEUHEXA",25.3,32,0.592,"MOO17_064_PSEUHEXA_25.3",-17.48285,-149.90007,"2017","Pseudocheilinus hexataenia",5.35397228561136
"65",65,"Moorea","Tiahura1","B2","Forereef","10/12/17",13,290,"MOO17","65","MOO17_065","Cirrhitidae","Paracirrhites","arcatus","PARAARCA",28.4,35.4,0.699,"MOO17_065_PARAARCA_28.4",-17.48285,-149.90007,"2017","Paracirrhites arcatus",5.35397228561136
"66",66,"Moorea","Tiahura1","B2","Forereef","10/12/17",13,290,"MOO17","66","MOO17_066","Cirrhitidae","Paracirrhites","arcatus","PARAARCA",28.1,34.8,0.695,"MOO17_066_PARAARCA_28.1",-17.48285,-149.90007,"2017","Paracirrhites arcatus",5.35397228561136
"67",67,"Moorea","Tiahura1","B2","Forereef","10/12/17",13,290,"MOO17","67","MOO17_067","Cirrhitidae","Paracirrhites","arcatus","PARAARCA",25.9,32.5,0.41,"MOO17_067_PARAARCA_25.9",-17.48285,-149.90007,"2017","Paracirrhites arcatus",5.35397228561136
"68",68,"Moorea","Tiahura1","B2","Forereef","10/12/17",13,290,"MOO17","68","MOO17_068","Apogonidae","Ostorhinchus","angustatus","OSTOANGU",40.1,53.4,1.521,"MOO17_068_OSTOANGU_40.1",-17.48285,-149.90007,"2017","Ostorhinchus angustatus",5.35397228561136
"69",69,"Moorea","Tiahura1","B2","Forereef","10/12/17",13,290,"MOO17","69","MOO17_069","Apogonidae","Ostorhinchus","angustatus","OSTOANGU",36.8,46.6,1.285,"MOO17_069_OSTOANGU_36.8",-17.48285,-149.90007,"2017","Ostorhinchus angustatus",5.35397228561136
"70",70,"Moorea","Tiahura1","B2","Forereef","10/12/17",13,290,"MOO17","70","MOO17_070","Apogonidae","Ostorhinchus","angustatus","OSTOANGU",31.6,40.7,0.791,"MOO17_070_OSTOANGU_31.6",-17.48285,-149.90007,"2017","Ostorhinchus angustatus",5.35397228561136
"71",71,"Moorea","Tiahura1","B2","Forereef","10/12/17",13,290,"MOO17","71","MOO17_071","Apogonidae","Ostorhinchus","angustatus","OSTOANGU",27.1,34.2,0.456,"MOO17_071_OSTOANGU_27.1",-17.48285,-149.90007,"2017","Ostorhinchus angustatus",5.35397228561136
"72",72,"Moorea","Tiahura1","B2","Forereef","10/12/17",13,290,"MOO17","72","MOO17_072","Apogonidae","Ostorhinchus","angustatus","OSTOANGU",30.6,38.9,0.728,"MOO17_072_OSTOANGU_30.6",-17.48285,-149.90007,"2017","Ostorhinchus angustatus",5.35397228561136
"73",73,"Moorea","Tiahura1","B2","Forereef","10/12/17",13,290,"MOO17","73","MOO17_073","Apogonidae","Ostorhinchus","angustatus","OSTOANGU",25.2,32.3,0.32,"MOO17_073_OSTOANGU_25.2",-17.48285,-149.90007,"2017","Ostorhinchus angustatus",5.35397228561136
"74",74,"Moorea","Tiahura1","B2","Forereef","10/12/17",13,290,"MOO17","74","MOO17_074","Apogonidae","Apogon","coccineus","APOGCOCC",23,30.3,0.333,"MOO17_074_APOGCOCC_23",-17.48285,-149.90007,"2017","Apogon coccineus",5.35397228561136
"75",75,"Moorea","Tiahura1","B2","Forereef","10/12/17",13,290,"MOO17","75","MOO17_075","Apogonidae","Apogon","coccineus","APOGCOCC",15,19.8,0.095,"MOO17_075_APOGCOCC_15",-17.48285,-149.90007,"2017","Apogon coccineus",5.35397228561136
"76",76,"Moorea","Tiahura1","B2","Forereef","10/12/17",13,290,"MOO17","76","MOO17_076","Scorpaenidae","Sebastapistes","fowleri","SEBAFOWL",24.8,31.3,0.702,"MOO17_076_SEBAFOWL_24.8",-17.48285,-149.90007,"2017","Sebastapistes fowleri",5.35397228561136
"77",77,"Moorea","Tiahura1","B2","Forereef","10/12/17",13,290,"MOO17","77","MOO17_077","Serranidae","Plectranthias","nanus","PLECNANU",26.3,32.6,0.53,"MOO17_077_PLECNANU_26.3",-17.48285,-149.90007,"2017","Plectranthias nanus",5.35397228561136
"78",78,"Moorea","Tiahura1","B2","Forereef","10/12/17",13,290,"MOO17","78","MOO17_078","Scorpaenidae","Caracanthus","maculatus","CARAMACU",15.5,20,0.2,"MOO17_078_CARAMACU_15.5",-17.48285,-149.90007,"2017","Caracanthus maculatus",5.35397228561136
"79",79,"Moorea","Tiahura1","B2","Forereef","10/12/17",13,290,"MOO17","79","MOO17_079","Tripterygiidae","Enneapterygius","pyramis","ENNEPYRA",19.2,22.8,0.123,"MOO17_079_ENNEPYRA_19.2",-17.48285,-149.90007,"2017","Enneapterygius pyramis",5.35397228561136
"80",80,"Moorea","Tiahura1","B2","Forereef","10/12/17",13,290,"MOO17","80","MOO17_080","Gobiidae","Eviota","albolineata","EVIOALBO",15.8,19.3,0.072,"MOO17_080_EVIOALBO_15.8",-17.48285,-149.90007,"2017","Eviota albolineata",5.35397228561136
"81",81,"Moorea","Tiahura1","B2","Forereef","10/12/17",13,290,"MOO17","81","MOO17_081","Tripterygiidae","Enneapterygius","speA","ENNESPEA",13.8,17,0.048,"MOO17_081_ENNESPEA_13.8",-17.48285,-149.90007,"2017","Enneapterygius speA",5.35397228561136
"82",82,"Moorea","Tiahura1","B2","Forereef","10/12/17",13,290,"MOO17","82","MOO17_082","Gobiidae","Eviota","afelei","EVIOAFEL",11.4,13.8,0.034,"MOO17_082_EVIOAFEL_11.4",-17.48285,-149.90007,"2017","Eviota afelei",5.35397228561136
"83",83,"Moorea","Tiahura1","B2","Forereef","10/12/17",13,290,"MOO17","83","MOO17_083","Gobiidae","Eviota","afelei","EVIOAFEL",10.4,12.2,0.036,"MOO17_083_EVIOAFEL_10.4",-17.48285,-149.90007,"2017","Eviota afelei",5.35397228561136
"84",84,"Moorea","Tiahura1","B2","Forereef","10/12/17",13,290,"MOO17","84","MOO17_084","Pomacentridae","Chromis","iomelas","CHROIOME",26.2,41.2,0.85,"MOO17_084_CHROIOME_26.2",-17.48285,-149.90007,"2017","Chromis iomelas",5.35397228561136
"85",85,"Moorea","Tiahura1","B2","Forereef","10/12/17",13,290,"MOO17","85","MOO17_085","Pomacentridae","Chromis","iomelas","CHROIOME",16.5,23.6,0.242,"MOO17_085_CHROIOME_16.5",-17.48285,-149.90007,"2017","Chromis iomelas",5.35397228561136
"86",86,"Moorea","Tiahura1","B2","Forereef","10/12/17",13,290,"MOO17","86","MOO17_086","Serranidae","Plectranthias","nanus","PLECNANU",26.9,34.2,0.545,"MOO17_086_PLECNANU_26.9",-17.48285,-149.90007,"2017","Plectranthias nanus",5.35397228561136
"87",87,"Moorea","Tiahura1","B2","Forereef","10/12/17",13,290,"MOO17","87","MOO17_087","Serranidae","Plectranthias","nanus","PLECNANU",25.1,31.1,0.44,"MOO17_087_PLECNANU_25.1",-17.48285,-149.90007,"2017","Plectranthias nanus",5.35397228561136
"88",88,"Moorea","Tiahura1","B2","Forereef","10/12/17",13,290,"MOO17","88","MOO17_088","Serranidae","Plectranthias","nanus","PLECNANU",29.8,38,0.765,"MOO17_088_PLECNANU_29.8",-17.48285,-149.90007,"2017","Plectranthias nanus",5.35397228561136
"89",89,"Moorea","Tiahura1","B2","Forereef","10/12/17",13,290,"MOO17","89","MOO17_089","Serranidae","Plectranthias","nanus","PLECNANU",22.9,28.8,0.343,"MOO17_089_PLECNANU_22.9",-17.48285,-149.90007,"2017","Plectranthias nanus",5.35397228561136
"90",90,"Moorea","Tiahura1","B2","Forereef","10/12/17",13,290,"MOO17","90","MOO17_090","Scorpaenidae","Sebastapistes","fowleri","SEBAFOWL",24.4,30.9,0.578,"MOO17_090_SEBAFOWL_24.4",-17.48285,-149.90007,"2017","Sebastapistes fowleri",5.35397228561136
"91",91,"Moorea","Tiahura1","B2","Forereef","10/12/17",13,290,"MOO17","91","MOO17_091","Scorpaenidae","Sebastapistes","fowleri","SEBAFOWL",24.3,30.8,0.7,"MOO17_091_SEBAFOWL_24.3",-17.48285,-149.90007,"2017","Sebastapistes fowleri",5.35397228561136
"92",92,"Moorea","Tiahura1","B2","Forereef","10/12/17",13,290,"MOO17","92","MOO17_092","Scorpaenidae","Sebastapistes","fowleri","SEBAFOWL",21.1,26.7,0.402,"MOO17_092_SEBAFOWL_21.1",-17.48285,-149.90007,"2017","Sebastapistes fowleri",5.35397228561136
"93",93,"Moorea","Tiahura1","B2","Forereef","10/12/17",13,290,"MOO17","93","MOO17_093","Scorpaenidae","Sebastapistes","fowleri","SEBAFOWL",19.6,24.3,0.314,"MOO17_093_SEBAFOWL_19.6",-17.48285,-149.90007,"2017","Sebastapistes fowleri",5.35397228561136
"94",94,"Moorea","Tiahura1","B2","Forereef","10/12/17",13,290,"MOO17","94","MOO17_094","Scorpaenidae","Sebastapistes","fowleri","SEBAFOWL",15.5,19,0.222,"MOO17_094_SEBAFOWL_15.5",-17.48285,-149.90007,"2017","Sebastapistes fowleri",5.35397228561136
"95",95,"Moorea","Piahena1","B3","Forereef","10/13/17",12.9,280,"MOO17","95","MOO17_095","Blenniidae","Cirripectes","variolosus","CIRRVARI",40.5,52,2.091,"MOO17_095_CIRRVARI_40.5",-17.47636,-149.82899,"2017","Cirripectes variolosus",4.99109901536184
"96",96,"Moorea","Piahena1","B3","Forereef","10/13/17",12.9,280,"MOO17","96","MOO17_096","Tetraodontidae","Canthigaster","janthinoptera","CANTJANT",38.7,51.3,3.209,"MOO17_096_CANTJANT_38.7",-17.47636,-149.82899,"2017","Canthigaster janthinoptera",4.99109901536184
"97",97,"Moorea","Piahena1","B3","Forereef","10/13/17",12.9,280,"MOO17","97","MOO17_097","Pomacanthidae","Centropyge","flavissima","CENTFLAV",62.7,81.8,13.532,"MOO17_097_CENTFLAV_62.7",-17.47636,-149.82899,"2017","Centropyge flavissima",4.99109901536184
"98",98,"Moorea","Piahena1","B3","Forereef","10/13/17",12.9,280,"MOO17","98","MOO17_098","Gobiidae","Paragobiodon","lacunicolus","PARALACU",10.6,13.8,0.06,"MOO17_098_PARALACU_10.6",-17.47636,-149.82899,"2017","Paragobiodon lacunicolus",4.99109901536184
"99",99,"Moorea","Piahena1","B3","Forereef","10/13/17",12.9,280,"MOO17","99","MOO17_099","Apogonidae","Pristiapogon","kallopterus","PRISKALL",42.3,56,2.006,"MOO17_099_PRISKALL_42.3",-17.47636,-149.82899,"2017","Pristiapogon kallopterus",4.99109901536184
"100",100,"Moorea","Piahena1","B3","Forereef","10/13/17",12.9,280,"MOO17","100","MOO17_100","Apogonidae","Ostorhinchus","angustatus","OSTOANGU",46.8,58.8,2.575,"MOO17_100_OSTOANGU_46.8",-17.47636,-149.82899,"2017","Ostorhinchus angustatus",4.99109901536184
"101",101,"Moorea","Piahena1","B3","Forereef","10/13/17",12.9,280,"MOO17","101","MOO17_101","Muraenidae","Uropterygius","xanthopterus","UROPALBO",133.1,134.1,2.025,"MOO17_101_UROPALBO_133.1",-17.47636,-149.82899,"2017","Uropterygius xanthopterus",4.99109901536184
"102",102,"Moorea","Piahena1","B3","Forereef","10/13/17",12.9,280,"MOO17","102","MOO17_102","Tripterygiidae","Enneapterygius","pyramis","ENNEPYRA",20.4,25.1,0.17,"MOO17_102_ENNEPYRA_20.4",-17.47636,-149.82899,"2017","Enneapterygius pyramis",4.99109901536184
"103",103,"Moorea","Piahena1","B3","Forereef","10/13/17",12.9,280,"MOO17","103","MOO17_103","Serranidae","Pseudogramma","polyacanthum","PSEUPOLY",11.1,13.6,0.027,"MOO17_103_PSEUPOLY_11.1",-17.47636,-149.82899,"2017","Pseudogramma polyacanthum",4.99109901536184
"104",104,"Moorea","Piahena1","B3","Forereef","10/13/17",12.9,280,"MOO17","104","MOO17_104","Gobiidae","Priolepis","compita","PRIOCOMP",12.7,16.5,0.049,"MOO17_104_PRIOCOMP_12.7",-17.47636,-149.82899,"2017","Priolepis compita",4.99109901536184
"105",105,"Moorea","Piahena1","B3","Forereef","10/13/17",12.9,280,"MOO17","105","MOO17_105","Gobiidae","Priolepis","compita","PRIOCOMP",11.6,14.6,0.058,"MOO17_105_PRIOCOMP_11.6",-17.47636,-149.82899,"2017","Priolepis compita",4.99109901536184
"106",106,"Moorea","Piahena1","B3","Forereef","10/13/17",12.9,280,"MOO17","106","MOO17_106","Gobiidae","Priolepis","compita","PRIOCOMP",12.4,17.2,0.053,"MOO17_106_PRIOCOMP_12.4",-17.47636,-149.82899,"2017","Priolepis compita",4.99109901536184
"107",107,"Moorea","Piahena1","B3","Forereef","10/13/17",12.9,280,"MOO17","107","MOO17_107","Serranidae","Pseudogramma","polyacanthum","PSEUPOLY",23,27.8,0.28,"MOO17_107_PSEUPOLY_23",-17.47636,-149.82899,"2017","Pseudogramma polyacanthum",4.99109901536184
"108",108,"Moorea","Piahena1","B3","Forereef","10/13/17",12.9,280,"MOO17","108","MOO17_108","Serranidae","Pseudogramma","polyacanthum","PSEUPOLY",27.6,32.8,0.5,"MOO17_108_PSEUPOLY_27.6",-17.47636,-149.82899,"2017","Pseudogramma polyacanthum",4.99109901536184
"109",109,"Moorea","Piahena1","B3","Forereef","10/13/17",12.9,280,"MOO17","109","MOO17_109","Serranidae","Pseudogramma","polyacanthum","PSEUPOLY",36.9,44.7,1.363,"MOO17_109_PSEUPOLY_36.9",-17.47636,-149.82899,"2017","Pseudogramma polyacanthum",4.99109901536184
"110",110,"Moorea","Piahena1","B3","Forereef","10/13/17",12.9,280,"MOO17","110","MOO17_110","Serranidae","Pseudogramma","polyacanthum","PSEUPOLY",14.1,16.8,0.058,"MOO17_110_PSEUPOLY_14.1",-17.47636,-149.82899,"2017","Pseudogramma polyacanthum",4.99109901536184
"111",111,"Moorea","Piahena1","B3","Forereef","10/13/17",12.9,280,"MOO17","111","MOO17_111","Gobiidae","Eviota","albolineata","EVIOALBO",15.6,18.5,0.06,"MOO17_111_EVIOALBO_15.6",-17.47636,-149.82899,"2017","Eviota albolineata",4.99109901536184
"112",112,"Moorea","Piahena1","B3","Forereef","10/13/17",12.9,280,"MOO17","112","MOO17_112","Gobiidae","Eviota","albolineata","EVIOALBO",15.3,19.4,0.08,"MOO17_112_EVIOALBO_15.3",-17.47636,-149.82899,"2017","Eviota albolineata",4.99109901536184
"113",113,"Moorea","Piahena1","B3","Forereef","10/13/17",12.9,280,"MOO17","113","MOO17_113","Labridae","Cirrhilabrus","exquisitus","CIRREXQU",21.5,27.8,0.344,"MOO17_113_CIRREXQU_21.5",-17.47636,-149.82899,"2017","Cirrhilabrus exquisitus",4.99109901536184
"114",114,"Moorea","Piahena1","B3","Forereef","10/13/17",12.9,280,"MOO17","114","MOO17_114","Labridae","Pseudocheilinus","hexataenia","PSEUHEXA",41.9,52.2,2.318,"MOO17_114_PSEUHEXA_41.9",-17.47636,-149.82899,"2017","Pseudocheilinus hexataenia",4.99109901536184
"115",115,"Moorea","Piahena1","B3","Forereef","10/13/17",12.9,280,"MOO17","115","MOO17_115","Serranidae","Pseudogramma","polyacanthum","PSEUPOLY",30.3,36.9,0.82,"MOO17_115_PSEUPOLY_30.3",-17.47636,-149.82899,"2017","Pseudogramma polyacanthum",4.99109901536184
"116",116,"Moorea","Piahena1","B3","Forereef","10/13/17",12.9,280,"MOO17","116","MOO17_116","Serranidae","Plectranthias","nanus","PLECNANU",24.2,31,0.525,"MOO17_116_PLECNANU_24.2",-17.47636,-149.82899,"2017","Plectranthias nanus",4.99109901536184
"117",117,"Moorea","Piahena1","B3","Forereef","10/13/17",12.9,280,"MOO17","117","MOO17_117","Labridae","Pseudocheilinus","hexataenia","PSEUHEXA",24.7,30.5,0.543,"MOO17_117_PSEUHEXA_24.7",-17.47636,-149.82899,"2017","Pseudocheilinus hexataenia",4.99109901536184
"118",118,"Moorea","Piahena1","B3","Forereef","10/13/17",12.9,280,"MOO17","118","MOO17_118","Pomacentridae","Chromis","iomelas","CHROIOME",25.4,39,0.717,"MOO17_118_CHROIOME_25.4",-17.47636,-149.82899,"2017","Chromis iomelas",4.99109901536184
"119",119,"Moorea","Piahena1","B3","Forereef","10/13/17",12.9,280,"MOO17","119","MOO17_119","Gobiidae","Trimmatom","eviotops","TRIMEVIO",7.8,9.1,0.014,"MOO17_119_TRIMEVIO_7.8",-17.47636,-149.82899,"2017","Trimmatom eviotops",4.99109901536184
"120",120,"Moorea","Piahena2","B4","Backreef","10/13/17",1.8,270,"MOO17","120","MOO17_120","Gobiidae","Priolepis","semidoliata","PRIOSEMI",17.4,23.5,0.163,"MOO17_120_PRIOSEMI_17.4",-17.48301,-149.82947,"2017","Priolepis semidoliata",4.64095814055967
"121",121,"Moorea","Piahena2","B4","Backreef","10/13/17",1.8,270,"MOO17","121","MOO17_121","Gobiidae","Priolepis","semidoliata","PRIOSEMI",25.5,30.1,0.345,"MOO17_121_PRIOSEMI_25.5",-17.48301,-149.82947,"2017","Priolepis semidoliata",4.64095814055967
"122",122,"Moorea","Piahena2","B4","Backreef","10/13/17",1.8,270,"MOO17","122","MOO17_122","Gobiidae","Priolepis","semidoliata","PRIOSEMI",20.4,26.7,0.229,"MOO17_122_PRIOSEMI_20.4",-17.48301,-149.82947,"2017","Priolepis semidoliata",4.64095814055967
"123",123,"Moorea","Piahena2","B4","Backreef","10/13/17",1.8,270,"MOO17","123","MOO17_123","Gobiidae","Priolepis","semidoliata","PRIOSEMI",17,23.5,0.164,"MOO17_123_PRIOSEMI_17",-17.48301,-149.82947,"2017","Priolepis semidoliata",4.64095814055967
"124",124,"Moorea","Piahena2","B4","Backreef","10/13/17",1.8,270,"MOO17","124","MOO17_124","Gobiidae","Priolepis","semidoliata","PRIOSEMI",19.3,25.8,0.187,"MOO17_124_PRIOSEMI_19.3",-17.48301,-149.82947,"2017","Priolepis semidoliata",4.64095814055967
"125",125,"Moorea","Piahena2","B4","Backreef","10/13/17",1.8,270,"MOO17","125","MOO17_125","Gobiidae","Priolepis","semidoliata","PRIOSEMI",17.7,24.3,0.146,"MOO17_125_PRIOSEMI_17.7",-17.48301,-149.82947,"2017","Priolepis semidoliata",4.64095814055967
"126",126,"Moorea","Piahena2","B4","Backreef","10/13/17",1.8,270,"MOO17","126","MOO17_126","Blenniidae","Glyptoparus","delicatulus","GLYPDELI",24.1,28.3,0.238,"MOO17_126_GLYPDELI_24.1",-17.48301,-149.82947,"2017","Glyptoparus delicatulus",4.64095814055967
"127",127,"Moorea","Piahena2","B4","Backreef","10/13/17",1.8,270,"MOO17","127","MOO17_127","Gobiidae","Eviota","afelei","EVIOAFEL",15.7,19.8,0.078,"MOO17_127_EVIOAFEL_15.7",-17.48301,-149.82947,"2017","Eviota afelei",4.64095814055967
"128",128,"Moorea","Piahena2","B4","Backreef","10/13/17",1.8,270,"MOO17","128","MOO17_128","Gobiidae","Eviota","afelei","EVIOAFEL",14.6,19,0.072,"MOO17_128_EVIOAFEL_14.6",-17.48301,-149.82947,"2017","Eviota afelei",4.64095814055967
"129",129,"Moorea","Piahena2","B4","Backreef","10/13/17",1.8,270,"MOO17","129","MOO17_129","Gobiidae","Fusigobius","neophytus","FUSINEOP",28.5,35.6,0.408,"MOO17_129_FUSINEOP_28.5",-17.48301,-149.82947,"2017","Fusigobius neophytus",4.64095814055967
"130",130,"Moorea","Piahena2","B4","Backreef","10/13/17",1.8,270,"MOO17","130","MOO17_130","Gobiidae","Gnatholepis","cauerensis","GNATCAUE",22.3,28.9,0.222,"MOO17_130_GNATCAUE_22.3",-17.48301,-149.82947,"2017","Gnatholepis cauerensis",4.64095814055967
"131",131,"Moorea","Piahena2","B4","Backreef","10/13/17",1.8,270,"MOO17","131","MOO17_131","Gobiidae","Eviota","infulata","EVIOINFU",10.9,13.7,0.029,"MOO17_131_EVIOINFU_10.9",-17.48301,-149.82947,"2017","Eviota infulata",4.64095814055967
"132",132,"Moorea","Piahena2","B4","Backreef","10/13/17",1.8,270,"MOO17","132","MOO17_132","Apogonidae","Pristiapogon","exostigma","PRISEXOS",26.3,33.9,0.433,"MOO17_132_PRISEXOS_26.3",-17.48301,-149.82947,"2017","Pristiapogon exostigma",4.64095814055967
"133",133,"Moorea","Piahena2","B4","Backreef","10/13/17",1.8,270,"MOO17","133","MOO17_133","Gobiidae","Pleurosicya","labiata","PLEULABI",8.8,10.8,0.009,"MOO17_133_PLEULABI_8.8",-17.48301,-149.82947,"2017","Pleurosicya labiata",4.64095814055967
"134",134,"Moorea","Piahena2","B4","Backreef","10/13/17",1.8,270,"MOO17","134","MOO17_134","Apogonidae","Pristiapogon","exostigma","PRISEXOS",25.5,32.2,0.393,"MOO17_134_PRISEXOS_25.5",-17.48301,-149.82947,"2017","Pristiapogon exostigma",4.64095814055967
"135",135,"Moorea","Piahena2","B4","Backreef","10/13/17",1.8,270,"MOO17","135","MOO17_135","Apogonidae","Pristiapogon","exostigma","PRISEXOS",20.3,25.9,0.188,"MOO17_135_PRISEXOS_20.3",-17.48301,-149.82947,"2017","Pristiapogon exostigma",4.64095814055967
"136",136,"Moorea","Piahena2","B4","Backreef","10/13/17",1.8,270,"MOO17","136","MOO17_136","Apogonidae","Pristiapogon","exostigma","PRISEXOS",18.6,23.3,0.121,"MOO17_136_PRISEXOS_18.6",-17.48301,-149.82947,"2017","Pristiapogon exostigma",4.64095814055967
"137",137,"Moorea","Piahena2","B4","Backreef","10/13/17",1.8,270,"MOO17","137","MOO17_137","Gobiidae","Gnatholepis","cauerensis","GNATCAUE",22.9,27.4,0.225,"MOO17_137_GNATCAUE_22.9",-17.48301,-149.82947,"2017","Gnatholepis cauerensis",4.64095814055967
"138",138,"Moorea","Piahena2","B4","Backreef","10/13/17",1.8,270,"MOO17","138","MOO17_138","Gobiidae","Fusigobius","neophytus","FUSINEOP",34.2,43.2,0.878,"MOO17_138_FUSINEOP_34.2",-17.48301,-149.82947,"2017","Fusigobius neophytus",4.64095814055967
"139",139,"Moorea","Piahena2","B4","Backreef","10/13/17",1.8,270,"MOO17","139","MOO17_139","Gobiidae","Fusigobius","neophytus","FUSINEOP",25.4,31.6,0.312,"MOO17_139_FUSINEOP_25.4",-17.48301,-149.82947,"2017","Fusigobius neophytus",4.64095814055967
"140",140,"Moorea","Piahena2","B4","Backreef","10/13/17",1.8,270,"MOO17","140","MOO17_140","Gobiidae","Fusigobius","neophytus","FUSINEOP",27.8,35.8,0.451,"MOO17_140_FUSINEOP_27.8",-17.48301,-149.82947,"2017","Fusigobius neophytus",4.64095814055967
"141",141,"Moorea","Piahena2","B4","Backreef","10/13/17",1.8,270,"MOO17","141","MOO17_141","Gobiidae","Fusigobius","neophytus","FUSINEOP",23.4,27.1,0.188,"MOO17_141_FUSINEOP_23.4",-17.48301,-149.82947,"2017","Fusigobius neophytus",4.64095814055967
"142",142,"Moorea","Piahena2","B4","Backreef","10/13/17",1.8,270,"MOO17","142","MOO17_142","Gobiidae","Fusigobius","neophytus","FUSINEOP",21.5,27.4,0.199,"MOO17_142_FUSINEOP_21.5",-17.48301,-149.82947,"2017","Fusigobius neophytus",4.64095814055967
"143",143,"Moorea","Piahena2","B4","Backreef","10/13/17",1.8,270,"MOO17","143","MOO17_143","Blenniidae","Glyptoparus","delicatulus","GLYPDELI",19.8,23.7,0.188,"MOO17_143_GLYPDELI_19.8",-17.48301,-149.82947,"2017","Glyptoparus delicatulus",4.64095814055967
"144",144,"Moorea","Piahena2","B4","Backreef","10/13/17",1.8,270,"MOO17","144","MOO17_144","Blenniidae","Glyptoparus","delicatulus","GLYPDELI",13,16.5,0.04,"MOO17_144_GLYPDELI_13",-17.48301,-149.82947,"2017","Glyptoparus delicatulus",4.64095814055967
"145",145,"Moorea","Piahena2","B4","Backreef","10/13/17",1.8,270,"MOO17","145","MOO17_145","Blenniidae","Glyptoparus","delicatulus","GLYPDELI",13,16,0.038,"MOO17_145_GLYPDELI_13",-17.48301,-149.82947,"2017","Glyptoparus delicatulus",4.64095814055967
"146",146,"Moorea","Piahena2","B4","Backreef","10/13/17",1.8,270,"MOO17","146","MOO17_146","Gobiidae","Eviota","disrupta","EVIODISR",10.8,13.1,0.031,"MOO17_146_EVIODISR_10.8",-17.48301,-149.82947,"2017","Eviota disrupta",4.64095814055967
"147",147,"Moorea","Piahena2","B4","Backreef","10/13/17",1.8,270,"MOO17","147","MOO17_147","Gobiidae","Eviota","disrupta","EVIODISR",11.4,14.6,0.034,"MOO17_147_EVIODISR_11.4",-17.48301,-149.82947,"2017","Eviota disrupta",4.64095814055967
"148",148,"Moorea","Piahena2","B4","Backreef","10/13/17",1.8,270,"MOO17","148","MOO17_148","Gobiidae","Eviota","disrupta","EVIODISR",11.4,14.8,0.03,"MOO17_148_EVIODISR_11.4",-17.48301,-149.82947,"2017","Eviota disrupta",4.64095814055967
"149",149,"Moorea","Piahena2","B4","Backreef","10/13/17",1.8,270,"MOO17","149","MOO17_149","Gobiidae","Eviota","disrupta","EVIODISR",11.6,15.6,0.039,"MOO17_149_EVIODISR_11.6",-17.48301,-149.82947,"2017","Eviota disrupta",4.64095814055967
"150",150,"Moorea","Piahena2","B4","Backreef","10/13/17",1.8,270,"MOO17","150","MOO17_150","Gobiidae","Eviota","disrupta","EVIODISR",9.8,12.6,0.023,"MOO17_150_EVIODISR_9.8",-17.48301,-149.82947,"2017","Eviota disrupta",4.64095814055967
"151",151,"Moorea","Piahena2","B4","Backreef","10/13/17",1.8,270,"MOO17","151","MOO17_151","Gobiidae","Eviota","afelei","EVIOAFEL",9.9,13.5,0.022,"MOO17_151_EVIOAFEL_9.9",-17.48301,-149.82947,"2017","Eviota afelei",4.64095814055967
"152",152,"Moorea","Piahena2","B4","Backreef","10/13/17",1.8,270,"MOO17","152","MOO17_152","Gobiidae","Eviota","afelei","EVIOAFEL",10.1,12.3,0.024,"MOO17_152_EVIOAFEL_10.1",-17.48301,-149.82947,"2017","Eviota afelei",4.64095814055967
"153",153,"Moorea","Piahena2","B4","Backreef","10/13/17",1.8,270,"MOO17","153","MOO17_153","Gobiidae","Eviota","afelei","EVIOAFEL",10.5,13,0.024,"MOO17_153_EVIOAFEL_10.5",-17.48301,-149.82947,"2017","Eviota afelei",4.64095814055967
"154",154,"Moorea","Piahena2","B4","Backreef","10/13/17",1.8,270,"MOO17","154","MOO17_154","Gobiidae","Eviota","afelei","EVIOAFEL",11.1,13.1,0.028,"MOO17_154_EVIOAFEL_11.1",-17.48301,-149.82947,"2017","Eviota afelei",4.64095814055967
"155",155,"Moorea","Piahena2","B4","Backreef","10/13/17",1.8,270,"MOO17","155","MOO17_155","Gobiidae","Eviota","disrupta","EVIODISR",8.4,10.8,0.013,"MOO17_155_EVIODISR_8.4",-17.48301,-149.82947,"2017","Eviota disrupta",4.64095814055967
"156",156,"Moorea","Piahena2","B4","Backreef","10/13/17",1.8,270,"MOO17","156","MOO17_156","Gobiidae","Eviota","afelei","EVIOAFEL",8.8,11.2,0.017,"MOO17_156_EVIOAFEL_8.8",-17.48301,-149.82947,"2017","Eviota afelei",4.64095814055967
"157",157,"Moorea","Piahena2","B4","Backreef","10/13/17",1.8,270,"MOO17","157","MOO17_157","Gobiidae","Eviota","afelei","EVIOAFEL",7.1,8.8,0.008,"MOO17_157_EVIOAFEL_7.1",-17.48301,-149.82947,"2017","Eviota afelei",4.64095814055967
"158",158,"Moorea","Piahena2","B4","Backreef","10/13/17",1.8,270,"MOO17","158","MOO17_158","Gobiidae","Eviota","afelei","EVIOAFEL",7.8,9.9,0.008,"MOO17_158_EVIOAFEL_7.8",-17.48301,-149.82947,"2017","Eviota afelei",4.64095814055967
"159",159,"Moorea","Piahena2","B4","Backreef","10/13/17",1.8,270,"MOO17","159","MOO17_159","Gobiidae","Eviota","afelei","EVIOAFEL",7.2,8.6,0.008,"MOO17_159_EVIOAFEL_7.2",-17.48301,-149.82947,"2017","Eviota afelei",4.64095814055967
"160",160,"Moorea","Piahena2","B4","Backreef","10/13/17",1.8,270,"MOO17","160","MOO17_160","Blenniidae","Glyptoparus","delicatulus","GLYPDELI",11.8,14,0.022,"MOO17_160_GLYPDELI_11.8",-17.48301,-149.82947,"2017","Glyptoparus delicatulus",4.64095814055967
"161",161,"Moorea","Piahena2","B4","Backreef","10/13/17",1.8,270,"MOO17","161","MOO17_161","Gobiidae","Eviota","infulata","EVIOINFU",10.2,13.2,0.024,"MOO17_161_EVIOINFU_10.2",-17.48301,-149.82947,"2017","Eviota infulata",4.64095814055967
"162",162,"Moorea","Piahena2","B4","Backreef","10/13/17",1.8,270,"MOO17","162","MOO17_162","Gobiidae","Eviota","infulata","EVIOINFU",10.3,12.3,0.022,"MOO17_162_EVIOINFU_10.3",-17.48301,-149.82947,"2017","Eviota infulata",4.64095814055967
"163",163,"Moorea","Piahena2","B4","Backreef","10/13/17",1.8,270,"MOO17","163","MOO17_163","Gobiidae","Eviota","infulata","EVIOINFU",10.8,13.2,0.023,"MOO17_163_EVIOINFU_10.8",-17.48301,-149.82947,"2017","Eviota infulata",4.64095814055967
"164",164,"Moorea","Piahena2","B4","Backreef","10/13/17",1.8,270,"MOO17","164","MOO17_164","Gobiidae","Eviota","infulata","EVIOINFU",9.6,10.9,0.019,"MOO17_164_EVIOINFU_9.6",-17.48301,-149.82947,"2017","Eviota infulata",4.64095814055967
"165",165,"Moorea","Piahena2","B4","Backreef","10/13/17",1.8,270,"MOO17","165","MOO17_165","Gobiidae","Eviota","infulata","EVIOINFU",9.8,12.1,0.015,"MOO17_165_EVIOINFU_9.8",-17.48301,-149.82947,"2017","Eviota infulata",4.64095814055967
"166",166,"Moorea","Piahena2","B4","Backreef","10/13/17",1.8,270,"MOO17","166","MOO17_166","Gobiidae","Eviota","infulata","EVIOINFU",10,12.1,0.021,"MOO17_166_EVIOINFU_10",-17.48301,-149.82947,"2017","Eviota infulata",4.64095814055967
"167",167,"Moorea","Piahena2","B4","Backreef","10/13/17",1.8,270,"MOO17","167","MOO17_167","Gobiidae","Eviota","infulata","EVIOINFU",9.6,10.4,0.013,"MOO17_167_EVIOINFU_9.6",-17.48301,-149.82947,"2017","Eviota infulata",4.64095814055967
"168",168,"Moorea","Piahena2","B4","Backreef","10/13/17",1.8,270,"MOO17","168","MOO17_168","Gobiidae","Eviota","disrupta","EVIODISR",6.3,7.6,0.006,"MOO17_168_EVIODISR_6.3",-17.48301,-149.82947,"2017","Eviota disrupta",4.64095814055967
"169",169,"Moorea","Piahena2","B4","Backreef","10/13/17",1.8,270,"MOO17","169","MOO17_169","Gobiidae","Eviota","infulata","EVIOINFU",6.7,7.9,0.006,"MOO17_169_EVIOINFU_6.7",-17.48301,-149.82947,"2017","Eviota infulata",4.64095814055967
"170",170,"Moorea","Piahena2","B4","Backreef","10/13/17",1.8,270,"MOO17","170","MOO17_170","Gobiidae","Eviota","infulata","EVIOINFU",5.6,7.3,0.003,"MOO17_170_EVIOINFU_5.6",-17.48301,-149.82947,"2017","Eviota infulata",4.64095814055967
"171",171,"Moorea","Tetaiuo2","B5","Backreef","10/14/17",1.6,260,"MOO17","171","MOO17_171","Gobiidae","Paragobiodon","modestus","PARAMODE",7.8,9.6,0.014,"MOO17_171_PARAMODE_7.8",-17.50804,-149.92284,"2017","Paragobiodon modestus",4.30354966120485
"172",172,"Moorea","Tetaiuo2","B5","Backreef","10/14/17",1.6,260,"MOO17","172","MOO17_172","Blenniidae","Enchelyurus","ater","ENCHATER",13.1,15.1,0.046,"MOO17_172_ENCHATER_13.1",-17.50804,-149.92284,"2017","Enchelyurus ater",4.30354966120485
"173",173,"Moorea","Tetaiuo2","B5","Backreef","10/14/17",1.6,260,"MOO17","173","MOO17_173","Scorpaenidae","Scorpaenodes","varipinnis","SCORVARI",11.5,15.5,0.062,"MOO17_173_SCORVARI_11.5",-17.50804,-149.92284,"2017","Scorpaenodes varipinnis",4.30354966120485
"174",174,"Moorea","Tetaiuo2","B5","Backreef","10/14/17",1.6,260,"MOO17","174","MOO17_174","Apogonidae","Apogon","crassiceps","APOGCRAS",27.4,37.4,0.699,"MOO17_174_APOGCRAS_27.4",-17.50804,-149.92284,"2017","Apogon crassiceps",4.30354966120485
"175",175,"Moorea","Tetaiuo2","B5","Backreef","10/14/17",1.6,260,"MOO17","175","MOO17_175","Apogonidae","Nectamia","savayensis","NECTSAVA",27.8,38.1,0.802,"MOO17_175_NECTSAVA_27.8",-17.50804,-149.92284,"2017","Nectamia savayensis",4.30354966120485
"176",176,"Moorea","Tetaiuo2","B5","Backreef","10/14/17",1.6,260,"MOO17","176","MOO17_176","Apogonidae","Pristiapogon","exostigma","PRISEXOS",26.9,36,0.499,"MOO17_176_PRISEXOS_26.9",-17.50804,-149.92284,"2017","Pristiapogon exostigma",4.30354966120485
"177",177,"Moorea","Tetaiuo2","B5","Backreef","10/14/17",1.6,260,"MOO17","177","MOO17_177","Apogonidae","Nectamia","savayensis","NECTSAVA",26.8,39,0.841,"MOO17_177_NECTSAVA_26.8",-17.50804,-149.92284,"2017","Nectamia savayensis",4.30354966120485
"178",178,"Moorea","Tetaiuo2","B5","Backreef","10/14/17",1.6,260,"MOO17","178","MOO17_178","Serranidae","Pseudogramma","polyacanthum","PSEUPOLY",32.9,40.6,0.86,"MOO17_178_PSEUPOLY_32.9",-17.50804,-149.92284,"2017","Pseudogramma polyacanthum",4.30354966120485
"179",179,"Moorea","Tetaiuo2","B5","Backreef","10/14/17",1.6,260,"MOO17","179","MOO17_179","Labridae","Thalassoma","lutescens","THALLUTE",19.2,23.3,0.168,"MOO17_179_THALLUTE_19.2",-17.50804,-149.92284,"2017","Thalassoma lutescens",4.30354966120485
"180",180,"Moorea","Tetaiuo2","B5","Backreef","10/14/17",1.6,260,"MOO17","180","MOO17_180","Muraenidae","Uropterygius","xanthopterus","UROPALBO",100.3,102.3,0.737,"MOO17_180_UROPALBO_100.3",-17.50804,-149.92284,"2017","Uropterygius xanthopterus",4.30354966120485
"181",181,"Moorea","Tetaiuo2","B5","Backreef","10/14/17",1.6,260,"MOO17","181","MOO17_181","Gobiidae","Gnatholepis","cauerensis","GNATCAUE",31.6,42.1,0.622,"MOO17_181_GNATCAUE_31.6",-17.50804,-149.92284,"2017","Gnatholepis cauerensis",4.30354966120485
"182",182,"Moorea","Tetaiuo2","B5","Backreef","10/14/17",1.6,260,"MOO17","182","MOO17_182","Gobiidae","Fusigobius","neophytus","FUSINEOP",37.2,48.8,1.155,"MOO17_182_FUSINEOP_37.2",-17.50804,-149.92284,"2017","Fusigobius neophytus",4.30354966120485
"183",183,"Moorea","Tetaiuo2","B5","Backreef","10/14/17",1.6,260,"MOO17","183","MOO17_183","Gobiidae","Fusigobius","neophytus","FUSINEOP",28.3,35.1,0.438,"MOO17_183_FUSINEOP_28.3",-17.50804,-149.92284,"2017","Fusigobius neophytus",4.30354966120485
"184",184,"Moorea","Tetaiuo2","B5","Backreef","10/14/17",1.6,260,"MOO17","184","MOO17_184","Gobiidae","Gnatholepis","cauerensis","GNATCAUE",21.3,26.6,0.18,"MOO17_184_GNATCAUE_21.3",-17.50804,-149.92284,"2017","Gnatholepis cauerensis",4.30354966120485
"185",185,"Moorea","Tetaiuo2","B5","Backreef","10/14/17",1.6,260,"MOO17","185","MOO17_185","Gobiidae","Fusigobius","neophytus","FUSINEOP",18.6,22.7,0.118,"MOO17_185_FUSINEOP_18.6",-17.50804,-149.92284,"2017","Fusigobius neophytus",4.30354966120485
"186",186,"Moorea","Tetaiuo2","B5","Backreef","10/14/17",1.6,260,"MOO17","186","MOO17_186","Blenniidae","Glyptoparus","delicatulus","GLYPDELI",22.1,26.2,0.188,"MOO17_186_GLYPDELI_22.1",-17.50804,-149.92284,"2017","Glyptoparus delicatulus",4.30354966120485
"187",187,"Moorea","Tetaiuo2","B5","Backreef","10/14/17",1.6,260,"MOO17","187","MOO17_187","Gobiidae","Eviota","albolineata","EVIOALBO",19.2,23.8,0.133,"MOO17_187_EVIOALBO_19.2",-17.50804,-149.92284,"2017","Eviota albolineata",4.30354966120485
"188",188,"Moorea","Tetaiuo2","B5","Backreef","10/14/17",1.6,260,"MOO17","188","MOO17_188","Gobiidae","Eviota","afelei","EVIOAFEL",14.3,17.9,0.058,"MOO17_188_EVIOAFEL_14.3",-17.50804,-149.92284,"2017","Eviota afelei",4.30354966120485
"189",189,"Moorea","Tetaiuo2","B5","Backreef","10/14/17",1.6,260,"MOO17","189","MOO17_189","Gobiidae","Eviota","afelei","EVIOAFEL",13.6,17.2,0.06,"MOO17_189_EVIOAFEL_13.6",-17.50804,-149.92284,"2017","Eviota afelei",4.30354966120485
"190",190,"Moorea","Tetaiuo2","B5","Backreef","10/14/17",1.6,260,"MOO17","190","MOO17_190","Gobiidae","Eviota","afelei","EVIOAFEL",12.6,15.3,0.043,"MOO17_190_EVIOAFEL_12.6",-17.50804,-149.92284,"2017","Eviota afelei",4.30354966120485
"191",191,"Moorea","Tetaiuo2","B5","Backreef","10/14/17",1.6,260,"MOO17","191","MOO17_191","Gobiidae","Eviota","afelei","EVIOAFEL",13.4,17.2,0.066,"MOO17_191_EVIOAFEL_13.4",-17.50804,-149.92284,"2017","Eviota afelei",4.30354966120485
"192",192,"Moorea","Tetaiuo2","B5","Backreef","10/14/17",1.6,260,"MOO17","192","MOO17_192","Gobiidae","Eviota","afelei","EVIOAFEL",12.7,16.7,0.041,"MOO17_192_EVIOAFEL_12.7",-17.50804,-149.92284,"2017","Eviota afelei",4.30354966120485
"193",193,"Moorea","Tetaiuo2","B5","Backreef","10/14/17",1.6,260,"MOO17","193","MOO17_193","Gobiidae","Eviota","afelei","EVIOAFEL",13.7,18.1,0.058,"MOO17_193_EVIOAFEL_13.7",-17.50804,-149.92284,"2017","Eviota afelei",4.30354966120485
"194",194,"Moorea","Tetaiuo2","B5","Backreef","10/14/17",1.6,260,"MOO17","194","MOO17_194","Gobiidae","Eviota","afelei","EVIOAFEL",13.4,16.9,0.052,"MOO17_194_EVIOAFEL_13.4",-17.50804,-149.92284,"2017","Eviota afelei",4.30354966120485
"195",195,"Moorea","Tetaiuo2","B5","Backreef","10/14/17",1.6,260,"MOO17","195","MOO17_195","Gobiidae","Eviota","afelei","EVIOAFEL",14.6,18.3,0.065,"MOO17_195_EVIOAFEL_14.6",-17.50804,-149.92284,"2017","Eviota afelei",4.30354966120485
"196",196,"Moorea","Tetaiuo2","B5","Backreef","10/14/17",1.6,260,"MOO17","196","MOO17_196","Gobiidae","Eviota","afelei","EVIOAFEL",14.5,18.4,0.061,"MOO17_196_EVIOAFEL_14.5",-17.50804,-149.92284,"2017","Eviota afelei",4.30354966120485
"197",197,"Moorea","Tetaiuo2","B5","Backreef","10/14/17",1.6,260,"MOO17","197","MOO17_197","Gobiidae","Eviota","afelei","EVIOAFEL",12.7,15.6,0.058,"MOO17_197_EVIOAFEL_12.7",-17.50804,-149.92284,"2017","Eviota afelei",4.30354966120485
"198",198,"Moorea","Tetaiuo2","B5","Backreef","10/14/17",1.6,260,"MOO17","198","MOO17_198","Blenniidae","Glyptoparus","delicatulus","GLYPDELI",20.8,24.4,0.15,"MOO17_198_GLYPDELI_20.8",-17.50804,-149.92284,"2017","Glyptoparus delicatulus",4.30354966120485
"199",199,"Moorea","Tetaiuo2","B5","Backreef","10/14/17",1.6,260,"MOO17","199","MOO17_199","Blenniidae","Glyptoparus","delicatulus","GLYPDELI",22,26.6,0.195,"MOO17_199_GLYPDELI_22",-17.50804,-149.92284,"2017","Glyptoparus delicatulus",4.30354966120485
"200",200,"Moorea","Tetaiuo2","B5","Backreef","10/14/17",1.6,260,"MOO17","200","MOO17_200","Blenniidae","Glyptoparus","delicatulus","GLYPDELI",17.1,21.5,0.085,"MOO17_200_GLYPDELI_17.1",-17.50804,-149.92284,"2017","Glyptoparus delicatulus",4.30354966120485
"201",201,"Moorea","Tetaiuo2","B5","Backreef","10/14/17",1.6,260,"MOO17","201","MOO17_201","Blenniidae","Glyptoparus","delicatulus","GLYPDELI",11.5,14.1,0.016,"MOO17_201_GLYPDELI_11.5",-17.50804,-149.92284,"2017","Glyptoparus delicatulus",4.30354966120485
"202",202,"Moorea","Tetaiuo2","B5","Backreef","10/14/17",1.6,260,"MOO17","202","MOO17_202","Blenniidae","Glyptoparus","delicatulus","GLYPDELI",12.2,14.4,0.033,"MOO17_202_GLYPDELI_12.2",-17.50804,-149.92284,"2017","Glyptoparus delicatulus",4.30354966120485
"203",203,"Moorea","Tetaiuo2","B5","Backreef","10/14/17",1.6,260,"MOO17","203","MOO17_203","Blenniidae","Glyptoparus","delicatulus","GLYPDELI",12.4,14.9,0.026,"MOO17_203_GLYPDELI_12.4",-17.50804,-149.92284,"2017","Glyptoparus delicatulus",4.30354966120485
"204",204,"Moorea","Tetaiuo2","B5","Backreef","10/14/17",1.6,260,"MOO17","204","MOO17_204","Gobiidae","Eviota","albolineata","EVIOALBO",19.7,23.3,0.121,"MOO17_204_EVIOALBO_19.7",-17.50804,-149.92284,"2017","Eviota albolineata",4.30354966120485
"205",205,"Moorea","Tetaiuo2","B5","Backreef","10/14/17",1.6,260,"MOO17","205","MOO17_205","Gobiidae","Eviota","albolineata","EVIOALBO",18.7,23.4,0.141,"MOO17_205_EVIOALBO_18.7",-17.50804,-149.92284,"2017","Eviota albolineata",4.30354966120485
"206",206,"Moorea","Tetaiuo2","B5","Backreef","10/14/17",1.6,260,"MOO17","206","MOO17_206","Gobiidae","Eviota","albolineata","EVIOALBO",17.1,21,0.091,"MOO17_206_EVIOALBO_17.1",-17.50804,-149.92284,"2017","Eviota albolineata",4.30354966120485
"207",207,"Moorea","Tetaiuo2","B5","Backreef","10/14/17",1.6,260,"MOO17","207","MOO17_207","Gobiidae","Eviota","albolineata","EVIOALBO",18.4,22.2,0.111,"MOO17_207_EVIOALBO_18.4",-17.50804,-149.92284,"2017","Eviota albolineata",4.30354966120485
"208",208,"Moorea","Tetaiuo2","B5","Backreef","10/14/17",1.6,260,"MOO17","208","MOO17_208","Gobiidae","Eviota","albolineata","EVIOALBO",17.5,22.3,0.105,"MOO17_208_EVIOALBO_17.5",-17.50804,-149.92284,"2017","Eviota albolineata",4.30354966120485
"209",209,"Moorea","Tetaiuo2","B5","Backreef","10/14/17",1.6,260,"MOO17","209","MOO17_209","Gobiidae","Eviota","albolineata","EVIOALBO",15.9,19.6,0.073,"MOO17_209_EVIOALBO_15.9",-17.50804,-149.92284,"2017","Eviota albolineata",4.30354966120485
"210",210,"Moorea","Tetaiuo2","B5","Backreef","10/14/17",1.6,260,"MOO17","210","MOO17_210","Gobiidae","Eviota","albolineata","EVIOALBO",16.4,20.9,0.083,"MOO17_210_EVIOALBO_16.4",-17.50804,-149.92284,"2017","Eviota albolineata",4.30354966120485
"211",211,"Moorea","Tetaiuo2","B5","Backreef","10/14/17",1.6,260,"MOO17","211","MOO17_211","Gobiidae","Eviota","albolineata","EVIOALBO",16.4,20.7,0.084,"MOO17_211_EVIOALBO_16.4",-17.50804,-149.92284,"2017","Eviota albolineata",4.30354966120485
"212",212,"Moorea","Tetaiuo2","B5","Backreef","10/14/17",1.6,260,"MOO17","212","MOO17_212","Gobiidae","Eviota","albolineata","EVIOALBO",17.5,22,0.092,"MOO17_212_EVIOALBO_17.5",-17.50804,-149.92284,"2017","Eviota albolineata",4.30354966120485
"213",213,"Moorea","Tetaiuo2","B5","Backreef","10/14/17",1.6,260,"MOO17","213","MOO17_213","Blenniidae","Glyptoparus","delicatulus","GLYPDELI",11.7,14.5,0.026,"MOO17_213_GLYPDELI_11.7",-17.50804,-149.92284,"2017","Glyptoparus delicatulus",4.30354966120485
"214",214,"Moorea","Tetaiuo2","B5","Backreef","10/14/17",1.6,260,"MOO17","214","MOO17_214","Gobiidae","Eviota","infulata","EVIOINFU",11.2,13.6,0.021,"MOO17_214_EVIOINFU_11.2",-17.50804,-149.92284,"2017","Eviota infulata",4.30354966120485
"215",215,"Moorea","Tetaiuo2","B5","Backreef","10/14/17",1.6,260,"MOO17","215","MOO17_215","Muraenidae","Uropterygius","xanthopterus","UROPALBO",58,59.8,0.222,"MOO17_215_UROPALBO_58",-17.50804,-149.92284,"2017","Uropterygius xanthopterus",4.30354966120485
"216",216,"Moorea","Tetaiuo2","B5","Backreef","10/14/17",1.6,260,"MOO17","216","MOO17_216","Gobiidae","Eviota","albolineata","EVIOALBO",14.5,16.8,0.047,"MOO17_216_EVIOALBO_14.5",-17.50804,-149.92284,"2017","Eviota albolineata",4.30354966120485
"217",217,"Moorea","Tetaiuo2","B5","Backreef","10/14/17",1.6,260,"MOO17","217","MOO17_217","Gobiidae","Eviota","albolineata","EVIOALBO",14.1,17.1,0.053,"MOO17_217_EVIOALBO_14.1",-17.50804,-149.92284,"2017","Eviota albolineata",4.30354966120485
"218",218,"Moorea","Tetaiuo2","B5","Backreef","10/14/17",1.6,260,"MOO17","218","MOO17_218","Gobiidae","Eviota","albolineata","EVIOALBO",16.2,20.2,0.08,"MOO17_218_EVIOALBO_16.2",-17.50804,-149.92284,"2017","Eviota albolineata",4.30354966120485
"219",219,"Moorea","Tetaiuo2","B5","Backreef","10/14/17",1.6,260,"MOO17","219","MOO17_219","Gobiidae","Eviota","albolineata","EVIOALBO",12.8,15.4,0.027,"MOO17_219_EVIOALBO_12.8",-17.50804,-149.92284,"2017","Eviota albolineata",4.30354966120485
"220",220,"Moorea","Tetaiuo2","B5","Backreef","10/14/17",1.6,260,"MOO17","220","MOO17_220","Gobiidae","Eviota","albolineata","EVIOALBO",11.1,13.5,0.016,"MOO17_220_EVIOALBO_11.1",-17.50804,-149.92284,"2017","Eviota albolineata",4.30354966120485
"221",221,"Moorea","Tetaiuo2","B5","Backreef","10/14/17",1.6,260,"MOO17","221","MOO17_221","Gobiidae","Eviota","afelei","EVIOAFEL",12.4,14.2,0.029,"MOO17_221_EVIOAFEL_12.4",-17.50804,-149.92284,"2017","Eviota afelei",4.30354966120485
"222",222,"Moorea","Tetaiuo2","B5","Backreef","10/14/17",1.6,260,"MOO17","222","MOO17_222","Gobiidae","Eviota","afelei","EVIOAFEL",12,14.7,0.034,"MOO17_222_EVIOAFEL_12",-17.50804,-149.92284,"2017","Eviota afelei",4.30354966120485
"223",223,"Moorea","Tetaiuo2","B5","Backreef","10/14/17",1.6,260,"MOO17","223","MOO17_223","Gobiidae","Eviota","afelei","EVIOAFEL",12.8,15.9,0.046,"MOO17_223_EVIOAFEL_12.8",-17.50804,-149.92284,"2017","Eviota afelei",4.30354966120485
"224",224,"Moorea","Tetaiuo2","B5","Backreef","10/14/17",1.6,260,"MOO17","224","MOO17_224","Gobiidae","Eviota","afelei","EVIOAFEL",12.2,14.5,0.033,"MOO17_224_EVIOAFEL_12.2",-17.50804,-149.92284,"2017","Eviota afelei",4.30354966120485
"225",225,"Moorea","Tetaiuo2","B5","Backreef","10/14/17",1.6,260,"MOO17","225","MOO17_225","Gobiidae","Eviota","afelei","EVIOAFEL",12,14.9,0.037,"MOO17_225_EVIOAFEL_12",-17.50804,-149.92284,"2017","Eviota afelei",4.30354966120485
"226",226,"Moorea","Tetaiuo2","B5","Backreef","10/14/17",1.6,260,"MOO17","226","MOO17_226","Gobiidae","Eviota","afelei","EVIOAFEL",12.4,15.5,0.042,"MOO17_226_EVIOAFEL_12.4",-17.50804,-149.92284,"2017","Eviota afelei",4.30354966120485
"227",227,"Moorea","Tetaiuo2","B5","Backreef","10/14/17",1.6,260,"MOO17","227","MOO17_227","Gobiidae","Eviota","afelei","EVIOAFEL",11.1,13.4,0.025,"MOO17_227_EVIOAFEL_11.1",-17.50804,-149.92284,"2017","Eviota afelei",4.30354966120485
"228",228,"Moorea","Tetaiuo2","B5","Backreef","10/14/17",1.6,260,"MOO17","228","MOO17_228","Gobiidae","Eviota","afelei","EVIOAFEL",12.3,14.9,0.033,"MOO17_228_EVIOAFEL_12.3",-17.50804,-149.92284,"2017","Eviota afelei",4.30354966120485
"229",229,"Moorea","Tetaiuo2","B5","Backreef","10/14/17",1.6,260,"MOO17","229","MOO17_229","Gobiidae","Eviota","afelei","EVIOAFEL",12.6,15.4,0.03,"MOO17_229_EVIOAFEL_12.6",-17.50804,-149.92284,"2017","Eviota afelei",4.30354966120485
"230",230,"Moorea","Tetaiuo2","B5","Backreef","10/14/17",1.6,260,"MOO17","230","MOO17_230","Gobiidae","Eviota","afelei","EVIOAFEL",10.6,13.2,0.02,"MOO17_230_EVIOAFEL_10.6",-17.50804,-149.92284,"2017","Eviota afelei",4.30354966120485
"231",231,"Moorea","Tetaiuo2","B5","Backreef","10/14/17",1.6,260,"MOO17","231","MOO17_231","Gobiidae","Eviota","afelei","EVIOAFEL",11,14.3,0.027,"MOO17_231_EVIOAFEL_11",-17.50804,-149.92284,"2017","Eviota afelei",4.30354966120485
"232",232,"Moorea","Tetaiuo2","B5","Backreef","10/14/17",1.6,260,"MOO17","232","MOO17_232","Gobiidae","Eviota","afelei","EVIOAFEL",11,13.6,0.024,"MOO17_232_EVIOAFEL_11",-17.50804,-149.92284,"2017","Eviota afelei",4.30354966120485
"233",233,"Moorea","Tetaiuo2","B5","Backreef","10/14/17",1.6,260,"MOO17","233","MOO17_233","Gobiidae","Eviota","afelei","EVIOAFEL",10.6,13,0.025,"MOO17_233_EVIOAFEL_10.6",-17.50804,-149.92284,"2017","Eviota afelei",4.30354966120485
"234",234,"Moorea","Tetaiuo2","B5","Backreef","10/14/17",1.6,260,"MOO17","234","MOO17_234","Gobiidae","Eviota","afelei","EVIOAFEL",11.1,13.9,0.03,"MOO17_234_EVIOAFEL_11.1",-17.50804,-149.92284,"2017","Eviota afelei",4.30354966120485
"235",235,"Moorea","Tetaiuo2","B5","Backreef","10/14/17",1.6,260,"MOO17","235","MOO17_235","Gobiidae","Eviota","afelei","EVIOAFEL",11.9,14.4,0.031,"MOO17_235_EVIOAFEL_11.9",-17.50804,-149.92284,"2017","Eviota afelei",4.30354966120485
"236",236,"Moorea","Tetaiuo2","B5","Backreef","10/14/17",1.6,260,"MOO17","236","MOO17_236","Gobiidae","Eviota","afelei","EVIOAFEL",11.9,13.4,0.023,"MOO17_236_EVIOAFEL_11.9",-17.50804,-149.92284,"2017","Eviota afelei",4.30354966120485
"237",237,"Moorea","Tetaiuo2","B5","Backreef","10/14/17",1.6,260,"MOO17","237","MOO17_237","Gobiidae","Eviota","afelei","EVIOAFEL",11.5,13.2,0.025,"MOO17_237_EVIOAFEL_11.5",-17.50804,-149.92284,"2017","Eviota afelei",4.30354966120485
"238",238,"Moorea","Tetaiuo2","B5","Backreef","10/14/17",1.6,260,"MOO17","238","MOO17_238","Gobiidae","Eviota","afelei","EVIOAFEL",11.8,14.6,0.036,"MOO17_238_EVIOAFEL_11.8",-17.50804,-149.92284,"2017","Eviota afelei",4.30354966120485
"239",239,"Moorea","Tetaiuo2","B5","Backreef","10/14/17",1.6,260,"MOO17","239","MOO17_239","Gobiidae","Eviota","afelei","EVIOAFEL",14.1,14.5,0.03,"MOO17_239_EVIOAFEL_14.1",-17.50804,-149.92284,"2017","Eviota afelei",4.30354966120485
"240",240,"Moorea","Tetaiuo2","B5","Backreef","10/14/17",1.6,260,"MOO17","240","MOO17_240","Gobiidae","Eviota","afelei","EVIOAFEL",10.8,13.3,0.024,"MOO17_240_EVIOAFEL_10.8",-17.50804,-149.92284,"2017","Eviota afelei",4.30354966120485
"241",241,"Moorea","Tetaiuo2","B5","Backreef","10/14/17",1.6,260,"MOO17","241","MOO17_241","Gobiidae","Eviota","afelei","EVIOAFEL",11.4,14.3,0.036,"MOO17_241_EVIOAFEL_11.4",-17.50804,-149.92284,"2017","Eviota afelei",4.30354966120485
"242",242,"Moorea","Tetaiuo2","B5","Backreef","10/14/17",1.6,260,"MOO17","242","MOO17_242","Gobiidae","Eviota","afelei","EVIOAFEL",11.5,14.4,0.033,"MOO17_242_EVIOAFEL_11.5",-17.50804,-149.92284,"2017","Eviota afelei",4.30354966120485
"243",243,"Moorea","Tetaiuo2","B5","Backreef","10/14/17",1.6,260,"MOO17","243","MOO17_243","Gobiidae","Eviota","afelei","EVIOAFEL",10.2,12.5,0.025,"MOO17_243_EVIOAFEL_10.2",-17.50804,-149.92284,"2017","Eviota afelei",4.30354966120485
"244",244,"Moorea","Tetaiuo2","B5","Backreef","10/14/17",1.6,260,"MOO17","244","MOO17_244","Gobiidae","Eviota","afelei","EVIOAFEL",9.7,11.8,0.022,"MOO17_244_EVIOAFEL_9.7",-17.50804,-149.92284,"2017","Eviota afelei",4.30354966120485
"245",245,"Moorea","Tetaiuo2","B5","Backreef","10/14/17",1.6,260,"MOO17","245","MOO17_245","Gobiidae","Eviota","afelei","EVIOAFEL",11.2,13.7,0.029,"MOO17_245_EVIOAFEL_11.2",-17.50804,-149.92284,"2017","Eviota afelei",4.30354966120485
"246",246,"Moorea","Tetaiuo2","B5","Backreef","10/14/17",1.6,260,"MOO17","246","MOO17_246","Gobiidae","Eviota","afelei","EVIOAFEL",10.6,13.5,0.028,"MOO17_246_EVIOAFEL_10.6",-17.50804,-149.92284,"2017","Eviota afelei",4.30354966120485
"247",247,"Moorea","Tetaiuo2","B5","Backreef","10/14/17",1.6,260,"MOO17","247","MOO17_247","Gobiidae","Eviota","afelei","EVIOAFEL",11.6,13.9,0.028,"MOO17_247_EVIOAFEL_11.6",-17.50804,-149.92284,"2017","Eviota afelei",4.30354966120485
"248",248,"Moorea","Tetaiuo2","B5","Backreef","10/14/17",1.6,260,"MOO17","248","MOO17_248","Gobiidae","Eviota","afelei","EVIOAFEL",11.7,14.2,0.037,"MOO17_248_EVIOAFEL_11.7",-17.50804,-149.92284,"2017","Eviota afelei",4.30354966120485
"249",249,"Moorea","Tetaiuo2","B5","Backreef","10/14/17",1.6,260,"MOO17","249","MOO17_249","Gobiidae","Eviota","afelei","EVIOAFEL",11.5,13.6,0.032,"MOO17_249_EVIOAFEL_11.5",-17.50804,-149.92284,"2017","Eviota afelei",4.30354966120485
"250",250,"Moorea","Tetaiuo2","B5","Backreef","10/14/17",1.6,260,"MOO17","250","MOO17_250","Gobiidae","Eviota","afelei","EVIOAFEL",10.9,14.2,0.031,"MOO17_250_EVIOAFEL_10.9",-17.50804,-149.92284,"2017","Eviota afelei",4.30354966120485
"251",251,"Moorea","Tetaiuo2","B5","Backreef","10/14/17",1.6,260,"MOO17","251","MOO17_251","Gobiidae","Eviota","afelei","EVIOAFEL",11.8,14.9,0.032,"MOO17_251_EVIOAFEL_11.8",-17.50804,-149.92284,"2017","Eviota afelei",4.30354966120485
"252",252,"Moorea","Tetaiuo2","B5","Backreef","10/14/17",1.6,260,"MOO17","252","MOO17_252","Gobiidae","Eviota","afelei","EVIOAFEL",10.5,13,0.027,"MOO17_252_EVIOAFEL_10.5",-17.50804,-149.92284,"2017","Eviota afelei",4.30354966120485
"253",253,"Moorea","Tetaiuo2","B5","Backreef","10/14/17",1.6,260,"MOO17","253","MOO17_253","Gobiidae","Eviota","afelei","EVIOAFEL",11.3,14,0.034,"MOO17_253_EVIOAFEL_11.3",-17.50804,-149.92284,"2017","Eviota afelei",4.30354966120485
"254",254,"Moorea","Tetaiuo2","B5","Backreef","10/14/17",1.6,260,"MOO17","254","MOO17_254","Gobiidae","Eviota","afelei","EVIOAFEL",9.9,11.8,0.017,"MOO17_254_EVIOAFEL_9.9",-17.50804,-149.92284,"2017","Eviota afelei",4.30354966120485
"255",255,"Moorea","Tetaiuo2","B5","Backreef","10/14/17",1.6,260,"MOO17","255","MOO17_255","Gobiidae","Eviota","afelei","EVIOAFEL",12,14.6,0.036,"MOO17_255_EVIOAFEL_12",-17.50804,-149.92284,"2017","Eviota afelei",4.30354966120485
"256",256,"Moorea","Tetaiuo2","B5","Backreef","10/14/17",1.6,260,"MOO17","256","MOO17_256","Gobiidae","Eviota","afelei","EVIOAFEL",10.7,12.6,0.023,"MOO17_256_EVIOAFEL_10.7",-17.50804,-149.92284,"2017","Eviota afelei",4.30354966120485
"257",257,"Moorea","Tetaiuo2","B5","Backreef","10/14/17",1.6,260,"MOO17","257","MOO17_257","Gobiidae","Eviota","afelei","EVIOAFEL",10.4,13.6,0.028,"MOO17_257_EVIOAFEL_10.4",-17.50804,-149.92284,"2017","Eviota afelei",4.30354966120485
"258",258,"Moorea","Tetaiuo2","B5","Backreef","10/14/17",1.6,260,"MOO17","258","MOO17_258","Gobiidae","Eviota","afelei","EVIOAFEL",10.7,13,0.025,"MOO17_258_EVIOAFEL_10.7",-17.50804,-149.92284,"2017","Eviota afelei",4.30354966120485
"259",259,"Moorea","Tetaiuo2","B5","Backreef","10/14/17",1.6,260,"MOO17","259","MOO17_259","Gobiidae","Eviota","afelei","EVIOAFEL",11.4,14,0.027,"MOO17_259_EVIOAFEL_11.4",-17.50804,-149.92284,"2017","Eviota afelei",4.30354966120485
"260",260,"Moorea","Tetaiuo2","B5","Backreef","10/14/17",1.6,260,"MOO17","260","MOO17_260","Gobiidae","Eviota","afelei","EVIOAFEL",11.4,14,0.037,"MOO17_260_EVIOAFEL_11.4",-17.50804,-149.92284,"2017","Eviota afelei",4.30354966120485
"261",261,"Moorea","Tetaiuo2","B5","Backreef","10/14/17",1.6,260,"MOO17","261","MOO17_261","Gobiidae","Eviota","afelei","EVIOAFEL",10.5,13.1,0.02,"MOO17_261_EVIOAFEL_10.5",-17.50804,-149.92284,"2017","Eviota afelei",4.30354966120485
"262",262,"Moorea","Tetaiuo2","B5","Backreef","10/14/17",1.6,260,"MOO17","262","MOO17_262","Gobiidae","Eviota","afelei","EVIOAFEL",10.5,13,0.025,"MOO17_262_EVIOAFEL_10.5",-17.50804,-149.92284,"2017","Eviota afelei",4.30354966120485
"263",263,"Moorea","Tetaiuo2","B5","Backreef","10/14/17",1.6,260,"MOO17","263","MOO17_263","Gobiidae","Eviota","afelei","EVIOAFEL",10,13,0.02,"MOO17_263_EVIOAFEL_10",-17.50804,-149.92284,"2017","Eviota afelei",4.30354966120485
"264",264,"Moorea","Tetaiuo2","B5","Backreef","10/14/17",1.6,260,"MOO17","264","MOO17_264","Gobiidae","Eviota","afelei","EVIOAFEL",11.4,14.9,0.033,"MOO17_264_EVIOAFEL_11.4",-17.50804,-149.92284,"2017","Eviota afelei",4.30354966120485
"265",265,"Moorea","Tetaiuo2","B5","Backreef","10/14/17",1.6,260,"MOO17","265","MOO17_265","Gobiidae","Eviota","afelei","EVIOAFEL",11.7,13.7,0.025,"MOO17_265_EVIOAFEL_11.7",-17.50804,-149.92284,"2017","Eviota afelei",4.30354966120485
"266",266,"Moorea","Tetaiuo2","B5","Backreef","10/14/17",1.6,260,"MOO17","266","MOO17_266","Gobiidae","Eviota","afelei","EVIOAFEL",11.9,15,0.03,"MOO17_266_EVIOAFEL_11.9",-17.50804,-149.92284,"2017","Eviota afelei",4.30354966120485
"267",267,"Moorea","Tetaiuo2","B5","Backreef","10/14/17",1.6,260,"MOO17","267","MOO17_267","Gobiidae","Eviota","afelei","EVIOAFEL",9.3,12.2,0.017,"MOO17_267_EVIOAFEL_9.3",-17.50804,-149.92284,"2017","Eviota afelei",4.30354966120485
"268",268,"Moorea","Tetaiuo2","B5","Backreef","10/14/17",1.6,260,"MOO17","268","MOO17_268","Gobiidae","Eviota","afelei","EVIOAFEL",8.3,10.6,0.008,"MOO17_268_EVIOAFEL_8.3",-17.50804,-149.92284,"2017","Eviota afelei",4.30354966120485
"269",269,"Moorea","Tetaiuo2","B5","Backreef","10/14/17",1.6,260,"MOO17","269","MOO17_269","Gobiidae","Eviota","afelei","EVIOAFEL",10.5,14.3,0.019,"MOO17_269_EVIOAFEL_10.5",-17.50804,-149.92284,"2017","Eviota afelei",4.30354966120485
"270",270,"Moorea","Tetaiuo2","B5","Backreef","10/14/17",1.6,260,"MOO17","270","MOO17_270","Gobiidae","Eviota","afelei","EVIOAFEL",10.1,13.6,0.023,"MOO17_270_EVIOAFEL_10.1",-17.50804,-149.92284,"2017","Eviota afelei",4.30354966120485
"271",271,"Moorea","Tetaiuo2","B5","Backreef","10/14/17",1.6,260,"MOO17","271","MOO17_271","Gobiidae","Eviota","afelei","EVIOAFEL",8.6,11.3,0.014,"MOO17_271_EVIOAFEL_8.6",-17.50804,-149.92284,"2017","Eviota afelei",4.30354966120485
"272",272,"Moorea","Tetaiuo2","B5","Backreef","10/14/17",1.6,260,"MOO17","272","MOO17_272","Gobiidae","Eviota","afelei","EVIOAFEL",10.9,13.2,0.039,"MOO17_272_EVIOAFEL_10.9",-17.50804,-149.92284,"2017","Eviota afelei",4.30354966120485
"273",273,"Moorea","Tetaiuo2","B5","Backreef","10/14/17",1.6,260,"MOO17","273","MOO17_273","Gobiidae","Eviota","afelei","EVIOAFEL",10.2,13.4,0.024,"MOO17_273_EVIOAFEL_10.2",-17.50804,-149.92284,"2017","Eviota afelei",4.30354966120485
"274",274,"Moorea","Tetaiuo2","B5","Backreef","10/14/17",1.6,260,"MOO17","274","MOO17_274","Gobiidae","Eviota","afelei","EVIOAFEL",7.6,9.6,0.007,"MOO17_274_EVIOAFEL_7.6",-17.50804,-149.92284,"2017","Eviota afelei",4.30354966120485
"275",275,"Moorea","Tetaiuo2","B5","Backreef","10/14/17",1.6,260,"MOO17","275","MOO17_275","Gobiidae","Eviota","afelei","EVIOAFEL",7.8,9.2,0.008,"MOO17_275_EVIOAFEL_7.8",-17.50804,-149.92284,"2017","Eviota afelei",4.30354966120485
"276",276,"Moorea","Tetaiuo2","B5","Backreef","10/14/17",1.6,260,"MOO17","276","MOO17_276","Gobiidae","Eviota","afelei","EVIOAFEL",6.9,9,0.008,"MOO17_276_EVIOAFEL_6.9",-17.50804,-149.92284,"2017","Eviota afelei",4.30354966120485
"277",277,"Moorea","Tetaiuo2","B5","Backreef","10/14/17",1.6,260,"MOO17","277","MOO17_277","Gobiidae","Eviota","afelei","EVIOAFEL",8.7,10.4,0.011,"MOO17_277_EVIOAFEL_8.7",-17.50804,-149.92284,"2017","Eviota afelei",4.30354966120485
"278",278,"Moorea","Tetaiuo2","B5","Backreef","10/14/17",1.6,260,"MOO17","278","MOO17_278","Gobiidae","Eviota","afelei","EVIOAFEL",7,8.6,0.008,"MOO17_278_EVIOAFEL_7",-17.50804,-149.92284,"2017","Eviota afelei",4.30354966120485
"279",279,"Moorea","Tetaiuo2","B5","Backreef","10/14/17",1.6,260,"MOO17","279","MOO17_279","Gobiidae","Eviota","afelei","EVIOAFEL",6.3,7.7,0.01,"MOO17_279_EVIOAFEL_6.3",-17.50804,-149.92284,"2017","Eviota afelei",4.30354966120485
"280",280,"Moorea","Tetaiuo2","B5","Backreef","10/14/17",1.6,260,"MOO17","280","MOO17_280","Gobiidae","Eviota","afelei","EVIOAFEL",6.4,8.7,0.008,"MOO17_280_EVIOAFEL_6.4",-17.50804,-149.92284,"2017","Eviota afelei",4.30354966120485
"281",281,"Moorea","Tetaiuo2","B5","Backreef","10/14/17",1.6,260,"MOO17","281","MOO17_281","Gobiidae","Eviota","afelei","EVIOAFEL",6.3,8.4,0.01,"MOO17_281_EVIOAFEL_6.3",-17.50804,-149.92284,"2017","Eviota afelei",4.30354966120485
"282",282,"Moorea","Tetaiuo2","B5","Backreef","10/14/17",1.6,260,"MOO17","282","MOO17_282","Gobiidae","Eviota","afelei","EVIOAFEL",6.1,9.2,0.007,"MOO17_282_EVIOAFEL_6.1",-17.50804,-149.92284,"2017","Eviota afelei",4.30354966120485
"283",283,"Moorea","Tetaiuo2","B5","Backreef","10/14/17",1.6,260,"MOO17","284","MOO17_284","Gobiidae","Eviota","afelei","EVIOAFEL",6.4,7.7,0.006,"MOO17_284_EVIOAFEL_6.4",-17.50804,-149.92284,"2017","Eviota afelei",4.30354966120485
"284",284,"Moorea","Tetaiuo2","B5","Backreef","10/14/17",1.6,260,"MOO17","285","MOO17_285","Gobiidae","Eviota","afelei","EVIOAFEL",6.9,8.6,0.008,"MOO17_285_EVIOAFEL_6.9",-17.50804,-149.92284,"2017","Eviota afelei",4.30354966120485
"285",285,"Moorea","Tetaiuo1","B6","Forereef","10/14/17",16.6,260,"MOO17","286","MOO17_286","Gobiidae","Paragobiodon","modestus","PARAMODE",17.2,21.8,0.243,"MOO17_286_PARAMODE_17.2",-17.50485,-149.92754,"2017","Paragobiodon modestus",4.30354966120485
"286",286,"Moorea","Tetaiuo1","B6","Forereef","10/14/17",16.6,260,"MOO17","287","MOO17_287","Gobiidae","Paragobiodon","modestus","PARAMODE",15.7,21.1,0.208,"MOO17_287_PARAMODE_15.7",-17.50485,-149.92754,"2017","Paragobiodon modestus",4.30354966120485
"287",287,"Moorea","Tetaiuo1","B6","Forereef","10/14/17",16.6,260,"MOO17","288","MOO17_288","Gobiidae","Paragobiodon","modestus","PARAMODE",5.7,6.8,0.005,"MOO17_288_PARAMODE_5.7",-17.50485,-149.92754,"2017","Paragobiodon modestus",4.30354966120485
"288",288,"Moorea","Tetaiuo1","B6","Forereef","10/14/17",16.6,260,"MOO17","289","MOO17_289","Cirrhitidae","Neocirrhites","armatus","NEOCARMA",44.5,55.4,3.86,"MOO17_289_NEOCARMA_44.5",-17.50485,-149.92754,"2017","Neocirrhites armatus",4.30354966120485
"289",289,"Moorea","Tetaiuo1","B6","Forereef","10/14/17",16.6,260,"MOO17","290","MOO17_290","Cirrhitidae","Neocirrhites","armatus","NEOCARMA",38.8,50.1,2.467,"MOO17_290_NEOCARMA_38.8",-17.50485,-149.92754,"2017","Neocirrhites armatus",4.30354966120485
"290",290,"Moorea","Tetaiuo1","B6","Forereef","10/14/17",16.6,260,"MOO17","291","MOO17_291","Scorpaenidae","Caracanthus","maculatus","CARAMACU",25.3,30,1.062,"MOO17_291_CARAMACU_25.3",-17.50485,-149.92754,"2017","Caracanthus maculatus",4.30354966120485
"291",291,"Moorea","Tetaiuo1","B6","Forereef","10/14/17",16.6,260,"MOO17","292","MOO17_292","Scorpaenidae","Caracanthus","unipinna","CARAUNIP",18.7,24.2,0.46,"MOO17_292_CARAUNIP_18.7",-17.50485,-149.92754,"2017","Caracanthus unipinna",4.30354966120485
"292",292,"Moorea","Tetaiuo1","B6","Forereef","10/14/17",16.6,260,"MOO17","293","MOO17_293","Scorpaenidae","Caracanthus","maculatus","CARAMACU",25.3,31.3,1.11,"MOO17_293_CARAMACU_25.3",-17.50485,-149.92754,"2017","Caracanthus maculatus",4.30354966120485
"293",293,"Moorea","Tetaiuo1","B6","Forereef","10/14/17",16.6,260,"MOO17","294","MOO17_294","Bythitidae","Brosmophyciops","pautzkei","BROSPAUT",53.5,61.1,2.058,"MOO17_294_BROSPAUT_53.5",-17.50485,-149.92754,"2017","Brosmophyciops pautzkei",4.30354966120485
"294",294,"Moorea","Tetaiuo1","B6","Forereef","10/14/17",16.6,260,"MOO17","295","MOO17_295","Scorpaenidae","Caracanthus","maculatus","CARAMACU",22.5,28.1,0.876,"MOO17_295_CARAMACU_22.5",-17.50485,-149.92754,"2017","Caracanthus maculatus",4.30354966120485
"295",295,"Moorea","Tetaiuo1","B6","Forereef","10/14/17",16.6,260,"MOO17","296","MOO17_296","Scorpaenidae","Caracanthus","maculatus","CARAMACU",24.4,30.6,1.208,"MOO17_296_CARAMACU_24.4",-17.50485,-149.92754,"2017","Caracanthus maculatus",4.30354966120485
"296",296,"Moorea","Tetaiuo1","B6","Forereef","10/14/17",16.6,260,"MOO17","297","MOO17_297","Scorpaenidae","Sebastapistes","fowleri","SEBAFOWL",17.5,21.5,0.238,"MOO17_297_SEBAFOWL_17.5",-17.50485,-149.92754,"2017","Sebastapistes fowleri",4.30354966120485
"297",297,"Moorea","Tetaiuo1","B6","Forereef","10/14/17",16.6,260,"MOO17","298","MOO17_298","Scorpaenidae","Sebastapistes","fowleri","SEBAFOWL",20.3,24.9,0.375,"MOO17_298_SEBAFOWL_20.3",-17.50485,-149.92754,"2017","Sebastapistes fowleri",4.30354966120485
"298",298,"Moorea","Tetaiuo1","B6","Forereef","10/14/17",16.6,260,"MOO17","299","MOO17_299","Scorpaenidae","Sebastapistes","fowleri","SEBAFOWL",13.2,16.4,0.106,"MOO17_299_SEBAFOWL_13.2",-17.50485,-149.92754,"2017","Sebastapistes fowleri",4.30354966120485
"299",299,"Moorea","Tetaiuo1","B6","Forereef","10/14/17",16.6,260,"MOO17","300","MOO17_300","Cirrhitidae","Amblycirrhites","bimacula","AMBLBIMA",27.4,34.6,0.613,"MOO17_300_AMBLBIMA_27.4",-17.50485,-149.92754,"2017","Amblycirrhites bimacula",4.30354966120485
"300",300,"Moorea","Tetaiuo1","B6","Forereef","10/14/17",16.6,260,"MOO17","301","MOO17_301","Serranidae","Plectranthias","nanus","PLECNANU",25.6,32.3,0.492,"MOO17_301_PLECNANU_25.6",-17.50485,-149.92754,"2017","Plectranthias nanus",4.30354966120485
"301",301,"Moorea","Tetaiuo1","B6","Forereef","10/14/17",16.6,260,"MOO17","302","MOO17_302","Gobiidae","Priolepis","ailina","PRIOAILI",17,20.5,0.229,"MOO17_302_PRIOAILI_17",-17.50485,-149.92754,"2017","Priolepis ailina",4.30354966120485
"302",302,"Moorea","Tetaiuo1","B6","Forereef","10/14/17",16.6,260,"MOO17","303","MOO17_303","Gobiidae","Paragobiodon","modestus","PARAMODE",8.5,11.1,0.023,"MOO17_303_PARAMODE_8.5",-17.50485,-149.92754,"2017","Paragobiodon modestus",4.30354966120485
"303",303,"Moorea","Tetaiuo1","B6","Forereef","10/14/17",16.6,260,"MOO17","304","MOO17_304","Tripterygiidae","Enneapterygius","pyramis","ENNEPYRA",22,26.7,0.218,"MOO17_304_ENNEPYRA_22",-17.50485,-149.92754,"2017","Enneapterygius pyramis",4.30354966120485
"304",304,"Moorea","Tetaiuo1","B6","Forereef","10/14/17",16.6,260,"MOO17","305","MOO17_305","Labridae","Pseudocheilinus","tetrataenia","PSEUTETR",31.4,38.4,0.906,"MOO17_305_PSEUTETR_31.4",-17.50485,-149.92754,"2017","Pseudocheilinus tetrataenia",4.30354966120485
"305",305,"Moorea","Tetaiuo1","B6","Forereef","10/14/17",16.6,260,"MOO17","306","MOO17_306","Serranidae","Pseudogramma","polyacanthum","PSEUPOLY",37,45.4,1.372,"MOO17_306_PSEUPOLY_37",-17.50485,-149.92754,"2017","Pseudogramma polyacanthum",4.30354966120485
"306",306,"Moorea","Tetaiuo1","B6","Forereef","10/14/17",16.6,260,"MOO17","307","MOO17_307","Cirrhitidae","Paracirrhites","arcatus","PARAARCA",59.7,76.5,7.324,"MOO17_307_PARAARCA_59.7",-17.50485,-149.92754,"2017","Paracirrhites arcatus",4.30354966120485
"307",307,"Moorea","Tetaiuo1","B6","Forereef","10/14/17",16.6,260,"MOO17","308","MOO17_308","Cirrhitidae","Paracirrhites","arcatus","PARAARCA",40.3,51.8,2.369,"MOO17_308_PARAARCA_40.3",-17.50485,-149.92754,"2017","Paracirrhites arcatus",4.30354966120485
"308",308,"Moorea","Tetaiuo1","B6","Forereef","10/14/17",16.6,260,"MOO17","309","MOO17_309","Cirrhitidae","Paracirrhites","arcatus","PARAARCA",34.4,43,1.28,"MOO17_309_PARAARCA_34.4",-17.50485,-149.92754,"2017","Paracirrhites arcatus",4.30354966120485
"309",309,"Moorea","Tetaiuo1","B6","Forereef","10/14/17",16.6,260,"MOO17","310","MOO17_310","Cirrhitidae","Paracirrhites","arcatus","PARAARCA",34.2,44.4,1.302,"MOO17_310_PARAARCA_34.2",-17.50485,-149.92754,"2017","Paracirrhites arcatus",4.30354966120485
"310",310,"Moorea","Tetaiuo1","B6","Forereef","10/14/17",16.6,260,"MOO17","311","MOO17_311","Cirrhitidae","Paracirrhites","arcatus","PARAARCA",25.3,32.1,0.599,"MOO17_311_PARAARCA_25.3",-17.50485,-149.92754,"2017","Paracirrhites arcatus",4.30354966120485
"311",311,"Moorea","Tetaiuo1","B6","Forereef","10/14/17",16.6,260,"MOO17","312","MOO17_312","Cirrhitidae","Paracirrhites","arcatus","PARAARCA",26.8,33.7,0.636,"MOO17_312_PARAARCA_26.8",-17.50485,-149.92754,"2017","Paracirrhites arcatus",4.30354966120485
"312",312,"Moorea","Tetaiuo1","B6","Forereef","10/14/17",16.6,260,"MOO17","313","MOO17_313","Pomacentridae","Chromis","iomelas","CHROIOME",28.4,42.7,1.004,"MOO17_313_CHROIOME_28.4",-17.50485,-149.92754,"2017","Chromis iomelas",4.30354966120485
"313",313,"Moorea","Tetaiuo1","B6","Forereef","10/14/17",16.6,260,"MOO17","314","MOO17_314","Pomacentridae","Chromis","iomelas","CHROIOME",18.8,26.4,0.3,"MOO17_314_CHROIOME_18.8",-17.50485,-149.92754,"2017","Chromis iomelas",4.30354966120485
"314",314,"Moorea","Tetaiuo1","B6","Forereef","10/14/17",16.6,260,"MOO17","315","MOO17_315","Pomacentridae","Chromis","iomelas","CHROIOME",17.1,26.9,0.283,"MOO17_315_CHROIOME_17.1",-17.50485,-149.92754,"2017","Chromis iomelas",4.30354966120485
"315",315,"Moorea","Tetaiuo1","B6","Forereef","10/14/17",16.6,260,"MOO17","316","MOO17_316","Pomacentridae","Chromis","iomelas","CHROIOME",18.8,28.1,0.269,"MOO17_316_CHROIOME_18.8",-17.50485,-149.92754,"2017","Chromis iomelas",4.30354966120485
"316",316,"Moorea","Tetaiuo1","B6","Forereef","10/14/17",16.6,260,"MOO17","317","MOO17_317","Muraenidae","Uropterygius","fuscoguttatus","UROPFUSC",110.2,111.8,1.646,"MOO17_317_UROPFUSC_110.2",-17.50485,-149.92754,"2017","Uropterygius fuscoguttatus",4.30354966120485
"317",317,"Moorea","Tetaiuo1","B6","Forereef","10/14/17",16.6,260,"MOO17","318","MOO17_318","Muraenidae","Uropterygius","fuscoguttatus","UROPFUSC",127,128.64,3.11,"MOO17_318_UROPFUSC_127",-17.50485,-149.92754,"2017","Uropterygius fuscoguttatus",4.30354966120485
"318",318,"Moorea","Tetaiuo1","B6","Forereef","10/14/17",16.6,260,"MOO17","319","MOO17_319","Apogonidae","Ostorhinchus","angustatus","OSTOANGU",63.5,80.7,7.377,"MOO17_319_OSTOANGU_63.5",-17.50485,-149.92754,"2017","Ostorhinchus angustatus",4.30354966120485
"319",326,"Moorea","Tiahura2","B7","Backreef","10/15/17",1.5,300,"MOO17","327","MOO17_327","Blenniidae","Blenniella","paula","BLENPAUL",73.7,90.7,5.557,"MOO17_327_BLENPAUL_73.7",-17.48769,-149.89893,"2017","Blenniella paula",5.72957795130823
"320",327,"Moorea","Tiahura2","B7","Backreef","10/15/17",1.5,300,"MOO17","328","MOO17_328","Blenniidae","Blenniella","paula","BLENPAUL",63.9,79.3,4.69,"MOO17_328_BLENPAUL_63.9",-17.48769,-149.89893,"2017","Blenniella paula",5.72957795130823
"321",328,"Moorea","Tiahura2","B7","Backreef","10/15/17",1.5,300,"MOO17","329","MOO17_329","Blenniidae","Blenniella","paula","BLENPAUL",55,68.3,7.662,"MOO17_329_BLENPAUL_55",-17.48769,-149.89893,"2017","Blenniella paula",5.72957795130823
"322",329,"Moorea","Tiahura2","B7","Backreef","10/15/17",1.5,300,"MOO17","330","MOO17_330","Blenniidae","Blenniella","paula","BLENPAUL",50,60.8,1.82,"MOO17_330_BLENPAUL_50",-17.48769,-149.89893,"2017","Blenniella paula",5.72957795130823
"323",330,"Moorea","Tiahura2","B7","Backreef","10/15/17",1.5,300,"MOO17","331","MOO17_331","Blenniidae","Blenniella","paula","BLENPAUL",50,61.2,2.285,"MOO17_331_BLENPAUL_50",-17.48769,-149.89893,"2017","Blenniella paula",5.72957795130823
"324",331,"Moorea","Tiahura2","B7","Backreef","10/15/17",1.5,300,"MOO17","332","MOO17_332","Apogonidae","Fowleria","marmorata","FOWLMARM",33.4,44.2,1.42,"MOO17_332_FOWLMARM_33.4",-17.48769,-149.89893,"2017","Fowleria marmorata",5.72957795130823
"325",332,"Moorea","Tiahura2","B7","Backreef","10/15/17",1.5,300,"MOO17","333","MOO17_333","Gobiidae","Priolepis","semidoliata","PRIOSEMI",13,17.5,0.053,"MOO17_333_PRIOSEMI_13",-17.48769,-149.89893,"2017","Priolepis semidoliata",5.72957795130823
"326",333,"Moorea","Tiahura2","B7","Backreef","10/15/17",1.5,300,"MOO17","334","MOO17_334","Gobiidae","Gnatholepis","cauerensis","GNATCAUE",29.8,39,0.661,"MOO17_334_GNATCAUE_29.8",-17.48769,-149.89893,"2017","Gnatholepis cauerensis",5.72957795130823
"327",334,"Moorea","Tiahura2","B7","Backreef","10/15/17",1.5,300,"MOO17","335","MOO17_335","Gobiidae","Pleurosicya","labiata","PLEULABI",12.5,15.1,0.032,"MOO17_335_PLEULABI_12.5",-17.48769,-149.89893,"2017","Pleurosicya labiata",5.72957795130823
"328",335,"Moorea","Tiahura2","B7","Backreef","10/15/17",1.5,300,"MOO17","336","MOO17_336","Gobiidae","Fusigobius","neophytus","FUSINEOP",18.9,25.4,0.145,"MOO17_336_FUSINEOP_18.9",-17.48769,-149.89893,"2017","Fusigobius neophytus",5.72957795130823
"329",336,"Moorea","Tiahura2","B7","Backreef","10/15/17",1.5,300,"MOO17","337","MOO17_337","Labridae","Cheilinus","chlorourus","CHEICHLO",31.2,39,1.109,"MOO17_337_CHEICHLO_31.2",-17.48769,-149.89893,"2017","Cheilinus chlorourus",5.72957795130823
"330",337,"Moorea","Tiahura2","B7","Backreef","10/15/17",1.5,300,"MOO17","338","MOO17_338","Labridae","Halichoeres","trimaculatus","HALITRIM",34.8,42.1,1.01,"MOO17_338_HALITRIM_34.8",-17.48769,-149.89893,"2017","Halichoeres trimaculatus",5.72957795130823
"331",338,"Moorea","Tiahura2","B7","Backreef","10/15/17",1.5,300,"MOO17","339","MOO17_339","Labridae","Thalassoma","hardwicke","THALHARD",46.7,59.9,7.783,"MOO17_339_THALHARD_46.7",-17.48769,-149.89893,"2017","Thalassoma hardwicke",5.72957795130823
"332",339,"Moorea","Tiahura2","B7","Backreef","10/15/17",1.5,300,"MOO17","340","MOO17_340","Labridae","Halichoeres","trimaculatus","HALITRIM",31.7,39.2,0.809,"MOO17_340_HALITRIM_31.7",-17.48769,-149.89893,"2017","Halichoeres trimaculatus",5.72957795130823
"333",340,"Moorea","Tiahura2","B7","Backreef","10/15/17",1.5,300,"MOO17","341","MOO17_341","Labridae","Thalassoma","lutescens","THALLUTE",24.7,29.9,0.39,"MOO17_341_THALLUTE_24.7",-17.48769,-149.89893,"2017","Thalassoma lutescens",5.72957795130823
"334",341,"Moorea","Tiahura2","B7","Backreef","10/15/17",1.5,300,"MOO17","442","MOO17_442","Labridae","Scarus","psittacus","SCARPSIT",28.2,35.8,0.833,"MOO17_442_SCARPSIT_28.2",-17.48769,-149.89893,"2017","Scarus psittacus",5.72957795130823
"335",342,"Moorea","Tiahura2","B7","Backreef","10/15/17",1.5,300,"MOO17","443","MOO17_443","Labridae","Halichoeres","trimaculatus","HALITRIM",26.6,32.9,0.47,"MOO17_443_HALITRIM_26.6",-17.48769,-149.89893,"2017","Halichoeres trimaculatus",5.72957795130823
"336",343,"Moorea","Tiahura2","B7","Backreef","10/15/17",1.5,300,"MOO17","444","MOO17_444","Labridae","Scarus","psittacus","SCARPSIT",19.3,24.2,0.213,"MOO17_444_SCARPSIT_19.3",-17.48769,-149.89893,"2017","Scarus psittacus",5.72957795130823
"337",344,"Moorea","Tiahura2","B7","Backreef","10/15/17",1.5,300,"MOO17","445","MOO17_445","Labridae","Chlorurus","spilurus","CHLOSPIL",27.7,34.4,0.7,"MOO17_445_CHLOSPIL_27.7",-17.48769,-149.89893,"2017","Chlorurus spilurus",5.72957795130823
"338",345,"Moorea","Tiahura2","B7","Backreef","10/15/17",1.5,300,"MOO17","446","MOO17_446","Labridae","Chlorurus","spilurus","CHLOSPIL",21.9,26.9,0.339,"MOO17_446_CHLOSPIL_21.9",-17.48769,-149.89893,"2017","Chlorurus spilurus",5.72957795130823
"339",346,"Moorea","Tiahura2","B7","Backreef","10/15/17",1.5,300,"MOO17","447","MOO17_447","Labridae","Chlorurus","spilurus","CHLOSPIL",12.7,17.3,0.077,"MOO17_447_CHLOSPIL_12.7",-17.48769,-149.89893,"2017","Chlorurus spilurus",5.72957795130823
"340",347,"Moorea","Tiahura2","B7","Backreef","10/15/17",1.5,300,"MOO17","448","MOO17_448","Pomacentridae","Pomacentrus","pavo","POMAPAVO",36.3,49.6,2.215,"MOO17_448_POMAPAVO_36.3",-17.48769,-149.89893,"2017","Pomacentrus pavo",5.72957795130823
"341",348,"Moorea","Tiahura2","B7","Backreef","10/15/17",1.5,300,"MOO17","449","MOO17_449","Pomacentridae","Pomacentrus","pavo","POMAPAVO",28.8,39.4,0.904,"MOO17_449_POMAPAVO_28.8",-17.48769,-149.89893,"2017","Pomacentrus pavo",5.72957795130823
"342",349,"Moorea","Tiahura2","B7","Backreef","10/15/17",1.5,300,"MOO17","450","MOO17_450","Pomacentridae","Pomacentrus","pavo","POMAPAVO",25.6,35.4,0.783,"MOO17_450_POMAPAVO_25.6",-17.48769,-149.89893,"2017","Pomacentrus pavo",5.72957795130823
"343",350,"Moorea","Tiahura2","B7","Backreef","10/15/17",1.5,300,"MOO17","451","MOO17_451","Pomacentridae","Pomacentrus","pavo","POMAPAVO",24.2,72.9,0.59,"MOO17_451_POMAPAVO_24.2",-17.48769,-149.89893,"2017","Pomacentrus pavo",5.72957795130823
"344",351,"Moorea","Tiahura2","B7","Backreef","10/15/17",1.5,300,"MOO17","452","MOO17_452","Blenniidae","Glyptoparus","delicatulus","GLYPDELI",24,28.1,0.234,"MOO17_452_GLYPDELI_24",-17.48769,-149.89893,"2017","Glyptoparus delicatulus",5.72957795130823
"345",352,"Moorea","Tiahura2","B7","Backreef","10/15/17",1.5,300,"MOO17","453","MOO17_453","Blenniidae","Glyptoparus","delicatulus","GLYPDELI",22.3,26.9,0.185,"MOO17_453_GLYPDELI_22.3",-17.48769,-149.89893,"2017","Glyptoparus delicatulus",5.72957795130823
"346",353,"Moorea","Tiahura2","B7","Backreef","10/15/17",1.5,300,"MOO17","454","MOO17_454","Blenniidae","Glyptoparus","delicatulus","GLYPDELI",25,29.1,0.23,"MOO17_454_GLYPDELI_25",-17.48769,-149.89893,"2017","Glyptoparus delicatulus",5.72957795130823
"347",354,"Moorea","Tiahura2","B7","Backreef","10/15/17",1.5,300,"MOO17","455","MOO17_455","Blenniidae","Glyptoparus","delicatulus","GLYPDELI",22.1,25.7,0.184,"MOO17_455_GLYPDELI_22.1",-17.48769,-149.89893,"2017","Glyptoparus delicatulus",5.72957795130823
"348",355,"Moorea","Tiahura2","B7","Backreef","10/15/17",1.5,300,"MOO17","456","MOO17_456","Blenniidae","Glyptoparus","delicatulus","GLYPDELI",13.9,17.2,0.052,"MOO17_456_GLYPDELI_13.9",-17.48769,-149.89893,"2017","Glyptoparus delicatulus",5.72957795130823
"349",356,"Moorea","Tiahura2","B7","Backreef","10/15/17",1.5,300,"MOO17","457","MOO17_457","Blenniidae","Glyptoparus","delicatulus","GLYPDELI",12.1,15.1,0.029,"MOO17_457_GLYPDELI_12.1",-17.48769,-149.89893,"2017","Glyptoparus delicatulus",5.72957795130823
"350",357,"Moorea","Tiahura2","B7","Backreef","10/15/17",1.5,300,"MOO17","458","MOO17_458","Gobiidae","Eviota","afelei","EVIOAFEL",17.1,21.6,0.115,"MOO17_458_EVIOAFEL_17.1",-17.48769,-149.89893,"2017","Eviota afelei",5.72957795130823
"351",358,"Moorea","Tiahura2","B7","Backreef","10/15/17",1.5,300,"MOO17","459","MOO17_459","Gobiidae","Eviota","afelei","EVIOAFEL",14.2,17.8,0.067,"MOO17_459_EVIOAFEL_14.2",-17.48769,-149.89893,"2017","Eviota afelei",5.72957795130823
"352",359,"Moorea","Tiahura2","B7","Backreef","10/15/17",1.5,300,"MOO17","460","MOO17_460","Gobiidae","Eviota","afelei","EVIOAFEL",12.7,16.5,0.051,"MOO17_460_EVIOAFEL_12.7",-17.48769,-149.89893,"2017","Eviota afelei",5.72957795130823
"353",360,"Moorea","Tiahura2","B7","Backreef","10/15/17",1.5,300,"MOO17","461","MOO17_461","Gobiidae","Eviota","afelei","EVIOAFEL",12.4,15.1,0.041,"MOO17_461_EVIOAFEL_12.4",-17.48769,-149.89893,"2017","Eviota afelei",5.72957795130823
"354",361,"Moorea","Tiahura2","B7","Backreef","10/15/17",1.5,300,"MOO17","462","MOO17_462","Gobiidae","Eviota","afelei","EVIOAFEL",11.9,14.4,0.039,"MOO17_462_EVIOAFEL_11.9",-17.48769,-149.89893,"2017","Eviota afelei",5.72957795130823
"355",362,"Moorea","Tiahura2","B7","Backreef","10/15/17",1.5,300,"MOO17","463","MOO17_463","Gobiidae","Eviota","afelei","EVIOAFEL",8.8,11.6,0.012,"MOO17_463_EVIOAFEL_8.8",-17.48769,-149.89893,"2017","Eviota afelei",5.72957795130823
"356",363,"Moorea","Tiahura2","B7","Backreef","10/15/17",1.5,300,"MOO17","464","MOO17_464","Gobiidae","Eviota","afelei","EVIOAFEL",10.3,13.3,0.028,"MOO17_464_EVIOAFEL_10.3",-17.48769,-149.89893,"2017","Eviota afelei",5.72957795130823
"357",364,"Moorea","Tiahura2","B7","Backreef","10/15/17",1.5,300,"MOO17","465","MOO17_465","Gobiidae","Eviota","afelei","EVIOAFEL",8.5,11.6,0.015,"MOO17_465_EVIOAFEL_8.5",-17.48769,-149.89893,"2017","Eviota afelei",5.72957795130823
"358",365,"Moorea","Tiahura2","B7","Backreef","10/15/17",1.5,300,"MOO17","466","MOO17_466","Gobiidae","Eviota","afelei","EVIOAFEL",9,11.8,0.017,"MOO17_466_EVIOAFEL_9",-17.48769,-149.89893,"2017","Eviota afelei",5.72957795130823
"359",366,"Moorea","Tiahura2","B7","Backreef","10/15/17",1.5,300,"MOO17","467","MOO17_467","Gobiidae","Eviota","afelei","EVIOAFEL",7.9,10.2,0.014,"MOO17_467_EVIOAFEL_7.9",-17.48769,-149.89893,"2017","Eviota afelei",5.72957795130823
"360",367,"Moorea","Tiahura2","B7","Backreef","10/15/17",1.5,300,"MOO17","468","MOO17_468","Gobiidae","Eviota","afelei","EVIOAFEL",9.3,11.4,0.014,"MOO17_468_EVIOAFEL_9.3",-17.48769,-149.89893,"2017","Eviota afelei",5.72957795130823
"361",368,"Moorea","Vaianae1","B8","Forereef","10/18/17",14.4,250,"MOO17","469","MOO17_469","Cirrhitidae","Amblycirrhites","bimacula","AMBLBIMA",54.6,68.2,5.536,"MOO17_469_AMBLBIMA_54.6",-17.56745,-149.88608,"2017","Amblycirrhites bimacula",3.97887357729738
"362",369,"Moorea","Vaianae1","B8","Forereef","10/18/17",14.4,250,"MOO17","470","MOO17_470","Scorpaenidae","Sebastapistes","fowleri","SEBAFOWL",19.8,24.8,0.342,"MOO17_470_SEBAFOWL_19.8",-17.56745,-149.88608,"2017","Sebastapistes fowleri",3.97887357729738
"363",370,"Moorea","Vaianae1","B8","Forereef","10/18/17",14.4,250,"MOO17","471","MOO17_471","Scorpaenidae","Scorpaenodes","scaber","SCORSCAB",69.9,76.5,10.911,"MOO17_471_SCORSCAB_69.9",-17.56745,-149.88608,"2017","Scorpaenodes scaber",3.97887357729738
"364",371,"Moorea","Vaianae1","B8","Forereef","10/18/17",14.4,250,"MOO17","472","MOO17_472","Scorpaenidae","Scorpaenodes","scaber","SCORSCAB",54.9,69.9,8.261,"MOO17_472_SCORSCAB_54.9",-17.56745,-149.88608,"2017","Scorpaenodes scaber",3.97887357729738
"365",372,"Moorea","Vaianae1","B8","Forereef","10/18/17",14.4,250,"MOO17","473","MOO17_473","Scorpaenidae","Scorpaenodes","scaber","SCORSCAB",49.4,61.6,4.876,"MOO17_473_SCORSCAB_49.4",-17.56745,-149.88608,"2017","Scorpaenodes scaber",3.97887357729738
"366",373,"Moorea","Vaianae1","B8","Forereef","10/18/17",14.4,250,"MOO17","474","MOO17_474","Cirrhitidae","Paracirrhites","arcatus","PARAARCA",61.1,76.9,7.273,"MOO17_474_PARAARCA_61.1",-17.56745,-149.88608,"2017","Paracirrhites arcatus",3.97887357729738
"367",374,"Moorea","Vaianae1","B8","Forereef","10/18/17",14.4,250,"MOO17","475","MOO17_475","Cirrhitidae","Neocirrhites","armatus","NEOCARMA",44.6,56.5,4.444,"MOO17_475_NEOCARMA_44.6",-17.56745,-149.88608,"2017","Neocirrhites armatus",3.97887357729738
"368",375,"Moorea","Vaianae1","B8","Forereef","10/18/17",14.4,250,"MOO17","476","MOO17_476","Cirrhitidae","Neocirrhites","armatus","NEOCARMA",40.5,50.4,2.735,"MOO17_476_NEOCARMA_40.5",-17.56745,-149.88608,"2017","Neocirrhites armatus",3.97887357729738
"369",376,"Moorea","Vaianae1","B8","Forereef","10/18/17",14.4,250,"MOO17","477","MOO17_477","Cirrhitidae","Neocirrhites","armatus","NEOCARMA",27.2,34.3,0.716,"MOO17_477_NEOCARMA_27.2",-17.56745,-149.88608,"2017","Neocirrhites armatus",3.97887357729738
"370",377,"Moorea","Vaianae1","B8","Forereef","10/18/17",14.4,250,"MOO17","478","MOO17_478","Cirrhitidae","Neocirrhites","armatus","NEOCARMA",26.6,34.1,0.738,"MOO17_478_NEOCARMA_26.6",-17.56745,-149.88608,"2017","Neocirrhites armatus",3.97887357729738
"371",378,"Moorea","Vaianae1","B8","Forereef","10/18/17",14.4,250,"MOO17","479","MOO17_479","Cirrhitidae","Amblycirrhites","bimacula","AMBLBIMA",39.8,50.8,1.864,"MOO17_479_AMBLBIMA_39.8",-17.56745,-149.88608,"2017","Amblycirrhites bimacula",3.97887357729738
"372",379,"Moorea","Vaianae1","B8","Forereef","10/18/17",14.4,250,"MOO17","480","MOO17_480","Cirrhitidae","Neocirrhites","armatus","NEOCARMA",21.4,27.1,0.348,"MOO17_480_NEOCARMA_21.4",-17.56745,-149.88608,"2017","Neocirrhites armatus",3.97887357729738
"373",380,"Moorea","Vaianae1","B8","Forereef","10/18/17",14.4,250,"MOO17","481","MOO17_481","Apogonidae","Ostorhinchus","angustatus","OSTOANGU",58.8,74.8,5.666,"MOO17_481_OSTOANGU_58.8",-17.56745,-149.88608,"2017","Ostorhinchus angustatus",3.97887357729738
"374",381,"Moorea","Vaianae1","B8","Forereef","10/18/17",14.4,250,"MOO17","482","MOO17_482","Apogonidae","Ostorhinchus","angustatus","OSTOANGU",57.8,75.6,6.436,"MOO17_482_OSTOANGU_57.8",-17.56745,-149.88608,"2017","Ostorhinchus angustatus",3.97887357729738
"375",382,"Moorea","Vaianae1","B8","Forereef","10/18/17",14.4,250,"MOO17","483","MOO17_483","Pomacentridae","Plectroglyphidodon","johnstonianus","PLECJOHN",53.3,69.5,7.866,"MOO17_483_PLECJOHN_53.3",-17.56745,-149.88608,"2017","Plectroglyphidodon johnstonianus",3.97887357729738
"376",383,"Moorea","Vaianae1","B8","Forereef","10/18/17",14.4,250,"MOO17","484","MOO17_484","Pomacentridae","Plectroglyphidodon","johnstonianus","PLECJOHN",27.1,34.9,1.028,"MOO17_484_PLECJOHN_27.1",-17.56745,-149.88608,"2017","Plectroglyphidodon johnstonianus",3.97887357729738
"377",384,"Moorea","Vaianae1","B8","Forereef","10/18/17",14.4,250,"MOO17","485","MOO17_485","Pomacentridae","Chromis","margaritifer","CHROMARG",36.3,54.5,2.643,"MOO17_485_CHROMARG_36.3",-17.56745,-149.88608,"2017","Chromis margaritifer",3.97887357729738
"378",385,"Moorea","Vaianae1","B8","Forereef","10/18/17",14.4,250,"MOO17","486","MOO17_486","Pomacentridae","Chromis","margaritifer","CHROMARG",31.6,47.4,1.306,"MOO17_486_CHROMARG_31.6",-17.56745,-149.88608,"2017","Chromis margaritifer",3.97887357729738
"379",386,"Moorea","Vaianae1","B8","Forereef","10/18/17",14.4,250,"MOO17","487","MOO17_487","Pomacentridae","Chromis","acares","CHROACAR",24.5,36.7,0.558,"MOO17_487_CHROACAR_24.5",-17.56745,-149.88608,"2017","Chromis acares",3.97887357729738
"380",387,"Moorea","Vaianae1","B8","Forereef","10/18/17",14.4,250,"MOO17","488","MOO17_488","Pomacentridae","Chromis","acares","CHROACAR",19.3,28.3,0.297,"MOO17_488_CHROACAR_19.3",-17.56745,-149.88608,"2017","Chromis acares",3.97887357729738
"381",388,"Moorea","Vaianae1","B8","Forereef","10/18/17",14.4,250,"MOO17","489","MOO17_489","Pomacentridae","Chromis","acares","CHROACAR",17.2,23,0.194,"MOO17_489_CHROACAR_17.2",-17.56745,-149.88608,"2017","Chromis acares",3.97887357729738
"382",389,"Moorea","Vaianae1","B8","Forereef","10/18/17",14.4,250,"MOO17","490","MOO17_490","Pseudochromidae","Pseudoplesiops","revellei","PSEUREVE",22.4,27.6,0.269,"MOO17_490_PSEUREVE_22.4",-17.56745,-149.88608,"2017","Pseudoplesiops revellei",3.97887357729738
"383",390,"Moorea","Vaianae1","B8","Forereef","10/18/17",14.4,250,"MOO17","491","MOO17_491","Scorpaenidae","Caracanthus","unipinna","CARAUNIP",17,22.8,0.366,"MOO17_491_CARAUNIP_17",-17.56745,-149.88608,"2017","Caracanthus unipinna",3.97887357729738
"384",391,"Moorea","Vaianae1","B8","Forereef","10/18/17",14.4,250,"MOO17","492","MOO17_492","Gobiidae","Priolepis","ailina","PRIOAILI",16.8,20.5,0.13,"MOO17_492_PRIOAILI_16.8",-17.56745,-149.88608,"2017","Priolepis ailina",3.97887357729738
"385",392,"Moorea","Vaianae1","B8","Forereef","10/18/17",14.4,250,"MOO17","493","MOO17_493","Serranidae","Pseudogramma","polyacanthum","PSEUPOLY",25.1,29.2,0.375,"MOO17_493_PSEUPOLY_25.1",-17.56745,-149.88608,"2017","Pseudogramma polyacanthum",3.97887357729738
"386",393,"Moorea","Vaianae1","B8","Forereef","10/18/17",14.4,250,"MOO17","494","MOO17_494","Apogonidae","Apogon","susanae","APOGSUSA",26.8,35,0.68,"MOO17_494_APOGSUSA_26.8",-17.56745,-149.88608,"2017","Apogon susanae",3.97887357729738
"387",394,"Moorea","Vaianae1","B8","Forereef","10/18/17",14.4,250,"MOO17","495","MOO17_495","Apogonidae","Pristiapogon","fraenatus","PRISFRAE",27.1,37,0.51,"MOO17_495_PRISFRAE_27.1",-17.56745,-149.88608,"2017","Pristiapogon fraenatus",3.97887357729738
"388",395,"Moorea","Vaianae1","B8","Forereef","10/18/17",14.4,250,"MOO17","496","MOO17_496","Apogonidae","Pristiapogon","fraenatus","PRISFRAE",21.4,27.6,0.22,"MOO17_496_PRISFRAE_21.4",-17.56745,-149.88608,"2017","Pristiapogon fraenatus",3.97887357729738
"389",396,"Moorea","Vaianae1","B8","Forereef","10/18/17",14.4,250,"MOO17","497","MOO17_497","Apogonidae","Ostorhinchus","angustatus","OSTOANGU",24.7,31.5,0.387,"MOO17_497_OSTOANGU_24.7",-17.56745,-149.88608,"2017","Ostorhinchus angustatus",3.97887357729738
"390",397,"Moorea","Vaianae1","B8","Forereef","10/18/17",14.4,250,"MOO17","498","MOO17_498","Serranidae","Plectranthias","nanus","PLECNANU",26.3,33.3,0.597,"MOO17_498_PLECNANU_26.3",-17.56745,-149.88608,"2017","Plectranthias nanus",3.97887357729738
"391",398,"Moorea","Vaianae1","B8","Forereef","10/18/17",14.4,250,"MOO17","499","MOO17_499","Muraenidae","Uropterygius","fuscoguttatus","UROPFUSC",53.3,35.2,0.148,"MOO17_499_UROPFUSC_53.3",-17.56745,-149.88608,"2017","Uropterygius fuscoguttatus",3.97887357729738
"392",399,"Moorea","Vaianae1","B8","Forereef","10/18/17",14.4,250,"MOO17","500","MOO17_500","Gobiidae","Gobiodon","quinquestrigatus","GOBIQUIN",10.3,13,0.051,"MOO17_500_GOBIQUIN_10.3",-17.56745,-149.88608,"2017","Gobiodon quinquestrigatus",3.97887357729738
"393",400,"Moorea","Vaianae1","B8","Forereef","10/18/17",14.4,250,"MOO17","501","MOO17_501","Scorpaenidae","Sebastapistes","mauritiana","SEBAMAUR",17.5,17.3,0.097,"MOO17_501_SEBAMAUR_17.5",-17.56745,-149.88608,"2017","Sebastapistes mauritiana",3.97887357729738
"394",401,"Moorea","Vaianae1","B8","Forereef","10/18/17",14.4,250,"MOO17","502","MOO17_502","Scorpaenidae","Scorpaenodes","varipinnis","SCORVARI",9.4,11.7,0.033,"MOO17_502_SCORVARI_9.4",-17.56745,-149.88608,"2017","Scorpaenodes varipinnis",3.97887357729738
"395",402,"Moorea","Vaianae1","B8","Forereef","10/18/17",14.4,250,"MOO17","503","MOO17_503","Tripterygiidae","Enneapterygius","pyramis","ENNEPYRA",23.3,28.4,0.238,"MOO17_503_ENNEPYRA_23.3",-17.56745,-149.88608,"2017","Enneapterygius pyramis",3.97887357729738
"396",403,"Moorea","Vaianae1","B8","Forereef","10/18/17",14.4,250,"MOO17","504","MOO17_504","Tripterygiidae","Enneapterygius","pyramis","ENNEPYRA",19.8,23.9,0.151,"MOO17_504_ENNEPYRA_19.8",-17.56745,-149.88608,"2017","Enneapterygius pyramis",3.97887357729738
"397",404,"Moorea","Vaianae1","B8","Forereef","10/18/17",14.4,250,"MOO17","505","MOO17_505","Tripterygiidae","Enneapterygius","pyramis","ENNEPYRA",21.5,26.6,0.203,"MOO17_505_ENNEPYRA_21.5",-17.56745,-149.88608,"2017","Enneapterygius pyramis",3.97887357729738
"398",405,"Moorea","Vaianae1","B8","Forereef","10/18/17",14.4,250,"MOO17","506","MOO17_506","Tripterygiidae","Enneapterygius","pyramis","ENNEPYRA",19.3,23.8,0.138,"MOO17_506_ENNEPYRA_19.3",-17.56745,-149.88608,"2017","Enneapterygius pyramis",3.97887357729738
"399",406,"Moorea","Vaianae1","B8","Forereef","10/18/17",14.4,250,"MOO17","507","MOO17_507","Tripterygiidae","Enneapterygius","pyramis","ENNEPYRA",19.2,23.8,0.145,"MOO17_507_ENNEPYRA_19.2",-17.56745,-149.88608,"2017","Enneapterygius pyramis",3.97887357729738
"400",407,"Moorea","Vaianae1","B8","Forereef","10/18/17",14.4,250,"MOO17","508","MOO17_508","Serranidae","Plectranthias","nanus","PLECNANU",10.3,13.8,0.039,"MOO17_508_PLECNANU_10.3",-17.56745,-149.88608,"2017","Plectranthias nanus",3.97887357729738
"401",408,"Moorea","Vaianae1","B8","Forereef","10/18/17",14.4,250,"MOO17","509","MOO17_509","Serranidae","Pseudogramma","polyacanthum","PSEUPOLY",13.3,15.7,0.047,"MOO17_509_PSEUPOLY_13.3",-17.56745,-149.88608,"2017","Pseudogramma polyacanthum",3.97887357729738
"402",409,"Moorea","Vaianae1","B8","Forereef","10/18/17",14.4,250,"MOO17","510","MOO17_510","Serranidae","Pseudogramma","polyacanthum","PSEUPOLY",12.5,15.1,0.035,"MOO17_510_PSEUPOLY_12.5",-17.56745,-149.88608,"2017","Pseudogramma polyacanthum",3.97887357729738
"403",410,"Moorea","Vaianae1","B8","Forereef","10/18/17",14.4,250,"MOO17","511","MOO17_511","Labridae","Thalassoma","lutescens","THALLUTE",13.4,16.3,0.056,"MOO17_511_THALLUTE_13.4",-17.56745,-149.88608,"2017","Thalassoma lutescens",3.97887357729738
"404",411,"Moorea","Vaianae1","B8","Forereef","10/18/17",14.4,250,"MOO17","512","MOO17_512","Gobiidae","Eviota","cflatifasciata","EVIOCFLA",8.9,10.8,0.013,"MOO17_512_EVIOCFLA_8.9",-17.56745,-149.88608,"2017","Eviota cflatifasciata",3.97887357729738
"405",412,"Moorea","Vaianae1","B8","Forereef","10/18/17",14.4,250,"MOO17","513","MOO17_513","Gobiidae","Eviota","cflatifasciata","EVIOCFLA",9.3,11.1,0.013,"MOO17_513_EVIOCFLA_9.3",-17.56745,-149.88608,"2017","Eviota cflatifasciata",3.97887357729738
"406",413,"Moorea","Vaianae1","B8","Forereef","10/18/17",14.4,250,"MOO17","514","MOO17_514","Gobiidae","Eviota","cflatifasciata","EVIOCFLA",9.9,11.9,0.014,"MOO17_514_EVIOCFLA_9.9",-17.56745,-149.88608,"2017","Eviota cflatifasciata",3.97887357729738
"407",416,"Moorea","Maatea2","B9","Backreef","10/18/17",2,300,"MOO17","517","MOO17_517","Scorpaenidae","Dendrochirus","biocellatus","DENDBIOC",88.6,114.9,24.076,"MOO17_517_DENDBIOC_88.6",-17.59058,-149.79814,"2017","Dendrochirus biocellatus",5.72957795130823
"408",417,"Moorea","Maatea2","B9","Backreef","10/18/17",2,300,"MOO17","518","MOO17_518","Serranidae","Pseudogramma","polyacanthum","PSEUPOLY",45.6,52.9,2.133,"MOO17_518_PSEUPOLY_45.6",-17.59058,-149.79814,"2017","Pseudogramma polyacanthum",5.72957795130823
"409",418,"Moorea","Maatea2","B9","Backreef","10/18/17",2,300,"MOO17","519","MOO17_519","Apogonidae","Pristiapogon","kallopterus","PRISKALL",33.9,45.1,1.178,"MOO17_519_PRISKALL_33.9",-17.59058,-149.79814,"2017","Pristiapogon kallopterus",5.72957795130823
"410",419,"Moorea","Maatea2","B9","Backreef","10/18/17",2,300,"MOO17","520","MOO17_520","Labridae","Pseudocheilinus","hexataenia","PSEUHEXA",26.3,34.4,0.67,"MOO17_520_PSEUHEXA_26.3",-17.59058,-149.79814,"2017","Pseudocheilinus hexataenia",5.72957795130823
"411",420,"Moorea","Maatea2","B9","Backreef","10/18/17",2,300,"MOO17","521","MOO17_521","Apogonidae","Ostorhinchus","nigrofasciatus","OSTONIGR",31.9,41.7,0.88,"MOO17_521_OSTONIGR_31.9",-17.59058,-149.79814,"2017","Ostorhinchus nigrofasciatus",5.72957795130823
"412",421,"Moorea","Maatea2","B9","Backreef","10/18/17",2,300,"MOO17","522","MOO17_522","Apogonidae","Ostorhinchus","nigrofasciatus","OSTONIGR",31.4,41.1,0.878,"MOO17_522_OSTONIGR_31.4",-17.59058,-149.79814,"2017","Ostorhinchus nigrofasciatus",5.72957795130823
"413",422,"Moorea","Maatea2","B9","Backreef","10/18/17",2,300,"MOO17","523","MOO17_523","Apogonidae","Ostorhinchus","nigrofasciatus","OSTONIGR",20,20.7,0.223,"MOO17_523_OSTONIGR_20",-17.59058,-149.79814,"2017","Ostorhinchus nigrofasciatus",5.72957795130823
"414",423,"Moorea","Maatea2","B9","Backreef","10/18/17",2,300,"MOO17","524","MOO17_524","Apogonidae","Ostorhinchus","nigrofasciatus","OSTONIGR",18.5,24.2,0.153,"MOO17_524_OSTONIGR_18.5",-17.59058,-149.79814,"2017","Ostorhinchus nigrofasciatus",5.72957795130823
"415",424,"Moorea","Maatea2","B9","Backreef","10/18/17",2,300,"MOO17","525","MOO17_525","Apogonidae","Ostorhinchus","nigrofasciatus","OSTONIGR",16.1,21.3,0.037,"MOO17_525_OSTONIGR_16.1",-17.59058,-149.79814,"2017","Ostorhinchus nigrofasciatus",5.72957795130823
"416",425,"Moorea","Maatea2","B9","Backreef","10/18/17",2,300,"MOO17","526","MOO17_526","Apogonidae","Ostorhinchus","nigrofasciatus","OSTONIGR",16.5,21.4,0.104,"MOO17_526_OSTONIGR_16.5",-17.59058,-149.79814,"2017","Ostorhinchus nigrofasciatus",5.72957795130823
"417",426,"Moorea","Maatea2","B9","Backreef","10/18/17",2,300,"MOO17","527","MOO17_527","Apogonidae","Pristiapogon","kallopterus","PRISKALL",26,34.9,0.461,"MOO17_527_PRISKALL_26",-17.59058,-149.79814,"2017","Pristiapogon kallopterus",5.72957795130823
"418",427,"Moorea","Maatea2","B9","Backreef","10/18/17",2,300,"MOO17","528","MOO17_528","Apogonidae","Ostorhinchus","nigrofasciatus","OSTONIGR",16.4,21.7,0.121,"MOO17_528_OSTONIGR_16.4",-17.59058,-149.79814,"2017","Ostorhinchus nigrofasciatus",5.72957795130823
"419",428,"Moorea","Maatea2","B9","Backreef","10/18/17",2,300,"MOO17","529","MOO17_529","Apogonidae","Pristiapogon","fraenatus","PRISFRAE",21.9,27.8,0.236,"MOO17_529_PRISFRAE_21.9",-17.59058,-149.79814,"2017","Pristiapogon fraenatus",5.72957795130823
"420",429,"Moorea","Maatea2","B9","Backreef","10/18/17",2,300,"MOO17","530","MOO17_530","Apogonidae","Apogon","susanae","APOGSUSA",23.5,30.7,0.431,"MOO17_530_APOGSUSA_23.5",-17.59058,-149.79814,"2017","Apogon susanae",5.72957795130823
"421",430,"Moorea","Maatea2","B9","Backreef","10/18/17",2,300,"MOO17","531","MOO17_531","Apogonidae","Apogon","susanae","APOGSUSA",29.1,32.7,0.516,"MOO17_531_APOGSUSA_29.1",-17.59058,-149.79814,"2017","Apogon susanae",5.72957795130823
"422",431,"Moorea","Maatea2","B9","Backreef","10/18/17",2,300,"MOO17","532","MOO17_532","Apogonidae","Apogon","susanae","APOGSUSA",25.1,33.7,0.547,"MOO17_532_APOGSUSA_25.1",-17.59058,-149.79814,"2017","Apogon susanae",5.72957795130823
"423",432,"Moorea","Maatea2","B9","Backreef","10/18/17",2,300,"MOO17","533","MOO17_533","Apogonidae","Apogon","speA","APOGSPEA",13.7,18.6,0.1,"MOO17_533_APOGSPEA_13.7",-17.59058,-149.79814,"2017","Apogon speA",5.72957795130823
"424",433,"Moorea","Maatea2","B9","Backreef","10/18/17",2,300,"MOO17","534","MOO17_534","Gobiidae","Priolepis","squamogena","PRIOSQUA",21.9,28.6,0.257,"MOO17_534_PRIOSQUA_21.9",-17.59058,-149.79814,"2017","Priolepis squamogena",5.72957795130823
"425",434,"Moorea","Maatea2","B9","Backreef","10/18/17",2,300,"MOO17","535","MOO17_535","Gobiidae","Priolepis","semidoliata","PRIOSEMI",19,24.6,0.194,"MOO17_535_PRIOSEMI_19",-17.59058,-149.79814,"2017","Priolepis semidoliata",5.72957795130823
"426",435,"Moorea","Maatea2","B9","Backreef","10/18/17",2,300,"MOO17","536","MOO17_536","Gobiidae","Priolepis","squamogena","PRIOSQUA",19.2,24.1,0.143,"MOO17_536_PRIOSQUA_19.2",-17.59058,-149.79814,"2017","Priolepis squamogena",5.72957795130823
"427",436,"Moorea","Maatea2","B9","Backreef","10/18/17",2,300,"MOO17","537","MOO17_537","Gobiidae","Priolepis","compita","PRIOCOMP",10,12.8,0.019,"MOO17_537_PRIOCOMP_10",-17.59058,-149.79814,"2017","Priolepis compita",5.72957795130823
"428",437,"Moorea","Maatea2","B9","Backreef","10/18/17",2,300,"MOO17","538","MOO17_538","Scorpaenidae","Scorpaenodes","scaber","SCORSCAB",21.6,27.1,0.374,"MOO17_538_SCORSCAB_21.6",-17.59058,-149.79814,"2017","Scorpaenodes scaber",5.72957795130823
"429",438,"Moorea","Maatea2","B9","Backreef","10/18/17",2,300,"MOO17","539","MOO17_539","Scorpaenidae","Scorpaenodes","scaber","SCORSCAB",20.7,25.4,0.335,"MOO17_539_SCORSCAB_20.7",-17.59058,-149.79814,"2017","Scorpaenodes scaber",5.72957795130823
"430",439,"Moorea","Maatea2","B9","Backreef","10/18/17",2,300,"MOO17","540","MOO17_540","Scorpaenidae","Scorpaenodes","scaber","SCORSCAB",18.1,23.5,0.231,"MOO17_540_SCORSCAB_18.1",-17.59058,-149.79814,"2017","Scorpaenodes scaber",5.72957795130823
"431",440,"Moorea","Maatea2","B9","Backreef","10/18/17",2,300,"MOO17","541","MOO17_541","Scorpaenidae","Scorpaenodes","scaber","SCORSCAB",13.7,17.8,0.1,"MOO17_541_SCORSCAB_13.7",-17.59058,-149.79814,"2017","Scorpaenodes scaber",5.72957795130823
"432",441,"Moorea","Maatea2","B9","Backreef","10/18/17",2,300,"MOO17","542","MOO17_542","Scorpaenidae","Scorpaenodes","scaber","SCORSCAB",9.7,12,0.037,"MOO17_542_SCORSCAB_9.7",-17.59058,-149.79814,"2017","Scorpaenodes scaber",5.72957795130823
"433",442,"Moorea","Maatea2","B9","Backreef","10/18/17",2,300,"MOO17","543","MOO17_543","Gobiidae","Fusigobius","neophytus","FUSINEOP",26.3,33.7,0.343,"MOO17_543_FUSINEOP_26.3",-17.59058,-149.79814,"2017","Fusigobius neophytus",5.72957795130823
"434",443,"Moorea","Maatea2","B9","Backreef","10/18/17",2,300,"MOO17","544","MOO17_544","Gobiidae","Fusigobius","neophytus","FUSINEOP",20.2,29.8,0.139,"MOO17_544_FUSINEOP_20.2",-17.59058,-149.79814,"2017","Fusigobius neophytus",5.72957795130823
"435",444,"Moorea","Maatea2","B9","Backreef","10/18/17",2,300,"MOO17","545","MOO17_545","Tripterygiidae","Enneapterygius","pyramis","ENNEPYRA",20.4,24.6,0.158,"MOO17_545_ENNEPYRA_20.4",-17.59058,-149.79814,"2017","Enneapterygius pyramis",5.72957795130823
"436",445,"Moorea","Maatea2","B9","Backreef","10/18/17",2,300,"MOO17","546","MOO17_546","Tripterygiidae","Enneapterygius","pyramis","ENNEPYRA",20.3,24.4,0.16,"MOO17_546_ENNEPYRA_20.3",-17.59058,-149.79814,"2017","Enneapterygius pyramis",5.72957795130823
"437",446,"Moorea","Maatea2","B9","Backreef","10/18/17",2,300,"MOO17","547","MOO17_547","Tripterygiidae","Enneapterygius","pyramis","ENNEPYRA",19.1,23.7,0.143,"MOO17_547_ENNEPYRA_19.1",-17.59058,-149.79814,"2017","Enneapterygius pyramis",5.72957795130823
"438",447,"Moorea","Maatea2","B9","Backreef","10/18/17",2,300,"MOO17","548","MOO17_548","Tripterygiidae","Enneapterygius","pyramis","ENNEPYRA",19.7,24.5,0.16,"MOO17_548_ENNEPYRA_19.7",-17.59058,-149.79814,"2017","Enneapterygius pyramis",5.72957795130823
"439",448,"Moorea","Maatea2","B9","Backreef","10/18/17",2,300,"MOO17","549","MOO17_549","Tripterygiidae","Enneapterygius","pyramis","ENNEPYRA",19.5,23.9,0.156,"MOO17_549_ENNEPYRA_19.5",-17.59058,-149.79814,"2017","Enneapterygius pyramis",5.72957795130823
"440",449,"Moorea","Maatea2","B9","Backreef","10/18/17",2,300,"MOO17","550","MOO17_550","Tripterygiidae","Enneapterygius","pyramis","ENNEPYRA",22.8,28.5,0.228,"MOO17_550_ENNEPYRA_22.8",-17.59058,-149.79814,"2017","Enneapterygius pyramis",5.72957795130823
"441",450,"Moorea","Maatea2","B9","Backreef","10/18/17",2,300,"MOO17","551","MOO17_551","Tripterygiidae","Enneapterygius","pyramis","ENNEPYRA",19.1,23.4,0.125,"MOO17_551_ENNEPYRA_19.1",-17.59058,-149.79814,"2017","Enneapterygius pyramis",5.72957795130823
"442",451,"Moorea","Maatea2","B9","Backreef","10/18/17",2,300,"MOO17","552A","MOO17_552A","Tripterygiidae","Enneapterygius","pyramis","ENNEPYRA",15.5,20.3,0.078,"MOO17_552A_ENNEPYRA_15.5",-17.59058,-149.79814,"2017","Enneapterygius pyramis",5.72957795130823
"443",452,"Moorea","Maatea2","B9","Backreef","10/18/17",2,300,"MOO17","552B","MOO17_552B","Tripterygiidae","Enneapterygius","pyramis","ENNEPYRA",16.9,20.2,0.089,"MOO17_552B_ENNEPYRA_16.9",-17.59058,-149.79814,"2017","Enneapterygius pyramis",5.72957795130823
"444",453,"Moorea","Maatea2","B9","Backreef","10/18/17",2,300,"MOO17","553","MOO17_553","Tripterygiidae","Enneapterygius","pyramis","ENNEPYRA",12.9,16,0.034,"MOO17_553_ENNEPYRA_12.9",-17.59058,-149.79814,"2017","Enneapterygius pyramis",5.72957795130823
"445",454,"Moorea","Maatea2","B9","Backreef","10/18/17",2,300,"MOO17","554","MOO17_554","Tripterygiidae","Enneapterygius","pyramis","ENNEPYRA",12.6,15.6,0.03,"MOO17_554_ENNEPYRA_12.6",-17.59058,-149.79814,"2017","Enneapterygius pyramis",5.72957795130823
"446",455,"Moorea","Maatea2","B9","Backreef","10/18/17",2,300,"MOO17","555","MOO17_555","Gobiidae","Eviota","albolineata","EVIOALBO",13.3,17.2,0.04,"MOO17_555_EVIOALBO_13.3",-17.59058,-149.79814,"2017","Eviota albolineata",5.72957795130823
"447",456,"Moorea","Maatea2","B9","Backreef","10/18/17",2,300,"MOO17","556","MOO17_556","Gobiidae","Eviota","albolineata","EVIOALBO",18.9,25.1,0.166,"MOO17_556_EVIOALBO_18.9",-17.59058,-149.79814,"2017","Eviota albolineata",5.72957795130823
"448",457,"Moorea","Maatea2","B9","Backreef","10/18/17",2,300,"MOO17","557","MOO17_557","Gobiidae","Eviota","albolineata","EVIOALBO",21,26.6,0.18,"MOO17_557_EVIOALBO_21",-17.59058,-149.79814,"2017","Eviota albolineata",5.72957795130823
"449",458,"Moorea","Maatea2","B9","Backreef","10/18/17",2,300,"MOO17","558","MOO17_558","Gobiidae","Eviota","albolineata","EVIOALBO",16.9,28.5,0.102,"MOO17_558_EVIOALBO_16.9",-17.59058,-149.79814,"2017","Eviota albolineata",5.72957795130823
"450",459,"Moorea","Maatea2","B9","Backreef","10/18/17",2,300,"MOO17","559","MOO17_559","Gobiidae","Eviota","albolineata","EVIOALBO",17.9,21.2,0.108,"MOO17_559_EVIOALBO_17.9",-17.59058,-149.79814,"2017","Eviota albolineata",5.72957795130823
"451",460,"Moorea","Maatea2","B9","Backreef","10/18/17",2,300,"MOO17","560","MOO17_560","Gobiidae","Pleurosicya","labiata","PLEULABI",13.8,16.7,0.039,"MOO17_560_PLEULABI_13.8",-17.59058,-149.79814,"2017","Pleurosicya labiata",5.72957795130823
"452",461,"Moorea","Maatea2","B9","Backreef","10/18/17",2,300,"MOO17","561","MOO17_561","Gobiidae","Eviota","distigma","EVIODIST",12.2,15.8,0.042,"MOO17_561_EVIODIST_12.2",-17.59058,-149.79814,"2017","Eviota distigma",5.72957795130823
"453",462,"Moorea","Maatea2","B9","Backreef","10/18/17",2,300,"MOO17","562","MOO17_562","Gobiidae","Eviota","albolineata","EVIOALBO",13,15.9,0.03,"MOO17_562_EVIOALBO_13",-17.59058,-149.79814,"2017","Eviota albolineata",5.72957795130823
"454",463,"Moorea","Maatea2","B9","Backreef","10/18/17",2,300,"MOO17","563","MOO17_563","Gobiidae","Eviota","albolineata","EVIOALBO",13,16.8,0.04,"MOO17_563_EVIOALBO_13",-17.59058,-149.79814,"2017","Eviota albolineata",5.72957795130823
"455",464,"Moorea","Maatea2","B9","Backreef","10/18/17",2,300,"MOO17","564","MOO17_564","Blenniidae","Glyptoparus","delicatulus","GLYPDELI",12.3,14.8,0.03,"MOO17_564_GLYPDELI_12.3",-17.59058,-149.79814,"2017","Glyptoparus delicatulus",5.72957795130823
"456",465,"Moorea","Maatea2","B9","Backreef","10/18/17",2,300,"MOO17","565","MOO17_565","Scorpaenidae","Scorpaenidae","speA","SCORSPEA",8,11,0.02,"MOO17_565_SCORSPEA_8",-17.59058,-149.79814,"2017","Scorpaenidae speA",5.72957795130823
"457",466,"Moorea","Maatea2","B9","Backreef","10/18/17",2,300,"MOO17","566","MOO17_566","Gobiidae","Eviota","afelei","EVIOAFEL",7.5,9.3,0.004,"MOO17_566_EVIOAFEL_7.5",-17.59058,-149.79814,"2017","Eviota afelei",5.72957795130823
"458",467,"Moorea","Maatea2","B9","Backreef","10/18/17",2,300,"MOO17","567","MOO17_567","Gobiidae","Eviota","albolineata","EVIOALBO",17.1,21.1,0.123,"MOO17_567_EVIOALBO_17.1",-17.59058,-149.79814,"2017","Eviota albolineata",5.72957795130823
"459",468,"Moorea","Maatea2","B9","Backreef","10/18/17",2,300,"MOO17","568","MOO17_568","Gobiidae","Eviota","albolineata","EVIOALBO",16,19.8,0.082,"MOO17_568_EVIOALBO_16",-17.59058,-149.79814,"2017","Eviota albolineata",5.72957795130823
"460",469,"Moorea","Maatea2","B9","Backreef","10/18/17",2,300,"MOO17","569","MOO17_569","Gobiidae","Eviota","albolineata","EVIOALBO",16.1,19.3,0.082,"MOO17_569_EVIOALBO_16.1",-17.59058,-149.79814,"2017","Eviota albolineata",5.72957795130823
"461",470,"Moorea","Maatea2","B9","Backreef","10/18/17",2,300,"MOO17","570","MOO17_570","Gobiidae","Eviota","albolineata","EVIOALBO",14.2,18.6,0.073,"MOO17_570_EVIOALBO_14.2",-17.59058,-149.79814,"2017","Eviota albolineata",5.72957795130823
"462",471,"Moorea","Maatea2","B9","Backreef","10/18/17",2,300,"MOO17","571","MOO17_571","Gobiidae","Eviota","albolineata","EVIOALBO",13.9,17.4,0.05,"MOO17_571_EVIOALBO_13.9",-17.59058,-149.79814,"2017","Eviota albolineata",5.72957795130823
"463",472,"Moorea","Maatea2","B9","Backreef","10/18/17",2,300,"MOO17","572","MOO17_572","Gobiidae","Eviota","albolineata","EVIOALBO",12.7,16.5,0.037,"MOO17_572_EVIOALBO_12.7",-17.59058,-149.79814,"2017","Eviota albolineata",5.72957795130823
"464",473,"Moorea","Maatea2","B9","Backreef","10/18/17",2,300,"MOO17","573","MOO17_573","Gobiidae","Eviota","albolineata","EVIOALBO",13.4,16.4,0.046,"MOO17_573_EVIOALBO_13.4",-17.59058,-149.79814,"2017","Eviota albolineata",5.72957795130823
"465",474,"Moorea","Maatea2","B9","Backreef","10/18/17",2,300,"MOO17","574","MOO17_574","Gobiidae","Eviota","albolineata","EVIOALBO",12.2,16.3,0.029,"MOO17_574_EVIOALBO_12.2",-17.59058,-149.79814,"2017","Eviota albolineata",5.72957795130823
"466",475,"Moorea","Maatea2","B9","Backreef","10/18/17",2,300,"MOO17","575","MOO17_575","Gobiidae","Eviota","albolineata","EVIOALBO",11.9,14.4,0.023,"MOO17_575_EVIOALBO_11.9",-17.59058,-149.79814,"2017","Eviota albolineata",5.72957795130823
"467",476,"Moorea","Maatea2","B9","Backreef","10/18/17",2,300,"MOO17","576","MOO17_576","Gobiidae","Eviota","albolineata","EVIOALBO",11.5,15.5,0.036,"MOO17_576_EVIOALBO_11.5",-17.59058,-149.79814,"2017","Eviota albolineata",5.72957795130823
"468",477,"Moorea","Maatea2","B9","Backreef","10/18/17",2,300,"MOO17","577","MOO17_577","Gobiidae","Eviota","albolineata","EVIOALBO",14.3,17.8,0.058,"MOO17_577_EVIOALBO_14.3",-17.59058,-149.79814,"2017","Eviota albolineata",5.72957795130823
"469",478,"Moorea","Maatea2","B9","Backreef","10/18/17",2,300,"MOO17","578","MOO17_578","Gobiidae","Eviota","albolineata","EVIOALBO",12.9,16.5,0.04,"MOO17_578_EVIOALBO_12.9",-17.59058,-149.79814,"2017","Eviota albolineata",5.72957795130823
"470",479,"Moorea","Vaianae2","B10","Backreef","10/18/17",3.1,310,"MOO17","579","MOO17_579","Apogonidae","Pristiapogon","kallopterus","PRISKALL",50.7,67.3,4.202,"MOO17_579_PRISKALL_50.7",-17.5648,-149.88069,"2017","Pristiapogon kallopterus",6.11791601245246
"471",480,"Moorea","Vaianae2","B10","Backreef","10/18/17",3.1,310,"MOO17","580","MOO17_580","Apogonidae","Pristiapogon","kallopterus","PRISKALL",41,54.3,1.983,"MOO17_580_PRISKALL_41",-17.5648,-149.88069,"2017","Pristiapogon kallopterus",6.11791601245246
"472",481,"Moorea","Vaianae2","B10","Backreef","10/18/17",3.1,310,"MOO17","581","MOO17_581","Apogonidae","Pristiapogon","kallopterus","PRISKALL",52.5,70.4,4.727,"MOO17_581_PRISKALL_52.5",-17.5648,-149.88069,"2017","Pristiapogon kallopterus",6.11791601245246
"473",482,"Moorea","Vaianae2","B10","Backreef","10/18/17",3.1,310,"MOO17","582","MOO17_582","Apogonidae","Pristiapogon","kallopterus","PRISKALL",33.2,46.4,0.928,"MOO17_582_PRISKALL_33.2",-17.5648,-149.88069,"2017","Pristiapogon kallopterus",6.11791601245246
"474",483,"Moorea","Vaianae2","B10","Backreef","10/18/17",3.1,310,"MOO17","583","MOO17_583","Apogonidae","Pristiapogon","kallopterus","PRISKALL",39.2,51.9,1.644,"MOO17_583_PRISKALL_39.2",-17.5648,-149.88069,"2017","Pristiapogon kallopterus",6.11791601245246
"475",484,"Moorea","Vaianae2","B10","Backreef","10/18/17",3.1,310,"MOO17","584","MOO17_584","Apogonidae","Pristiapogon","kallopterus","PRISKALL",38.8,51,1.633,"MOO17_584_PRISKALL_38.8",-17.5648,-149.88069,"2017","Pristiapogon kallopterus",6.11791601245246
"476",485,"Moorea","Vaianae2","B10","Backreef","10/18/17",3.1,310,"MOO17","585","MOO17_585","Apogonidae","Pristiapogon","kallopterus","PRISKALL",47.3,61.6,3.133,"MOO17_585_PRISKALL_47.3",-17.5648,-149.88069,"2017","Pristiapogon kallopterus",6.11791601245246
"477",486,"Moorea","Vaianae2","B10","Backreef","10/18/17",3.1,310,"MOO17","586","MOO17_586","Apogonidae","Pristiapogon","kallopterus","PRISKALL",35.9,47.5,1.276,"MOO17_586_PRISKALL_35.9",-17.5648,-149.88069,"2017","Pristiapogon kallopterus",6.11791601245246
"478",487,"Moorea","Vaianae2","B10","Backreef","10/18/17",3.1,310,"MOO17","587","MOO17_587","Apogonidae","Pristiapogon","kallopterus","PRISKALL",47.1,62.2,3.004,"MOO17_587_PRISKALL_47.1",-17.5648,-149.88069,"2017","Pristiapogon kallopterus",6.11791601245246
"479",488,"Moorea","Vaianae2","B10","Backreef","10/18/17",3.1,310,"MOO17","588","MOO17_588","Apogonidae","Pristiapogon","kallopterus","PRISKALL",30.2,38.5,0.64,"MOO17_588_PRISKALL_30.2",-17.5648,-149.88069,"2017","Pristiapogon kallopterus",6.11791601245246
"480",489,"Moorea","Vaianae2","B10","Backreef","10/18/17",3.1,310,"MOO17","589","MOO17_589","Apogonidae","Pristiapogon","kallopterus","PRISKALL",34.1,45.6,1.029,"MOO17_589_PRISKALL_34.1",-17.5648,-149.88069,"2017","Pristiapogon kallopterus",6.11791601245246
"481",490,"Moorea","Vaianae2","B10","Backreef","10/18/17",3.1,310,"MOO17","590","MOO17_590","Apogonidae","Pristiapogon","kallopterus","PRISKALL",38.4,50.5,1.588,"MOO17_590_PRISKALL_38.4",-17.5648,-149.88069,"2017","Pristiapogon kallopterus",6.11791601245246
"482",491,"Moorea","Vaianae2","B10","Backreef","10/18/17",3.1,310,"MOO17","591","MOO17_591","Apogonidae","Pristiapogon","kallopterus","PRISKALL",40.7,52.9,1.855,"MOO17_591_PRISKALL_40.7",-17.5648,-149.88069,"2017","Pristiapogon kallopterus",6.11791601245246
"483",492,"Moorea","Vaianae2","B10","Backreef","10/18/17",3.1,310,"MOO17","592","MOO17_592","Apogonidae","Pristiapogon","kallopterus","PRISKALL",38.1,51.4,1.735,"MOO17_592_PRISKALL_38.1",-17.5648,-149.88069,"2017","Pristiapogon kallopterus",6.11791601245246
"484",493,"Moorea","Vaianae2","B10","Backreef","10/18/17",3.1,310,"MOO17","593","MOO17_593","Apogonidae","Pristiapogon","kallopterus","PRISKALL",36.8,48.2,1.493,"MOO17_593_PRISKALL_36.8",-17.5648,-149.88069,"2017","Pristiapogon kallopterus",6.11791601245246
"485",494,"Moorea","Vaianae2","B10","Backreef","10/18/17",3.1,310,"MOO17","594","MOO17_594","Apogonidae","Pristiapogon","kallopterus","PRISKALL",28.6,38.5,0.574,"MOO17_594_PRISKALL_28.6",-17.5648,-149.88069,"2017","Pristiapogon kallopterus",6.11791601245246
"486",495,"Moorea","Vaianae2","B10","Backreef","10/18/17",3.1,310,"MOO17","595","MOO17_595","Apogonidae","Pristiapogon","kallopterus","PRISKALL",32.4,41.7,0.93,"MOO17_595_PRISKALL_32.4",-17.5648,-149.88069,"2017","Pristiapogon kallopterus",6.11791601245246
"487",496,"Moorea","Vaianae2","B10","Backreef","10/18/17",3.1,310,"MOO17","596","MOO17_596","Apogonidae","Pristiapogon","kallopterus","PRISKALL",33.2,43.5,1.032,"MOO17_596_PRISKALL_33.2",-17.5648,-149.88069,"2017","Pristiapogon kallopterus",6.11791601245246
"488",497,"Moorea","Vaianae2","B10","Backreef","10/18/17",3.1,310,"MOO17","597","MOO17_597","Apogonidae","Pristiapogon","kallopterus","PRISKALL",40.5,51.4,1.806,"MOO17_597_PRISKALL_40.5",-17.5648,-149.88069,"2017","Pristiapogon kallopterus",6.11791601245246
"489",498,"Moorea","Vaianae2","B10","Backreef","10/18/17",3.1,310,"MOO17","598","MOO17_598","Apogonidae","Pristiapogon","kallopterus","PRISKALL",34.2,43.5,0.972,"MOO17_598_PRISKALL_34.2",-17.5648,-149.88069,"2017","Pristiapogon kallopterus",6.11791601245246
"490",499,"Moorea","Vaianae2","B10","Backreef","10/18/17",3.1,310,"MOO17","600","MOO17_600","Apogonidae","Pristiapogon","kallopterus","PRISKALL",30.9,41.6,0.896,"MOO17_600_PRISKALL_30.9",-17.5648,-149.88069,"2017","Pristiapogon kallopterus",6.11791601245246
"491",500,"Moorea","Vaianae2","B10","Backreef","10/18/17",3.1,310,"MOO17","601","MOO17_601","Apogonidae","Pristiapogon","kallopterus","PRISKALL",38.1,50.9,1.8,"MOO17_601_PRISKALL_38.1",-17.5648,-149.88069,"2017","Pristiapogon kallopterus",6.11791601245246
"492",501,"Moorea","Vaianae2","B10","Backreef","10/18/17",3.1,310,"MOO17","602","MOO17_602","Apogonidae","Pristiapogon","kallopterus","PRISKALL",27.4,36.3,0.457,"MOO17_602_PRISKALL_27.4",-17.5648,-149.88069,"2017","Pristiapogon kallopterus",6.11791601245246
"493",502,"Moorea","Vaianae2","B10","Backreef","10/18/17",3.1,310,"MOO17","603","MOO17_603","Apogonidae","Pristiapogon","kallopterus","PRISKALL",30.1,40.3,0.717,"MOO17_603_PRISKALL_30.1",-17.5648,-149.88069,"2017","Pristiapogon kallopterus",6.11791601245246
"494",503,"Moorea","Vaianae2","B10","Backreef","10/18/17",3.1,310,"MOO17","604","MOO17_604","Apogonidae","Pristiapogon","kallopterus","PRISKALL",30.7,39.6,0.79,"MOO17_604_PRISKALL_30.7",-17.5648,-149.88069,"2017","Pristiapogon kallopterus",6.11791601245246
"495",504,"Moorea","Vaianae2","B10","Backreef","10/18/17",3.1,310,"MOO17","605","MOO17_605","Apogonidae","Pristiapogon","kallopterus","PRISKALL",34.4,45.3,1.09,"MOO17_605_PRISKALL_34.4",-17.5648,-149.88069,"2017","Pristiapogon kallopterus",6.11791601245246
"496",505,"Moorea","Vaianae2","B10","Backreef","10/18/17",3.1,310,"MOO17","606","MOO17_606","Apogonidae","Pristiapogon","kallopterus","PRISKALL",29.8,39.2,0.625,"MOO17_606_PRISKALL_29.8",-17.5648,-149.88069,"2017","Pristiapogon kallopterus",6.11791601245246
"497",506,"Moorea","Vaianae2","B10","Backreef","10/18/17",3.1,310,"MOO17","607","MOO17_607","Apogonidae","Pristiapogon","kallopterus","PRISKALL",34.6,44.9,1.044,"MOO17_607_PRISKALL_34.6",-17.5648,-149.88069,"2017","Pristiapogon kallopterus",6.11791601245246
"498",507,"Moorea","Vaianae2","B10","Backreef","10/18/17",3.1,310,"MOO17","608","MOO17_608","Apogonidae","Pristiapogon","kallopterus","PRISKALL",38.5,50.7,1.668,"MOO17_608_PRISKALL_38.5",-17.5648,-149.88069,"2017","Pristiapogon kallopterus",6.11791601245246
"499",508,"Moorea","Vaianae2","B10","Backreef","10/18/17",3.1,310,"MOO17","609","MOO17_609","Apogonidae","Pristiapogon","kallopterus","PRISKALL",42.1,54.8,2.098,"MOO17_609_PRISKALL_42.1",-17.5648,-149.88069,"2017","Pristiapogon kallopterus",6.11791601245246
"500",509,"Moorea","Vaianae2","B10","Backreef","10/18/17",3.1,310,"MOO17","610","MOO17_610","Apogonidae","Pristiapogon","kallopterus","PRISKALL",37.4,48.8,1.537,"MOO17_610_PRISKALL_37.4",-17.5648,-149.88069,"2017","Pristiapogon kallopterus",6.11791601245246
"501",510,"Moorea","Vaianae2","B10","Backreef","10/18/17",3.1,310,"MOO17","611","MOO17_611","Apogonidae","Pristiapogon","kallopterus","PRISKALL",31.2,40.3,0.828,"MOO17_611_PRISKALL_31.2",-17.5648,-149.88069,"2017","Pristiapogon kallopterus",6.11791601245246
"502",511,"Moorea","Vaianae2","B10","Backreef","10/18/17",3.1,310,"MOO17","612","MOO17_612","Apogonidae","Pristiapogon","kallopterus","PRISKALL",31.3,42.3,0.881,"MOO17_612_PRISKALL_31.3",-17.5648,-149.88069,"2017","Pristiapogon kallopterus",6.11791601245246
"503",512,"Moorea","Vaianae2","B10","Backreef","10/18/17",3.1,310,"MOO17","613","MOO17_613","Apogonidae","Pristiapogon","kallopterus","PRISKALL",31.9,42.9,0.874,"MOO17_613_PRISKALL_31.9",-17.5648,-149.88069,"2017","Pristiapogon kallopterus",6.11791601245246
"504",513,"Moorea","Vaianae2","B10","Backreef","10/18/17",3.1,310,"MOO17","614","MOO17_614","Apogonidae","Pristiapogon","kallopterus","PRISKALL",33.2,44.6,0.954,"MOO17_614_PRISKALL_33.2",-17.5648,-149.88069,"2017","Pristiapogon kallopterus",6.11791601245246
"505",514,"Moorea","Vaianae2","B10","Backreef","10/18/17",3.1,310,"MOO17","615","MOO17_615","Tetraodontidae","Canthigaster","solandri","CANTSOLA",68.3,77.3,11.367,"MOO17_615_CANTSOLA_68.3",-17.5648,-149.88069,"2017","Canthigaster solandri",6.11791601245246
"506",515,"Moorea","Vaianae2","B10","Backreef","10/18/17",3.1,310,"MOO17","616","MOO17_616","Serranidae","Cephalopholis","argus","CEPHARGU",49,65.4,3.941,"MOO17_616_CEPHARGU_49",-17.5648,-149.88069,"2017","Cephalopholis argus",6.11791601245246
"507",516,"Moorea","Vaianae2","B10","Backreef","10/18/17",3.1,310,"MOO17","617","MOO17_617","Labridae","Thalassoma","hardwicke","THALHARD",39.4,49.4,1.485,"MOO17_617_THALHARD_39.4",-17.5648,-149.88069,"2017","Thalassoma hardwicke",6.11791601245246
"508",517,"Moorea","Vaianae2","B10","Backreef","10/18/17",3.1,310,"MOO17","618","MOO17_618","Labridae","Thalassoma","hardwicke","THALHARD",25.5,31.7,0.438,"MOO17_618_THALHARD_25.5",-17.5648,-149.88069,"2017","Thalassoma hardwicke",6.11791601245246
"509",518,"Moorea","Vaianae2","B10","Backreef","10/18/17",3.1,310,"MOO17","619","MOO17_619","Apogonidae","Apogon","crassiceps","APOGCRAS",30,40.3,1.651,"MOO17_619_APOGCRAS_30",-17.5648,-149.88069,"2017","Apogon crassiceps",6.11791601245246
"510",519,"Moorea","Vaianae2","B10","Backreef","10/18/17",3.1,310,"MOO17","620","MOO17_620","Apogonidae","Apogon","crassiceps","APOGCRAS",27.9,39,0.853,"MOO17_620_APOGCRAS_27.9",-17.5648,-149.88069,"2017","Apogon crassiceps",6.11791601245246
"511",520,"Moorea","Vaianae2","B10","Backreef","10/18/17",3.1,310,"MOO17","621","MOO17_621","Scorpaenidae","Scorpaenodes","scaber","SCORSCAB",25.4,33.4,0.628,"MOO17_621_SCORSCAB_25.4",-17.5648,-149.88069,"2017","Scorpaenodes scaber",6.11791601245246
"512",521,"Moorea","Vaianae2","B10","Backreef","10/18/17",3.1,310,"MOO17","622","MOO17_622","Pomacentridae","Pomacentrus","pavo","POMAPAVO",37.9,53.2,2.21,"MOO17_622_POMAPAVO_37.9",-17.5648,-149.88069,"2017","Pomacentrus pavo",6.11791601245246
"513",522,"Moorea","Vaianae2","B10","Backreef","10/18/17",3.1,310,"MOO17","623","MOO17_623","Pomacentridae","Pomacentrus","pavo","POMAPAVO",34.1,47.6,1.534,"MOO17_623_POMAPAVO_34.1",-17.5648,-149.88069,"2017","Pomacentrus pavo",6.11791601245246
"514",523,"Moorea","Vaianae2","B10","Backreef","10/18/17",3.1,310,"MOO17","624","MOO17_624","Pomacentridae","Pomacentrus","pavo","POMAPAVO",32.1,46,1.343,"MOO17_624_POMAPAVO_32.1",-17.5648,-149.88069,"2017","Pomacentrus pavo",6.11791601245246
"515",524,"Moorea","Vaianae2","B10","Backreef","10/18/17",3.1,310,"MOO17","625","MOO17_625","Pomacentridae","Pomacentrus","pavo","POMAPAVO",26.7,38.1,0.881,"MOO17_625_POMAPAVO_26.7",-17.5648,-149.88069,"2017","Pomacentrus pavo",6.11791601245246
"516",525,"Moorea","Vaianae2","B10","Backreef","10/18/17",3.1,310,"MOO17","626","MOO17_626","Pomacentridae","Chrysiptera","brownriggi","CHRYBROW",33,43.7,1.473,"MOO17_626_CHRYBROW_33",-17.5648,-149.88069,"2017","Chrysiptera brownriggi",6.11791601245246
"517",526,"Moorea","Vaianae2","B10","Backreef","10/18/17",3.1,310,"MOO17","627","MOO17_627","Pomacentridae","Chrysiptera","brownriggi","CHRYBROW",28.5,38.3,1.01,"MOO17_627_CHRYBROW_28.5",-17.5648,-149.88069,"2017","Chrysiptera brownriggi",6.11791601245246
"518",527,"Moorea","Vaianae2","B10","Backreef","10/18/17",3.1,310,"MOO17","628","MOO17_628","Pomacentridae","Stegastes","nigricans","STEGNIGR",27.1,38,1.072,"MOO17_628_STEGNIGR_27.1",-17.5648,-149.88069,"2017","Stegastes nigricans",6.11791601245246
"519",528,"Moorea","Vaianae2","B10","Backreef","10/18/17",3.1,310,"MOO17","629","MOO17_629","Scorpaenidae","Scorpaenodes","scaber","SCORSCAB",23.8,31.1,0.56,"MOO17_629_SCORSCAB_23.8",-17.5648,-149.88069,"2017","Scorpaenodes scaber",6.11791601245246
"520",529,"Moorea","Vaianae2","B10","Backreef","10/18/17",3.1,310,"MOO17","630","MOO17_630","Labridae","Thalassoma","hardwicke","THALHARD",21.6,27,0.265,"MOO17_630_THALHARD_21.6",-17.5648,-149.88069,"2017","Thalassoma hardwicke",6.11791601245246
"521",530,"Moorea","Vaianae2","B10","Backreef","10/18/17",3.1,310,"MOO17","631","MOO17_631","Creediidae","Limnichthys","nitidus","LIMNNITI",14.2,17.2,0.028,"MOO17_631_LIMNNITI_14.2",-17.5648,-149.88069,"2017","Limnichthys nitidus",6.11791601245246
"522",531,"Moorea","Vaianae2","B10","Backreef","10/18/17",3.1,310,"MOO17","632","MOO17_632","Gobiidae","Cabillus","tongarevae","CABITONG",21.2,25.7,0.208,"MOO17_632_CABITONG_21.2",-17.5648,-149.88069,"2017","Cabillus tongarevae",6.11791601245246
"523",532,"Moorea","Vaianae2","B10","Backreef","10/18/17",3.1,310,"MOO17","633","MOO17_633","Blenniidae","Glyptoparus","delicatulus","GLYPDELI",26.6,30.9,0.319,"MOO17_633_GLYPDELI_26.6",-17.5648,-149.88069,"2017","Glyptoparus delicatulus",6.11791601245246
"524",533,"Moorea","Vaianae2","B10","Backreef","10/18/17",3.1,310,"MOO17","634","MOO17_634","Blenniidae","Glyptoparus","delicatulus","GLYPDELI",22.1,26.6,0.187,"MOO17_634_GLYPDELI_22.1",-17.5648,-149.88069,"2017","Glyptoparus delicatulus",6.11791601245246
"525",534,"Moorea","Vaianae2","B10","Backreef","10/18/17",3.1,310,"MOO17","635","MOO17_635","Blenniidae","Glyptoparus","delicatulus","GLYPDELI",22.4,26.8,0.189,"MOO17_635_GLYPDELI_22.4",-17.5648,-149.88069,"2017","Glyptoparus delicatulus",6.11791601245246
"526",535,"Moorea","Vaianae2","B10","Backreef","10/18/17",3.1,310,"MOO17","636","MOO17_636","Gobiidae","Fusigobius","neophytus","FUSINEOP",30.9,39.6,0.607,"MOO17_636_FUSINEOP_30.9",-17.5648,-149.88069,"2017","Fusigobius neophytus",6.11791601245246
"527",536,"Moorea","Vaianae2","B10","Backreef","10/18/17",3.1,310,"MOO17","637","MOO17_637","Gobiidae","Gnatholepis","cauerensis","GNATCAUE",23.1,29.8,0.26,"MOO17_637_GNATCAUE_23.1",-17.5648,-149.88069,"2017","Gnatholepis cauerensis",6.11791601245246
"528",537,"Moorea","Vaianae2","B10","Backreef","10/18/17",3.1,310,"MOO17","638","MOO17_638","Gobiidae","Pleurosicya","labiata","PLEULABI",12,14.2,0.035,"MOO17_638_PLEULABI_12",-17.5648,-149.88069,"2017","Pleurosicya labiata",6.11791601245246
"529",538,"Moorea","Vaianae2","B10","Backreef","10/18/17",3.1,310,"MOO17","639","MOO17_639","Gobiidae","Pleurosicya","labiata","PLEULABI",11.2,13.6,0.028,"MOO17_639_PLEULABI_11.2",-17.5648,-149.88069,"2017","Pleurosicya labiata",6.11791601245246
"530",539,"Moorea","Vaianae2","B10","Backreef","10/18/17",3.1,310,"MOO17","640","MOO17_640","Gobiidae","Eviota","afelei","EVIOAFEL",6.9,9,0.006,"MOO17_640_EVIOAFEL_6.9",-17.5648,-149.88069,"2017","Eviota afelei",6.11791601245246
"531",540,"Moorea","Vaianae2","B10","Backreef","10/18/17",3.1,310,"MOO17","641","MOO17_641","Gobiidae","Eviota","afelei","EVIOAFEL",7,8.5,0.009,"MOO17_641_EVIOAFEL_7",-17.5648,-149.88069,"2017","Eviota afelei",6.11791601245246
"532",541,"Moorea","Vaianae2","B10","Backreef","10/18/17",3.1,310,"MOO17","642","MOO17_642","Blenniidae","Glyptoparus","delicatulus","GLYPDELI",25.5,29.4,0.305,"MOO17_642_GLYPDELI_25.5",-17.5648,-149.88069,"2017","Glyptoparus delicatulus",6.11791601245246
"533",542,"Moorea","Vaianae2","B10","Backreef","10/18/17",3.1,310,"MOO17","643","MOO17_643","Blenniidae","Glyptoparus","delicatulus","GLYPDELI",21.9,25.6,0.194,"MOO17_643_GLYPDELI_21.9",-17.5648,-149.88069,"2017","Glyptoparus delicatulus",6.11791601245246
"534",543,"Moorea","Vaianae2","B10","Backreef","10/18/17",3.1,310,"MOO17","644","MOO17_644","Blenniidae","Glyptoparus","delicatulus","GLYPDELI",21.4,25.6,0.181,"MOO17_644_GLYPDELI_21.4",-17.5648,-149.88069,"2017","Glyptoparus delicatulus",6.11791601245246
"535",544,"Moorea","Vaianae2","B10","Backreef","10/18/17",3.1,310,"MOO17","645","MOO17_645","Blenniidae","Glyptoparus","delicatulus","GLYPDELI",19.6,22.9,0.113,"MOO17_645_GLYPDELI_19.6",-17.5648,-149.88069,"2017","Glyptoparus delicatulus",6.11791601245246
"536",545,"Moorea","Vaianae2","B10","Backreef","10/18/17",3.1,310,"MOO17","646","MOO17_646","Blenniidae","Glyptoparus","delicatulus","GLYPDELI",19,23.1,0.151,"MOO17_646_GLYPDELI_19",-17.5648,-149.88069,"2017","Glyptoparus delicatulus",6.11791601245246
"537",546,"Moorea","Vaianae2","B10","Backreef","10/18/17",3.1,310,"MOO17","647","MOO17_647","Blenniidae","Glyptoparus","delicatulus","GLYPDELI",13.8,16.4,0.055,"MOO17_647_GLYPDELI_13.8",-17.5648,-149.88069,"2017","Glyptoparus delicatulus",6.11791601245246
"538",547,"Moorea","Vaianae2","B10","Backreef","10/18/17",3.1,310,"MOO17","648","MOO17_648","Blenniidae","Glyptoparus","delicatulus","GLYPDELI",13.3,16.6,0.053,"MOO17_648_GLYPDELI_13.3",-17.5648,-149.88069,"2017","Glyptoparus delicatulus",6.11791601245246
"539",548,"Moorea","Vaianae2","B10","Backreef","10/18/17",3.1,310,"MOO17","649","MOO17_649","Gobiidae","Eviota","afelei","EVIOAFEL",12.8,15.7,0.042,"MOO17_649_EVIOAFEL_12.8",-17.5648,-149.88069,"2017","Eviota afelei",6.11791601245246
"540",549,"Moorea","Vaianae2","B10","Backreef","10/18/17",3.1,310,"MOO17","650","MOO17_650","Gobiidae","Eviota","afelei","EVIOAFEL",11.8,14.6,0.042,"MOO17_650_EVIOAFEL_11.8",-17.5648,-149.88069,"2017","Eviota afelei",6.11791601245246
"541",550,"Moorea","Vaianae2","B10","Backreef","10/18/17",3.1,310,"MOO17","651","MOO17_651","Gobiidae","Eviota","afelei","EVIOAFEL",13,16.4,0.057,"MOO17_651_EVIOAFEL_13",-17.5648,-149.88069,"2017","Eviota afelei",6.11791601245246
"542",551,"Moorea","Vaianae2","B10","Backreef","10/18/17",3.1,310,"MOO17","652","MOO17_652","Gobiidae","Eviota","afelei","EVIOAFEL",12.7,15.3,0.048,"MOO17_652_EVIOAFEL_12.7",-17.5648,-149.88069,"2017","Eviota afelei",6.11791601245246
"543",552,"Moorea","Vaianae2","B10","Backreef","10/18/17",3.1,310,"MOO17","653","MOO17_653","Gobiidae","Eviota","afelei","EVIOAFEL",12.9,16.6,0.062,"MOO17_653_EVIOAFEL_12.9",-17.5648,-149.88069,"2017","Eviota afelei",6.11791601245246
"544",553,"Moorea","Vaianae2","B10","Backreef","10/18/17",3.1,310,"MOO17","654","MOO17_654","Gobiidae","Eviota","albolineata","EVIOALBO",19.7,25.8,0.175,"MOO17_654_EVIOALBO_19.7",-17.5648,-149.88069,"2017","Eviota albolineata",6.11791601245246
"545",554,"Moorea","Vaianae2","B10","Backreef","10/18/17",3.1,310,"MOO17","655","MOO17_655","Gobiidae","Eviota","albolineata","EVIOALBO",18.1,22.4,0.127,"MOO17_655_EVIOALBO_18.1",-17.5648,-149.88069,"2017","Eviota albolineata",6.11791601245246
"546",555,"Moorea","Vaianae2","B10","Backreef","10/18/17",3.1,310,"MOO17","656","MOO17_656","Gobiidae","Eviota","albolineata","EVIOALBO",18.1,22.5,0.139,"MOO17_656_EVIOALBO_18.1",-17.5648,-149.88069,"2017","Eviota albolineata",6.11791601245246
"547",556,"Moorea","Vaianae2","B10","Backreef","10/18/17",3.1,310,"MOO17","657","MOO17_657","Gobiidae","Eviota","albolineata","EVIOALBO",17.8,22.1,0.121,"MOO17_657_EVIOALBO_17.8",-17.5648,-149.88069,"2017","Eviota albolineata",6.11791601245246
"548",557,"Moorea","Vaianae2","B10","Backreef","10/18/17",3.1,310,"MOO17","658","MOO17_658","Gobiidae","Eviota","albolineata","EVIOALBO",19.6,23.7,0.164,"MOO17_658_EVIOALBO_19.6",-17.5648,-149.88069,"2017","Eviota albolineata",6.11791601245246
"549",558,"Moorea","Vaianae2","B10","Backreef","10/18/17",3.1,310,"MOO17","659","MOO17_659","Gobiidae","Eviota","albolineata","EVIOALBO",19.6,24.6,0.169,"MOO17_659_EVIOALBO_19.6",-17.5648,-149.88069,"2017","Eviota albolineata",6.11791601245246
"550",559,"Moorea","Vaianae2","B10","Backreef","10/18/17",3.1,310,"MOO17","660","MOO17_660","Gobiidae","Eviota","albolineata","EVIOALBO",18.4,22.3,0.117,"MOO17_660_EVIOALBO_18.4",-17.5648,-149.88069,"2017","Eviota albolineata",6.11791601245246
"551",560,"Moorea","Vaianae2","B10","Backreef","10/18/17",3.1,310,"MOO17","661","MOO17_661","Gobiidae","Eviota","albolineata","EVIOALBO",15.6,19,0.068,"MOO17_661_EVIOALBO_15.6",-17.5648,-149.88069,"2017","Eviota albolineata",6.11791601245246
"552",561,"Moorea","Vaianae2","B10","Backreef","10/18/17",3.1,310,"MOO17","662","MOO17_662","Gobiidae","Eviota","albolineata","EVIOALBO",17.2,20.5,0.093,"MOO17_662_EVIOALBO_17.2",-17.5648,-149.88069,"2017","Eviota albolineata",6.11791601245246
"553",562,"Moorea","Vaianae2","B10","Backreef","10/18/17",3.1,310,"MOO17","663","MOO17_663","Gobiidae","Eviota","albolineata","EVIOALBO",18.9,23.2,0.144,"MOO17_663_EVIOALBO_18.9",-17.5648,-149.88069,"2017","Eviota albolineata",6.11791601245246
"554",563,"Moorea","Vaianae2","B10","Backreef","10/18/17",3.1,310,"MOO17","664","MOO17_664","Gobiidae","Eviota","albolineata","EVIOALBO",16.3,20.2,0.099,"MOO17_664_EVIOALBO_16.3",-17.5648,-149.88069,"2017","Eviota albolineata",6.11791601245246
"555",564,"Moorea","Vaianae2","B10","Backreef","10/18/17",3.1,310,"MOO17","665","MOO17_665","Gobiidae","Eviota","albolineata","EVIOALBO",15.9,18.7,0.084,"MOO17_665_EVIOALBO_15.9",-17.5648,-149.88069,"2017","Eviota albolineata",6.11791601245246
"556",565,"Moorea","Vaianae2","B10","Backreef","10/18/17",3.1,310,"MOO17","666","MOO17_666","Gobiidae","Eviota","albolineata","EVIOALBO",16.9,20.4,0.092,"MOO17_666_EVIOALBO_16.9",-17.5648,-149.88069,"2017","Eviota albolineata",6.11791601245246
"557",566,"Moorea","Vaianae2","B10","Backreef","10/18/17",3.1,310,"MOO17","667","MOO17_667","Gobiidae","Eviota","albolineata","EVIOALBO",14.8,17.5,0.062,"MOO17_667_EVIOALBO_14.8",-17.5648,-149.88069,"2017","Eviota albolineata",6.11791601245246
"558",567,"Moorea","Vaianae2","B10","Backreef","10/18/17",3.1,310,"MOO17","668","MOO17_668","Gobiidae","Eviota","albolineata","EVIOALBO",14.5,17.7,0.057,"MOO17_668_EVIOALBO_14.5",-17.5648,-149.88069,"2017","Eviota albolineata",6.11791601245246
"559",568,"Moorea","Vaianae2","B10","Backreef","10/18/17",3.1,310,"MOO17","669","MOO17_669","Gobiidae","Eviota","albolineata","EVIOALBO",17.4,20.9,0.112,"MOO17_669_EVIOALBO_17.4",-17.5648,-149.88069,"2017","Eviota albolineata",6.11791601245246
"560",569,"Moorea","Vaianae2","B10","Backreef","10/18/17",3.1,310,"MOO17","670","MOO17_670","Gobiidae","Eviota","albolineata","EVIOALBO",16.2,19.3,0.081,"MOO17_670_EVIOALBO_16.2",-17.5648,-149.88069,"2017","Eviota albolineata",6.11791601245246
"561",570,"Moorea","Vaianae2","B10","Backreef","10/18/17",3.1,310,"MOO17","671","MOO17_671","Gobiidae","Eviota","albolineata","EVIOALBO",12.7,14.5,0.035,"MOO17_671_EVIOALBO_12.7",-17.5648,-149.88069,"2017","Eviota albolineata",6.11791601245246
"562",571,"Moorea","Vaianae2","B10","Backreef","10/18/17",3.1,310,"MOO17","672","MOO17_672","Gobiidae","Eviota","albolineata","EVIOALBO",10.5,12.9,0.025,"MOO17_672_EVIOALBO_10.5",-17.5648,-149.88069,"2017","Eviota albolineata",6.11791601245246
"563",572,"Moorea","Vaianae2","B10","Backreef","10/18/17",3.1,310,"MOO17","673","MOO17_673","Gobiidae","Eviota","albolineata","EVIOALBO",15.7,18.5,0.074,"MOO17_673_EVIOALBO_15.7",-17.5648,-149.88069,"2017","Eviota albolineata",6.11791601245246
"564",573,"Moorea","Vaianae2","B10","Backreef","10/18/17",3.1,310,"MOO17","674","MOO17_674","Gobiidae","Eviota","albolineata","EVIOALBO",17.5,21.5,0.107,"MOO17_674_EVIOALBO_17.5",-17.5648,-149.88069,"2017","Eviota albolineata",6.11791601245246
"565",574,"Moorea","Vaianae2","B10","Backreef","10/18/17",3.1,310,"MOO17","675","MOO17_675","Gobiidae","Eviota","albolineata","EVIOALBO",8,10.2,0.007,"MOO17_675_EVIOALBO_8",-17.5648,-149.88069,"2017","Eviota albolineata",6.11791601245246
"566",575,"Moorea","Vaianae2","B10","Backreef","10/18/17",3.1,310,"MOO17","676","MOO17_676","Gobiidae","Eviota","albolineata","EVIOALBO",9.6,11.3,0.015,"MOO17_676_EVIOALBO_9.6",-17.5648,-149.88069,"2017","Eviota albolineata",6.11791601245246
"567",576,"Moorea","Vaianae2","B10","Backreef","10/18/17",3.1,310,"MOO17","677","MOO17_677","Gobiidae","Eviota","afelei","EVIOAFEL",11.2,14.5,0.041,"MOO17_677_EVIOAFEL_11.2",-17.5648,-149.88069,"2017","Eviota afelei",6.11791601245246
"568",577,"Moorea","Vaianae2","B10","Backreef","10/18/17",3.1,310,"MOO17","678","MOO17_678","Gobiidae","Eviota","afelei","EVIOAFEL",11.6,14.5,0.038,"MOO17_678_EVIOAFEL_11.6",-17.5648,-149.88069,"2017","Eviota afelei",6.11791601245246
"569",578,"Moorea","Vaianae2","B10","Backreef","10/18/17",3.1,310,"MOO17","679","MOO17_679","Gobiidae","Eviota","afelei","EVIOAFEL",12.6,15.9,0.044,"MOO17_679_EVIOAFEL_12.6",-17.5648,-149.88069,"2017","Eviota afelei",6.11791601245246
"570",579,"Moorea","Vaianae2","B10","Backreef","10/18/17",3.1,310,"MOO17","680","MOO17_680","Gobiidae","Eviota","afelei","EVIOAFEL",12.3,15.3,0.056,"MOO17_680_EVIOAFEL_12.3",-17.5648,-149.88069,"2017","Eviota afelei",6.11791601245246
"571",580,"Moorea","Vaianae2","B10","Backreef","10/18/17",3.1,310,"MOO17","681","MOO17_681","Gobiidae","Eviota","afelei","EVIOAFEL",12,14.5,0.037,"MOO17_681_EVIOAFEL_12",-17.5648,-149.88069,"2017","Eviota afelei",6.11791601245246
"572",581,"Moorea","Vaianae2","B10","Backreef","10/18/17",3.1,310,"MOO17","682","MOO17_682","Gobiidae","Eviota","afelei","EVIOAFEL",10.9,13.4,0.034,"MOO17_682_EVIOAFEL_10.9",-17.5648,-149.88069,"2017","Eviota afelei",6.11791601245246
"573",582,"Moorea","Vaianae2","B10","Backreef","10/18/17",3.1,310,"MOO17","683","MOO17_683","Gobiidae","Eviota","afelei","EVIOAFEL",12.1,14.9,0.047,"MOO17_683_EVIOAFEL_12.1",-17.5648,-149.88069,"2017","Eviota afelei",6.11791601245246
"574",583,"Moorea","Vaianae2","B10","Backreef","10/18/17",3.1,310,"MOO17","684","MOO17_684","Gobiidae","Eviota","afelei","EVIOAFEL",10.7,13.8,0.035,"MOO17_684_EVIOAFEL_10.7",-17.5648,-149.88069,"2017","Eviota afelei",6.11791601245246
"575",584,"Moorea","Vaianae2","B10","Backreef","10/18/17",3.1,310,"MOO17","685","MOO17_685","Gobiidae","Eviota","afelei","EVIOAFEL",7.8,10.4,0.011,"MOO17_685_EVIOAFEL_7.8",-17.5648,-149.88069,"2017","Eviota afelei",6.11791601245246
"576",585,"Moorea","Vaianae2","B10","Backreef","10/18/17",3.1,310,"MOO17","686","MOO17_686","Gobiidae","Eviota","afelei","EVIOAFEL",13,14.7,0.05,"MOO17_686_EVIOAFEL_13",-17.5648,-149.88069,"2017","Eviota afelei",6.11791601245246
"577",586,"Moorea","Vaianae2","B10","Backreef","10/18/17",3.1,310,"MOO17","687","MOO17_687","Gobiidae","Eviota","afelei","EVIOAFEL",11.4,14.1,0.033,"MOO17_687_EVIOAFEL_11.4",-17.5648,-149.88069,"2017","Eviota afelei",6.11791601245246
"578",587,"Moorea","Vaianae2","B10","Backreef","10/18/17",3.1,310,"MOO17","688","MOO17_688","Gobiidae","Eviota","afelei","EVIOAFEL",10,12.1,0.02,"MOO17_688_EVIOAFEL_10",-17.5648,-149.88069,"2017","Eviota afelei",6.11791601245246
"579",588,"Moorea","Vaianae2","B10","Backreef","10/18/17",3.1,310,"MOO17","689","MOO17_689","Gobiidae","Eviota","afelei","EVIOAFEL",9.4,10.4,0.016,"MOO17_689_EVIOAFEL_9.4",-17.5648,-149.88069,"2017","Eviota afelei",6.11791601245246
"580",589,"Moorea","Vaianae2","B10","Backreef","10/18/17",3.1,310,"MOO17","690","MOO17_690","Gobiidae","Eviota","afelei","EVIOAFEL",7.8,9.5,0.009,"MOO17_690_EVIOAFEL_7.8",-17.5648,-149.88069,"2017","Eviota afelei",6.11791601245246
"581",590,"Moorea","Vaianae2","B10","Backreef","10/18/17",3.1,310,"MOO17","691","MOO17_691","Gobiidae","Eviota","afelei","EVIOAFEL",6.8,8.6,0.004,"MOO17_691_EVIOAFEL_6.8",-17.5648,-149.88069,"2017","Eviota afelei",6.11791601245246
"582",597,"Moorea","Haapiti2","B11","Backreef","10/19/17",2.1,310,"MOO17","698","MOO17_698","Gobiidae","Paragobiodon","lacunicolus","PARALACU",19.9,23.1,0.352,"MOO17_698_PARALACU_19.9",-17.54986,-149.89603,"2017","Paragobiodon lacunicolus",6.11791601245246
"583",598,"Moorea","Haapiti2","B11","Backreef","10/19/17",2.1,310,"MOO17","699","MOO17_699","Blenniidae","Enchelyurus","ater","ENCHATER",21.1,25.5,0.209,"MOO17_699_ENCHATER_21.1",-17.54986,-149.89603,"2017","Enchelyurus ater",6.11791601245246
"584",599,"Moorea","Haapiti2","B11","Backreef","10/19/17",2.1,310,"MOO17","700","MOO17_700","Serranidae","Pseudogramma","polyacanthum","PSEUPOLY",25.8,44.4,1.022,"MOO17_700_PSEUPOLY_25.8",-17.54986,-149.89603,"2017","Pseudogramma polyacanthum",6.11791601245246
"585",600,"Moorea","Haapiti2","B11","Backreef","10/19/17",2.1,310,"MOO17","701","MOO17_701","Labridae","Pseudocheilinus","hexataenia","PSEUHEXA",31.7,40.6,1.103,"MOO17_701_PSEUHEXA_31.7",-17.54986,-149.89603,"2017","Pseudocheilinus hexataenia",6.11791601245246
"586",601,"Moorea","Haapiti2","B11","Backreef","10/19/17",2.1,310,"MOO17","702","MOO17_702","Labridae","Pseudocheilinus","hexataenia","PSEUHEXA",24.6,30.2,0.436,"MOO17_702_PSEUHEXA_24.6",-17.54986,-149.89603,"2017","Pseudocheilinus hexataenia",6.11791601245246
"587",602,"Moorea","Haapiti2","B11","Backreef","10/19/17",2.1,310,"MOO17","703","MOO17_703","Labridae","Pseudocheilinus","hexataenia","PSEUHEXA",15.8,20.3,0.225,"MOO17_703_PSEUHEXA_15.8",-17.54986,-149.89603,"2017","Pseudocheilinus hexataenia",6.11791601245246
"588",603,"Moorea","Haapiti2","B11","Backreef","10/19/17",2.1,310,"MOO17","704","MOO17_704","Scorpaenidae","Scorpaenodes","scaber","SCORSCAB",33.5,43.4,1.175,"MOO17_704_SCORSCAB_33.5",-17.54986,-149.89603,"2017","Scorpaenodes scaber",6.11791601245246
"589",604,"Moorea","Haapiti2","B11","Backreef","10/19/17",2.1,310,"MOO17","705","MOO17_705","Tripterygiidae","Enneapterygius","pyramis","ENNEPYRA",19.2,23.8,0.127,"MOO17_705_ENNEPYRA_19.2",-17.54986,-149.89603,"2017","Enneapterygius pyramis",6.11791601245246
"590",605,"Moorea","Haapiti2","B11","Backreef","10/19/17",2.1,310,"MOO17","706","MOO17_706","Gobiidae","Eviota","distigma","EVIODIST",14.4,18.5,0.065,"MOO17_706_EVIODIST_14.4",-17.54986,-149.89603,"2017","Eviota distigma",6.11791601245246
"591",606,"Moorea","Haapiti2","B11","Backreef","10/19/17",2.1,310,"MOO17","707","MOO17_707","Gobiidae","Fusigobius","neophytus","FUSINEOP",28.1,36.6,0.533,"MOO17_707_FUSINEOP_28.1",-17.54986,-149.89603,"2017","Fusigobius neophytus",6.11791601245246
"592",607,"Moorea","Haapiti2","B11","Backreef","10/19/17",2.1,310,"MOO17","708","MOO17_708","Gobiidae","Eviota","albolineata","EVIOALBO",18.2,22.8,0.121,"MOO17_708_EVIOALBO_18.2",-17.54986,-149.89603,"2017","Eviota albolineata",6.11791601245246
"593",608,"Moorea","Haapiti2","B11","Backreef","10/19/17",2.1,310,"MOO17","709","MOO17_709","Gobiidae","Priolepis","semidoliata","PRIOSEMI",14.6,18.2,0.065,"MOO17_709_PRIOSEMI_14.6",-17.54986,-149.89603,"2017","Priolepis semidoliata",6.11791601245246
"594",609,"Moorea","Haapiti2","B11","Backreef","10/19/17",2.1,310,"MOO17","710","MOO17_710","Gobiidae","Priolepis","semidoliata","PRIOSEMI",16.8,21.4,0.134,"MOO17_710_PRIOSEMI_16.8",-17.54986,-149.89603,"2017","Priolepis semidoliata",6.11791601245246
"595",610,"Moorea","Haapiti2","B11","Backreef","10/19/17",2.1,310,"MOO17","711","MOO17_711","Blenniidae","Glyptoparus","delicatulus","GLYPDELI",22.9,26.9,0.208,"MOO17_711_GLYPDELI_22.9",-17.54986,-149.89603,"2017","Glyptoparus delicatulus",6.11791601245246
"596",611,"Moorea","Haapiti2","B11","Backreef","10/19/17",2.1,310,"MOO17","712","MOO17_712","Gobiidae","Gnatholepis","cauerensis","GNATCAUE",16.8,20.1,0.093,"MOO17_712_GNATCAUE_16.8",-17.54986,-149.89603,"2017","Gnatholepis cauerensis",6.11791601245246
"597",612,"Moorea","Haapiti2","B11","Backreef","10/19/17",2.1,310,"MOO17","713","MOO17_713","Pomacentridae","Chromis","atripectoralis","CHROATRI",33.9,45.2,1.767,"MOO17_713_CHROATRI_33.9",-17.54986,-149.89603,"2017","Chromis atripectoralis",6.11791601245246
"598",613,"Moorea","Haapiti2","B11","Backreef","10/19/17",2.1,310,"MOO17","714","MOO17_714","Pomacentridae","Stegastes","nigricans","STEGNIGR",41.8,54.8,3.451,"MOO17_714_STEGNIGR_41.8",-17.54986,-149.89603,"2017","Stegastes nigricans",6.11791601245246
"599",614,"Moorea","Haapiti2","B11","Backreef","10/19/17",2.1,310,"MOO17","715","MOO17_715","Pomacentridae","Stegastes","nigricans","STEGNIGR",29.1,50,2.713,"MOO17_715_STEGNIGR_29.1",-17.54986,-149.89603,"2017","Stegastes nigricans",6.11791601245246
"600",615,"Moorea","Haapiti2","B11","Backreef","10/19/17",2.1,310,"MOO17","716","MOO17_716","Pomacentridae","Stegastes","nigricans","STEGNIGR",15.1,18.2,0.123,"MOO17_716_STEGNIGR_15.1",-17.54986,-149.89603,"2017","Stegastes nigricans",6.11791601245246
"601",616,"Moorea","Haapiti2","B11","Backreef","10/19/17",2.1,310,"MOO17","717","MOO17_717","Pomacentridae","Stegastes","nigricans","STEGNIGR",16.3,19.9,0.151,"MOO17_717_STEGNIGR_16.3",-17.54986,-149.89603,"2017","Stegastes nigricans",6.11791601245246
"602",617,"Moorea","Haapiti2","B11","Backreef","10/19/17",2.1,310,"MOO17","718","MOO17_718","Pomacentridae","Stegastes","nigricans","STEGNIGR",19.9,25.4,0.344,"MOO17_718_STEGNIGR_19.9",-17.54986,-149.89603,"2017","Stegastes nigricans",6.11791601245246
"603",618,"Moorea","Haapiti2","B11","Backreef","10/19/17",2.1,310,"MOO17","719","MOO17_719","Gobiidae","Eviota","albolineata","EVIOALBO",18.9,23.2,0.227,"MOO17_719_EVIOALBO_18.9",-17.54986,-149.89603,"2017","Eviota albolineata",6.11791601245246
"604",619,"Moorea","Haapiti2","B11","Backreef","10/19/17",2.1,310,"MOO17","720","MOO17_720","Gobiidae","Gnatholepis","cauerensis","GNATCAUE",15.7,20.4,0.072,"MOO17_720_GNATCAUE_15.7",-17.54986,-149.89603,"2017","Gnatholepis cauerensis",6.11791601245246
"605",620,"Moorea","Haapiti2","B11","Backreef","10/19/17",2.1,310,"MOO17","721","MOO17_721","Apogonidae","Apogon","crassiceps","APOGCRAS",30.5,44.7,1.146,"MOO17_721_APOGCRAS_30.5",-17.54986,-149.89603,"2017","Apogon crassiceps",6.11791601245246
"606",621,"Moorea","Haapiti2","B11","Backreef","10/19/17",2.1,310,"MOO17","722","MOO17_722","Apogonidae","Apogon","crassiceps","APOGCRAS",30.9,41.2,0.947,"MOO17_722_APOGCRAS_30.9",-17.54986,-149.89603,"2017","Apogon crassiceps",6.11791601245246
"607",622,"Moorea","Haapiti2","B11","Backreef","10/19/17",2.1,310,"MOO17","723","MOO17_723","Apogonidae","Ostorhinchus","nigrofasciatus","OSTONIGR",43.8,54.6,2.199,"MOO17_723_OSTONIGR_43.8",-17.54986,-149.89603,"2017","Ostorhinchus nigrofasciatus",6.11791601245246
"608",623,"Moorea","Haapiti2","B11","Backreef","10/19/17",2.1,310,"MOO17","724","MOO17_724","Apogonidae","Ostorhinchus","nigrofasciatus","OSTONIGR",47.2,60,2.552,"MOO17_724_OSTONIGR_47.2",-17.54986,-149.89603,"2017","Ostorhinchus nigrofasciatus",6.11791601245246
"609",624,"Moorea","Haapiti2","B11","Backreef","10/19/17",2.1,310,"MOO17","725","MOO17_725","Gobiidae","Eviota","afelei","EVIOAFEL",13.1,15,0.045,"MOO17_725_EVIOAFEL_13.1",-17.54986,-149.89603,"2017","Eviota afelei",6.11791601245246
"610",625,"Moorea","Haapiti2","B11","Backreef","10/19/17",2.1,310,"MOO17","726","MOO17_726","Gobiidae","Eviota","afelei","EVIOAFEL",12.9,15.8,0.041,"MOO17_726_EVIOAFEL_12.9",-17.54986,-149.89603,"2017","Eviota afelei",6.11791601245246
"611",626,"Moorea","Haapiti2","B11","Backreef","10/19/17",2.1,310,"MOO17","727","MOO17_727","Gobiidae","Eviota","afelei","EVIOAFEL",14,16.2,0.036,"MOO17_727_EVIOAFEL_14",-17.54986,-149.89603,"2017","Eviota afelei",6.11791601245246
"612",627,"Moorea","Haapiti2","B11","Backreef","10/19/17",2.1,310,"MOO17","728","MOO17_728","Gobiidae","Eviota","afelei","EVIOAFEL",12.6,15.6,0.031,"MOO17_728_EVIOAFEL_12.6",-17.54986,-149.89603,"2017","Eviota afelei",6.11791601245246
"613",628,"Moorea","Haapiti2","B11","Backreef","10/19/17",2.1,310,"MOO17","729","MOO17_729","Pomacentridae","Chromis","atripectoralis","CHROATRI",31.7,44.5,1.61,"MOO17_729_CHROATRI_31.7",-17.54986,-149.89603,"2017","Chromis atripectoralis",6.11791601245246
"614",629,"Moorea","Haapiti2","B11","Backreef","10/19/17",2.1,310,"MOO17","730","MOO17_730","Pomacentridae","Chromis","atripectoralis","CHROATRI",33.5,45.3,1.881,"MOO17_730_CHROATRI_33.5",-17.54986,-149.89603,"2017","Chromis atripectoralis",6.11791601245246
"615",630,"Moorea","Haapiti2","B11","Backreef","10/19/17",2.1,310,"MOO17","731","MOO17_731","Pomacentridae","Chromis","atripectoralis","CHROATRI",33.5,41.2,1.377,"MOO17_731_CHROATRI_33.5",-17.54986,-149.89603,"2017","Chromis atripectoralis",6.11791601245246
"616",631,"Moorea","Haapiti2","B11","Backreef","10/19/17",2.1,310,"MOO17","732","MOO17_732","Pomacentridae","Chromis","atripectoralis","CHROATRI",29.9,39.4,1.364,"MOO17_732_CHROATRI_29.9",-17.54986,-149.89603,"2017","Chromis atripectoralis",6.11791601245246
"617",632,"Moorea","Haapiti2","B11","Backreef","10/19/17",2.1,310,"MOO17","733","MOO17_733","Apogonidae","Pristiapogon","kallopterus","PRISKALL",52.2,72.3,4.98,"MOO17_733_PRISKALL_52.2",-17.54986,-149.89603,"2017","Pristiapogon kallopterus",6.11791601245246
"618",633,"Moorea","Haapiti2","B11","Backreef","10/19/17",2.1,310,"MOO17","734","MOO17_734","Apogonidae","Pristiapogon","kallopterus","PRISKALL",45.7,62.4,3.099,"MOO17_734_PRISKALL_45.7",-17.54986,-149.89603,"2017","Pristiapogon kallopterus",6.11791601245246
"619",634,"Moorea","Haapiti2","B11","Backreef","10/19/17",2.1,310,"MOO17","735","MOO17_735","Apogonidae","Pristiapogon","kallopterus","PRISKALL",41.5,57.7,2.48,"MOO17_735_PRISKALL_41.5",-17.54986,-149.89603,"2017","Pristiapogon kallopterus",6.11791601245246
"620",635,"Moorea","Haapiti2","B11","Backreef","10/19/17",2.1,310,"MOO17","736","MOO17_736","Apogonidae","Pristiapogon","kallopterus","PRISKALL",37.5,52.7,2.027,"MOO17_736_PRISKALL_37.5",-17.54986,-149.89603,"2017","Pristiapogon kallopterus",6.11791601245246
"621",636,"Moorea","Haapiti2","B11","Backreef","10/19/17",2.1,310,"MOO17","737","MOO17_737","Apogonidae","Pristiapogon","kallopterus","PRISKALL",41.9,57.3,2.625,"MOO17_737_PRISKALL_41.9",-17.54986,-149.89603,"2017","Pristiapogon kallopterus",6.11791601245246
"622",637,"Moorea","Haapiti2","B11","Backreef","10/19/17",2.1,310,"MOO17","738","MOO17_738","Apogonidae","Pristiapogon","kallopterus","PRISKALL",40.5,52.8,1.811,"MOO17_738_PRISKALL_40.5",-17.54986,-149.89603,"2017","Pristiapogon kallopterus",6.11791601245246
"623",638,"Moorea","Haapiti2","B11","Backreef","10/19/17",2.1,310,"MOO17","739","MOO17_739","Apogonidae","Pristiapogon","kallopterus","PRISKALL",32.1,43.6,1.742,"MOO17_739_PRISKALL_32.1",-17.54986,-149.89603,"2017","Pristiapogon kallopterus",6.11791601245246
"624",639,"Moorea","Haapiti2","B11","Backreef","10/19/17",2.1,310,"MOO17","740","MOO17_740","Apogonidae","Pristiapogon","kallopterus","PRISKALL",36.4,51.1,1.546,"MOO17_740_PRISKALL_36.4",-17.54986,-149.89603,"2017","Pristiapogon kallopterus",6.11791601245246
"625",640,"Moorea","Haapiti2","B11","Backreef","10/19/17",2.1,310,"MOO17","741","MOO17_741","Apogonidae","Pristiapogon","exostigma","PRISEXOS",34.3,46.5,1.306,"MOO17_741_PRISEXOS_34.3",-17.54986,-149.89603,"2017","Pristiapogon exostigma",6.11791601245246
"626",641,"Moorea","Haapiti2","B11","Backreef","10/19/17",2.1,310,"MOO17","742","MOO17_742","Apogonidae","Pristiapogon","fraenatus","PRISFRAE",29.3,53.1,1.76,"MOO17_742_PRISFRAE_29.3",-17.54986,-149.89603,"2017","Pristiapogon fraenatus",6.11791601245246
"627",642,"Moorea","Haapiti2","B11","Backreef","10/19/17",2.1,310,"MOO17","743","MOO17_743","Apogonidae","Pristiapogon","exostigma","PRISEXOS",40.2,53.9,1.97,"MOO17_743_PRISEXOS_40.2",-17.54986,-149.89603,"2017","Pristiapogon exostigma",6.11791601245246
"628",643,"Moorea","Haapiti2","B11","Backreef","10/19/17",2.1,310,"MOO17","744","MOO17_744","Apogonidae","Pristiapogon","fraenatus","PRISFRAE",31.4,56.9,2.008,"MOO17_744_PRISFRAE_31.4",-17.54986,-149.89603,"2017","Pristiapogon fraenatus",6.11791601245246
"629",644,"Moorea","Haapiti2","B11","Backreef","10/19/17",2.1,310,"MOO17","745","MOO17_745","Apogonidae","Pristiapogon","exostigma","PRISEXOS",33.2,46.2,1.113,"MOO17_745_PRISEXOS_33.2",-17.54986,-149.89603,"2017","Pristiapogon exostigma",6.11791601245246
"630",645,"Moorea","Haapiti2","B11","Backreef","10/19/17",2.1,310,"MOO17","746","MOO17_746","Apogonidae","Pristiapogon","kallopterus","PRISKALL",33.4,46,1.057,"MOO17_746_PRISKALL_33.4",-17.54986,-149.89603,"2017","Pristiapogon kallopterus",6.11791601245246
"631",646,"Moorea","Haapiti2","B11","Backreef","10/19/17",2.1,310,"MOO17","747","MOO17_747","Apogonidae","Pristiapogon","kallopterus","PRISKALL",33,42.9,0.786,"MOO17_747_PRISKALL_33",-17.54986,-149.89603,"2017","Pristiapogon kallopterus",6.11791601245246
"632",647,"Moorea","Haapiti2","B11","Backreef","10/19/17",2.1,310,"MOO17","748","MOO17_748","Apogonidae","Pristiapogon","exostigma","PRISEXOS",33.9,47.3,1.289,"MOO17_748_PRISEXOS_33.9",-17.54986,-149.89603,"2017","Pristiapogon exostigma",6.11791601245246
"633",648,"Moorea","Haapiti2","B11","Backreef","10/19/17",2.1,310,"MOO17","749","MOO17_749","Apogonidae","Pristiapogon","kallopterus","PRISKALL",24.5,40.1,0.706,"MOO17_749_PRISKALL_24.5",-17.54986,-149.89603,"2017","Pristiapogon kallopterus",6.11791601245246
"634",649,"Moorea","Haapiti2","B11","Backreef","10/19/17",2.1,310,"MOO17","750","MOO17_750","Apogonidae","Pristiapogon","exostigma","PRISEXOS",33.3,45.1,1.019,"MOO17_750_PRISEXOS_33.3",-17.54986,-149.89603,"2017","Pristiapogon exostigma",6.11791601245246
"635",650,"Moorea","Haapiti2","B11","Backreef","10/19/17",2.1,310,"MOO17","751","MOO17_751","Apogonidae","Pristiapogon","kallopterus","PRISKALL",30.9,41.2,0.729,"MOO17_751_PRISKALL_30.9",-17.54986,-149.89603,"2017","Pristiapogon kallopterus",6.11791601245246
"636",651,"Moorea","Haapiti2","B11","Backreef","10/19/17",2.1,310,"MOO17","752","MOO17_752","Apogonidae","Nectamia","savayensis","NECTSAVA",43.3,56.6,3.19,"MOO17_752_NECTSAVA_43.3",-17.54986,-149.89603,"2017","Nectamia savayensis",6.11791601245246
"637",652,"Moorea","Haapiti2","B11","Backreef","10/19/17",2.1,310,"MOO17","753","MOO17_753","Apogonidae","Nectamia","savayensis","NECTSAVA",35.2,50.2,2.112,"MOO17_753_NECTSAVA_35.2",-17.54986,-149.89603,"2017","Nectamia savayensis",6.11791601245246
"638",653,"Moorea","Haapiti2","B11","Backreef","10/19/17",2.1,310,"MOO17","754","MOO17_754","Apogonidae","Nectamia","savayensis","NECTSAVA",33.9,45.6,1.706,"MOO17_754_NECTSAVA_33.9",-17.54986,-149.89603,"2017","Nectamia savayensis",6.11791601245246
"639",654,"Moorea","Haapiti2","B11","Backreef","10/19/17",2.1,310,"MOO17","755","MOO17_755","Apogonidae","Nectamia","savayensis","NECTSAVA",32.9,35.5,1.479,"MOO17_755_NECTSAVA_32.9",-17.54986,-149.89603,"2017","Nectamia savayensis",6.11791601245246
"640",655,"Moorea","Haapiti2","B11","Backreef","10/19/17",2.1,310,"MOO17","756","MOO17_756","Apogonidae","Nectamia","savayensis","NECTSAVA",34,49.6,1.908,"MOO17_756_NECTSAVA_34",-17.54986,-149.89603,"2017","Nectamia savayensis",6.11791601245246
"641",656,"Moorea","Haapiti2","B11","Backreef","10/19/17",2.1,310,"MOO17","757","MOO17_757","Apogonidae","Nectamia","savayensis","NECTSAVA",31.6,43.8,1.347,"MOO17_757_NECTSAVA_31.6",-17.54986,-149.89603,"2017","Nectamia savayensis",6.11791601245246
"642",657,"Moorea","Haapiti2","B11","Backreef","10/19/17",2.1,310,"MOO17","758","MOO17_758","Apogonidae","Nectamia","savayensis","NECTSAVA",33.1,43.9,1.32,"MOO17_758_NECTSAVA_33.1",-17.54986,-149.89603,"2017","Nectamia savayensis",6.11791601245246
"643",658,"Moorea","Haapiti2","B11","Backreef","10/19/17",2.1,310,"MOO17","759","MOO17_759","Apogonidae","Nectamia","savayensis","NECTSAVA",28.5,40.3,0.991,"MOO17_759_NECTSAVA_28.5",-17.54986,-149.89603,"2017","Nectamia savayensis",6.11791601245246
"644",659,"Moorea","Haapiti2","B11","Backreef","10/19/17",2.1,310,"MOO17","760","MOO17_760","Apogonidae","Nectamia","savayensis","NECTSAVA",31.4,44.9,1.387,"MOO17_760_NECTSAVA_31.4",-17.54986,-149.89603,"2017","Nectamia savayensis",6.11791601245246
"645",660,"Moorea","Haapiti2","B11","Backreef","10/19/17",2.1,310,"MOO17","761","MOO17_761","Apogonidae","Nectamia","savayensis","NECTSAVA",32.7,45.3,1.455,"MOO17_761_NECTSAVA_32.7",-17.54986,-149.89603,"2017","Nectamia savayensis",6.11791601245246
"646",661,"Moorea","Haapiti2","B11","Backreef","10/19/17",2.1,310,"MOO17","762","MOO17_762","Apogonidae","Nectamia","savayensis","NECTSAVA",29.5,39.9,1.03,"MOO17_762_NECTSAVA_29.5",-17.54986,-149.89603,"2017","Nectamia savayensis",6.11791601245246
"647",662,"Moorea","Haapiti2","B11","Backreef","10/19/17",2.1,310,"MOO17","763","MOO17_763","Apogonidae","Nectamia","savayensis","NECTSAVA",31.3,41.5,1.146,"MOO17_763_NECTSAVA_31.3",-17.54986,-149.89603,"2017","Nectamia savayensis",6.11791601245246
"648",663,"Moorea","Haapiti2","B11","Backreef","10/19/17",2.1,310,"MOO17","764","MOO17_764","Apogonidae","Nectamia","savayensis","NECTSAVA",16.6,20.9,0.185,"MOO17_764_NECTSAVA_16.6",-17.54986,-149.89603,"2017","Nectamia savayensis",6.11791601245246
"649",664,"Moorea","Haapiti2","B11","Backreef","10/19/17",2.1,310,"MOO17","765","MOO17_765","Apogonidae","Nectamia","savayensis","NECTSAVA",14.7,19.2,0.134,"MOO17_765_NECTSAVA_14.7",-17.54986,-149.89603,"2017","Nectamia savayensis",6.11791601245246
"650",665,"Moorea","Haapiti2","B11","Backreef","10/19/17",2.1,310,"MOO17","766","MOO17_766","Gobiidae","Eviota","afelei","EVIOAFEL",12.1,15.2,0.043,"MOO17_766_EVIOAFEL_12.1",-17.54986,-149.89603,"2017","Eviota afelei",6.11791601245246
"651",666,"Moorea","Haapiti2","B11","Backreef","10/19/17",2.1,310,"MOO17","767","MOO17_767","Gobiidae","Eviota","afelei","EVIOAFEL",12.8,15.4,0.042,"MOO17_767_EVIOAFEL_12.8",-17.54986,-149.89603,"2017","Eviota afelei",6.11791601245246
"652",667,"Moorea","Haapiti2","B11","Backreef","10/19/17",2.1,310,"MOO17","768","MOO17_768","Gobiidae","Eviota","afelei","EVIOAFEL",12.6,14.1,0.04,"MOO17_768_EVIOAFEL_12.6",-17.54986,-149.89603,"2017","Eviota afelei",6.11791601245246
"653",668,"Moorea","Haapiti2","B11","Backreef","10/19/17",2.1,310,"MOO17","769","MOO17_769","Gobiidae","Eviota","afelei","EVIOAFEL",12.5,15.2,0.048,"MOO17_769_EVIOAFEL_12.5",-17.54986,-149.89603,"2017","Eviota afelei",6.11791601245246
"654",669,"Moorea","Haapiti2","B11","Backreef","10/19/17",2.1,310,"MOO17","770","MOO17_770","Gobiidae","Eviota","afelei","EVIOAFEL",12.5,16.2,0.049,"MOO17_770_EVIOAFEL_12.5",-17.54986,-149.89603,"2017","Eviota afelei",6.11791601245246
"655",670,"Moorea","Haapiti2","B11","Backreef","10/19/17",2.1,310,"MOO17","771","MOO17_771","Gobiidae","Eviota","afelei","EVIOAFEL",11.3,13.5,0.039,"MOO17_771_EVIOAFEL_11.3",-17.54986,-149.89603,"2017","Eviota afelei",6.11791601245246
"656",671,"Moorea","Haapiti2","B11","Backreef","10/19/17",2.1,310,"MOO17","772","MOO17_772","Gobiidae","Eviota","afelei","EVIOAFEL",12.2,15.6,0.049,"MOO17_772_EVIOAFEL_12.2",-17.54986,-149.89603,"2017","Eviota afelei",6.11791601245246
"657",672,"Moorea","Haapiti2","B11","Backreef","10/19/17",2.1,310,"MOO17","773","MOO17_773","Gobiidae","Eviota","afelei","EVIOAFEL",10.8,13.1,0.081,"MOO17_773_EVIOAFEL_10.8",-17.54986,-149.89603,"2017","Eviota afelei",6.11791601245246
"658",673,"Moorea","Haapiti2","B11","Backreef","10/19/17",2.1,310,"MOO17","774","MOO17_774","Gobiidae","Eviota","afelei","EVIOAFEL",11.2,13.5,0.028,"MOO17_774_EVIOAFEL_11.2",-17.54986,-149.89603,"2017","Eviota afelei",6.11791601245246
"659",674,"Moorea","Haapiti2","B11","Backreef","10/19/17",2.1,310,"MOO17","775","MOO17_775","Gobiidae","Eviota","afelei","EVIOAFEL",10.9,13.4,0.022,"MOO17_775_EVIOAFEL_10.9",-17.54986,-149.89603,"2017","Eviota afelei",6.11791601245246
"660",675,"Moorea","Haapiti2","B11","Backreef","10/19/17",2.1,310,"MOO17","776","MOO17_776","Gobiidae","Eviota","afelei","EVIOAFEL",10.1,13.2,0.025,"MOO17_776_EVIOAFEL_10.1",-17.54986,-149.89603,"2017","Eviota afelei",6.11791601245246
"661",676,"Moorea","Haapiti2","B11","Backreef","10/19/17",2.1,310,"MOO17","777","MOO17_777","Gobiidae","Eviota","afelei","EVIOAFEL",11.4,13.4,0.034,"MOO17_777_EVIOAFEL_11.4",-17.54986,-149.89603,"2017","Eviota afelei",6.11791601245246
"662",677,"Moorea","Haapiti2","B11","Backreef","10/19/17",2.1,310,"MOO17","778","MOO17_778","Gobiidae","Eviota","afelei","EVIOAFEL",11.2,13.9,0.032,"MOO17_778_EVIOAFEL_11.2",-17.54986,-149.89603,"2017","Eviota afelei",6.11791601245246
"663",678,"Moorea","Haapiti2","B11","Backreef","10/19/17",2.1,310,"MOO17","779","MOO17_779","Gobiidae","Eviota","afelei","EVIOAFEL",13.2,15.4,0.04,"MOO17_779_EVIOAFEL_13.2",-17.54986,-149.89603,"2017","Eviota afelei",6.11791601245246
"664",679,"Moorea","Haapiti2","B11","Backreef","10/19/17",2.1,310,"MOO17","780","MOO17_780","Gobiidae","Eviota","afelei","EVIOAFEL",7.7,10,0.005,"MOO17_780_EVIOAFEL_7.7",-17.54986,-149.89603,"2017","Eviota afelei",6.11791601245246
"665",680,"Moorea","Haapiti2","B11","Backreef","10/19/17",2.1,310,"MOO17","781","MOO17_781","Gobiidae","Eviota","afelei","EVIOAFEL",9.2,10.2,0.006,"MOO17_781_EVIOAFEL_9.2",-17.54986,-149.89603,"2017","Eviota afelei",6.11791601245246
"666",681,"Moorea","Haapiti2","B11","Backreef","10/19/17",2.1,310,"MOO17","782","MOO17_782","Gobiidae","Eviota","afelei","EVIOAFEL",8.1,9.9,0.009,"MOO17_782_EVIOAFEL_8.1",-17.54986,-149.89603,"2017","Eviota afelei",6.11791601245246
"667",682,"Moorea","Haapiti2","B11","Backreef","10/19/17",2.1,310,"MOO17","783","MOO17_783","Gobiidae","Eviota","afelei","EVIOAFEL",11.6,14.4,0.029,"MOO17_783_EVIOAFEL_11.6",-17.54986,-149.89603,"2017","Eviota afelei",6.11791601245246
"668",683,"Moorea","Haapiti2","B11","Backreef","10/19/17",2.1,310,"MOO17","784","MOO17_784","Pomacentridae","Chromis","atripectoralis","CHROATRI",19.7,26.7,0.365,"MOO17_784_CHROATRI_19.7",-17.54986,-149.89603,"2017","Chromis atripectoralis",6.11791601245246
"669",684,"Moorea","Haapiti2","B11","Backreef","10/19/17",2.1,310,"MOO17","785","MOO17_785","Pomacentridae","Chromis","atripectoralis","CHROATRI",27.6,38.9,1.09,"MOO17_785_CHROATRI_27.6",-17.54986,-149.89603,"2017","Chromis atripectoralis",6.11791601245246
"670",685,"Moorea","Haapiti2","B11","Backreef","10/19/17",2.1,310,"MOO17","786","MOO17_786","Pomacentridae","Chromis","atripectoralis","CHROATRI",28.4,37.7,1.115,"MOO17_786_CHROATRI_28.4",-17.54986,-149.89603,"2017","Chromis atripectoralis",6.11791601245246
"671",686,"Moorea","Haapiti2","B11","Backreef","10/19/17",2.1,310,"MOO17","787","MOO17_787","Pomacentridae","Chromis","atripectoralis","CHROATRI",26.5,34.9,0.739,"MOO17_787_CHROATRI_26.5",-17.54986,-149.89603,"2017","Chromis atripectoralis",6.11791601245246
"672",687,"Moorea","Haapiti2","B11","Backreef","10/19/17",2.1,310,"MOO17","788","MOO17_788","Pomacentridae","Chromis","atripectoralis","CHROATRI",24.5,34.3,0.746,"MOO17_788_CHROATRI_24.5",-17.54986,-149.89603,"2017","Chromis atripectoralis",6.11791601245246
"673",688,"Moorea","Haapiti2","B11","Backreef","10/19/17",2.1,310,"MOO17","789","MOO17_789","Pomacentridae","Chromis","atripectoralis","CHROATRI",26.7,38.4,1.155,"MOO17_789_CHROATRI_26.7",-17.54986,-149.89603,"2017","Chromis atripectoralis",6.11791601245246
"674",689,"Moorea","Haapiti2","B11","Backreef","10/19/17",2.1,310,"MOO17","90a","MOO17_90a","Pomacentridae","Chromis","atripectoralis","CHROATRI",27.3,37.9,0.933,"MOO17_90a_CHROATRI_27.3",-17.54986,-149.89603,"2017","Chromis atripectoralis",6.11791601245246
"675",690,"Moorea","Haapiti2","B11","Backreef","10/19/17",2.1,310,"MOO17","90b","MOO17_90b","Pomacentridae","Chromis","atripectoralis","CHROATRI",24.1,31.8,0.712,"MOO17_90b_CHROATRI_24.1",-17.54986,-149.89603,"2017","Chromis atripectoralis",6.11791601245246
"676",691,"Moorea","Haapiti2","B11","Backreef","10/19/17",2.1,310,"MOO17","791","MOO17_791","Pomacentridae","Chromis","atripectoralis","CHROATRI",23.9,34.9,0.758,"MOO17_791_CHROATRI_23.9",-17.54986,-149.89603,"2017","Chromis atripectoralis",6.11791601245246
"677",692,"Moorea","Haapiti2","B11","Backreef","10/19/17",2.1,310,"MOO17","792","MOO17_792","Pomacentridae","Chromis","atripectoralis","CHROATRI",27.7,40.3,1.221,"MOO17_792_CHROATRI_27.7",-17.54986,-149.89603,"2017","Chromis atripectoralis",6.11791601245246
"678",693,"Moorea","Haapiti2","B11","Backreef","10/19/17",2.1,310,"MOO17","793","MOO17_793","Pomacentridae","Chromis","atripectoralis","CHROATRI",26.6,39.4,1.085,"MOO17_793_CHROATRI_26.6",-17.54986,-149.89603,"2017","Chromis atripectoralis",6.11791601245246
"679",694,"Moorea","Haapiti2","B11","Backreef","10/19/17",2.1,310,"MOO17","794","MOO17_794","Pomacentridae","Chromis","atripectoralis","CHROATRI",28.6,35.8,0.94,"MOO17_794_CHROATRI_28.6",-17.54986,-149.89603,"2017","Chromis atripectoralis",6.11791601245246
"680",695,"Moorea","Haapiti2","B11","Backreef","10/19/17",2.1,310,"MOO17","795","MOO17_795","Pomacentridae","Chromis","atripectoralis","CHROATRI",28.5,40.1,1.152,"MOO17_795_CHROATRI_28.5",-17.54986,-149.89603,"2017","Chromis atripectoralis",6.11791601245246
"681",696,"Moorea","Haapiti2","B11","Backreef","10/19/17",2.1,310,"MOO17","796","MOO17_796","Pomacentridae","Chromis","atripectoralis","CHROATRI",27.7,35.2,1.852,"MOO17_796_CHROATRI_27.7",-17.54986,-149.89603,"2017","Chromis atripectoralis",6.11791601245246
"682",697,"Moorea","Haapiti2","B11","Backreef","10/19/17",2.1,310,"MOO17","797","MOO17_797","Pomacentridae","Chromis","atripectoralis","CHROATRI",36.6,51,2.168,"MOO17_797_CHROATRI_36.6",-17.54986,-149.89603,"2017","Chromis atripectoralis",6.11791601245246
"683",698,"Moorea","Haapiti2","B11","Backreef","10/19/17",2.1,310,"MOO17","798","MOO17_798","Pomacentridae","Chromis","atripectoralis","CHROATRI",30.8,41,1.26,"MOO17_798_CHROATRI_30.8",-17.54986,-149.89603,"2017","Chromis atripectoralis",6.11791601245246
"684",699,"Moorea","Haapiti2","B11","Backreef","10/19/17",2.1,310,"MOO17","799","MOO17_799","Pomacentridae","Chromis","atripectoralis","CHROATRI",22,28.2,0.379,"MOO17_799_CHROATRI_22",-17.54986,-149.89603,"2017","Chromis atripectoralis",6.11791601245246
"685",700,"Moorea","Haapiti2","B11","Backreef","10/19/17",2.1,310,"MOO17","800","MOO17_800","Pomacentridae","Chromis","atripectoralis","CHROATRI",19.2,27.5,0.359,"MOO17_800_CHROATRI_19.2",-17.54986,-149.89603,"2017","Chromis atripectoralis",6.11791601245246
"686",701,"Moorea","Haapiti2","B11","Backreef","10/19/17",2.1,310,"MOO17","801","MOO17_801","Pomacentridae","Chromis","atripectoralis","CHROATRI",28.1,36.3,0.938,"MOO17_801_CHROATRI_28.1",-17.54986,-149.89603,"2017","Chromis atripectoralis",6.11791601245246
"687",702,"Moorea","Haapiti2","B11","Backreef","10/19/17",2.1,310,"MOO17","802","MOO17_802","Pomacentridae","Chromis","atripectoralis","CHROATRI",26.8,33.6,0.696,"MOO17_802_CHROATRI_26.8",-17.54986,-149.89603,"2017","Chromis atripectoralis",6.11791601245246
"688",703,"Moorea","Haapiti2","B11","Backreef","10/19/17",2.1,310,"MOO17","803","MOO17_803","Pomacentridae","Chromis","atripectoralis","CHROATRI",26.6,37,0.927,"MOO17_803_CHROATRI_26.6",-17.54986,-149.89603,"2017","Chromis atripectoralis",6.11791601245246
"689",704,"Moorea","Haapiti2","B11","Backreef","10/19/17",2.1,310,"MOO17","804","MOO17_804","Pomacentridae","Chromis","atripectoralis","CHROATRI",22.1,27.8,0.442,"MOO17_804_CHROATRI_22.1",-17.54986,-149.89603,"2017","Chromis atripectoralis",6.11791601245246
"690",705,"Moorea","Haapiti2","B11","Backreef","10/19/17",2.1,310,"MOO17","805","MOO17_805","Pomacentridae","Chromis","atripectoralis","CHROATRI",25.8,35.1,0.749,"MOO17_805_CHROATRI_25.8",-17.54986,-149.89603,"2017","Chromis atripectoralis",6.11791601245246
"691",706,"Moorea","Haapiti2","B11","Backreef","10/19/17",2.1,310,"MOO17","806","MOO17_806","Pomacentridae","Chromis","atripectoralis","CHROATRI",23.3,30.6,0.518,"MOO17_806_CHROATRI_23.3",-17.54986,-149.89603,"2017","Chromis atripectoralis",6.11791601245246
"692",707,"Moorea","Haapiti2","B11","Backreef","10/19/17",2.1,310,"MOO17","807","MOO17_807","Pomacentridae","Chromis","atripectoralis","CHROATRI",25.3,33.4,0.724,"MOO17_807_CHROATRI_25.3",-17.54986,-149.89603,"2017","Chromis atripectoralis",6.11791601245246
"693",708,"Moorea","Haapiti2","B11","Backreef","10/19/17",2.1,310,"MOO17","808","MOO17_808","Pomacentridae","Chromis","atripectoralis","CHROATRI",20,24.8,0.281,"MOO17_808_CHROATRI_20",-17.54986,-149.89603,"2017","Chromis atripectoralis",6.11791601245246
"694",709,"Moorea","Haapiti2","B11","Backreef","10/19/17",2.1,310,"MOO17","809","MOO17_809","Pomacentridae","Chromis","atripectoralis","CHROATRI",22.4,30,0.495,"MOO17_809_CHROATRI_22.4",-17.54986,-149.89603,"2017","Chromis atripectoralis",6.11791601245246
"695",710,"Moorea","Haapiti2","B11","Backreef","10/19/17",2.1,310,"MOO17","810","MOO17_810","Pomacentridae","Chromis","atripectoralis","CHROATRI",18.6,22.7,0.248,"MOO17_810_CHROATRI_18.6",-17.54986,-149.89603,"2017","Chromis atripectoralis",6.11791601245246
"696",711,"Moorea","Haapiti2","B11","Backreef","10/19/17",2.1,310,"MOO17","811","MOO17_811","Pomacentridae","Chromis","atripectoralis","CHROATRI",23.7,30.4,0.588,"MOO17_811_CHROATRI_23.7",-17.54986,-149.89603,"2017","Chromis atripectoralis",6.11791601245246
"697",712,"Moorea","Haapiti2","B11","Backreef","10/19/17",2.1,310,"MOO17","812","MOO17_812","Pomacentridae","Chromis","atripectoralis","CHROATRI",21.1,27.1,0.411,"MOO17_812_CHROATRI_21.1",-17.54986,-149.89603,"2017","Chromis atripectoralis",6.11791601245246
"698",713,"Moorea","Haapiti2","B11","Backreef","10/19/17",2.1,310,"MOO17","813","MOO17_813","Pomacentridae","Chromis","atripectoralis","CHROATRI",32.6,42.6,1.431,"MOO17_813_CHROATRI_32.6",-17.54986,-149.89603,"2017","Chromis atripectoralis",6.11791601245246
"699",714,"Moorea","Haapiti2","B11","Backreef","10/19/17",2.1,310,"MOO17","814","MOO17_814","Pomacentridae","Chromis","atripectoralis","CHROATRI",28.6,38.5,1.1,"MOO17_814_CHROATRI_28.6",-17.54986,-149.89603,"2017","Chromis atripectoralis",6.11791601245246
"700",715,"Moorea","Haapiti2","B11","Backreef","10/19/17",2.1,310,"MOO17","815","MOO17_815","Pomacentridae","Chromis","atripectoralis","CHROATRI",25.8,33.5,0.708,"MOO17_815_CHROATRI_25.8",-17.54986,-149.89603,"2017","Chromis atripectoralis",6.11791601245246
"701",716,"Moorea","Haapiti2","B11","Backreef","10/19/17",2.1,310,"MOO17","816","MOO17_816","Pomacentridae","Chromis","atripectoralis","CHROATRI",26.1,32.8,0.606,"MOO17_816_CHROATRI_26.1",-17.54986,-149.89603,"2017","Chromis atripectoralis",6.11791601245246
"702",717,"Moorea","Criobe1","B12","Forereef","10/21/17",15.6,270,"MOO17","817","MOO17_817","Gobiidae","Callogobius","sclateri","CALLSCLA",31.5,37.3,0.712,"MOO17_817_CALLSCLA_31.5",-17.48138,-149.8756,"2017","Callogobius sclateri",4.64095814055967
"703",718,"Moorea","Criobe1","B12","Forereef","10/21/17",15.6,270,"MOO17","818","MOO17_818","Pomacanthidae","Centropyge","bispinosa","CENTBISP",44.8,60.6,5.179,"MOO17_818_CENTBISP_44.8",-17.48138,-149.8756,"2017","Centropyge bispinosa",4.64095814055967
"704",719,"Moorea","Criobe1","B12","Forereef","10/21/17",15.6,270,"MOO17","819","MOO17_819","Pomacanthidae","Centropyge","bispinosa","CENTBISP",44.9,60.6,5.249,"MOO17_819_CENTBISP_44.9",-17.48138,-149.8756,"2017","Centropyge bispinosa",4.64095814055967
"705",720,"Moorea","Criobe1","B12","Forereef","10/21/17",15.6,270,"MOO17","820","MOO17_820","Pomacanthidae","Centropyge","bispinosa","CENTBISP",42.3,56.3,4.14,"MOO17_820_CENTBISP_42.3",-17.48138,-149.8756,"2017","Centropyge bispinosa",4.64095814055967
"706",721,"Moorea","Criobe1","B12","Forereef","10/21/17",15.6,270,"MOO17","821","MOO17_821","Pomacanthidae","Centropyge","bispinosa","CENTBISP",34.5,46.7,2.314,"MOO17_821_CENTBISP_34.5",-17.48138,-149.8756,"2017","Centropyge bispinosa",4.64095814055967
"707",722,"Moorea","Criobe1","B12","Forereef","10/21/17",15.6,270,"MOO17","822","MOO17_822","Pomacanthidae","Centropyge","bispinosa","CENTBISP",21.4,27.8,0.476,"MOO17_822_CENTBISP_21.4",-17.48138,-149.8756,"2017","Centropyge bispinosa",4.64095814055967
"708",723,"Moorea","Criobe1","B12","Forereef","10/21/17",15.6,270,"MOO17","823","MOO17_823","Gobiidae","Paragobiodon","modestus","PARAMODE",17.3,21.3,0.193,"MOO17_823_PARAMODE_17.3",-17.48138,-149.8756,"2017","Paragobiodon modestus",4.64095814055967
"709",724,"Moorea","Criobe1","B12","Forereef","10/21/17",15.6,270,"MOO17","824","MOO17_824","Synodontidae","Synodus","binotatus","SYNOBINO",51.9,62.8,1.746,"MOO17_824_SYNOBINO_51.9",-17.48138,-149.8756,"2017","Synodus binotatus",4.64095814055967
"710",725,"Moorea","Criobe1","B12","Forereef","10/21/17",15.6,270,"MOO17","825","MOO17_825","Pomacentridae","Plectroglyphidodon","johnstonianus","PLECJOHN",39.7,53.6,3.737,"MOO17_825_PLECJOHN_39.7",-17.48138,-149.8756,"2017","Plectroglyphidodon johnstonianus",4.64095814055967
"711",726,"Moorea","Criobe1","B12","Forereef","10/21/17",15.6,270,"MOO17","826","MOO17_826","Muraenidae","Gymnothorax","chilospilus","GYMNCHIL",99.1,102.3,1.45,"MOO17_826_GYMNCHIL_99.1",-17.48138,-149.8756,"2017","Gymnothorax chilospilus",4.64095814055967
"712",727,"Moorea","Criobe1","B12","Forereef","10/21/17",15.6,270,"MOO17","827","MOO17_827","Muraenidae","Uropterygius","fuscoguttatus","UROPFUSC",138.4,143.5,3.198,"MOO17_827_UROPFUSC_138.4",-17.48138,-149.8756,"2017","Uropterygius fuscoguttatus",4.64095814055967
"713",728,"Moorea","Criobe1","B12","Forereef","10/21/17",15.6,270,"MOO17","828","MOO17_828","Pomacentridae","Chromis","iomelas","CHROIOME",41.8,64.4,3.104,"MOO17_828_CHROIOME_41.8",-17.48138,-149.8756,"2017","Chromis iomelas",4.64095814055967
"714",729,"Moorea","Criobe1","B12","Forereef","10/21/17",15.6,270,"MOO17","829","MOO17_829","Pomacentridae","Chromis","iomelas","CHROIOME",40.8,60.6,3.241,"MOO17_829_CHROIOME_40.8",-17.48138,-149.8756,"2017","Chromis iomelas",4.64095814055967
"715",730,"Moorea","Criobe1","B12","Forereef","10/21/17",15.6,270,"MOO17","830","MOO17_830","Pomacentridae","Plectroglyphidodon","lacrymatus","PLECLACR",22,30.6,0.573,"MOO17_830_PLECLACR_22",-17.48138,-149.8756,"2017","Plectroglyphidodon lacrymatus",4.64095814055967
"716",731,"Moorea","Criobe1","B12","Forereef","10/21/17",15.6,270,"MOO17","831","MOO17_831","Labridae","Pseudocheilinus","hexataenia","PSEUHEXA",42.5,54.4,2.628,"MOO17_831_PSEUHEXA_42.5",-17.48138,-149.8756,"2017","Pseudocheilinus hexataenia",4.64095814055967
"717",732,"Moorea","Criobe1","B12","Forereef","10/21/17",15.6,270,"MOO17","832","MOO17_832","Labridae","Pseudocheilinus","hexataenia","PSEUHEXA",36,45.5,1.365,"MOO17_832_PSEUHEXA_36",-17.48138,-149.8756,"2017","Pseudocheilinus hexataenia",4.64095814055967
"718",733,"Moorea","Criobe1","B12","Forereef","10/21/17",15.6,270,"MOO17","833","MOO17_833","Labridae","Pseudocheilinus","hexataenia","PSEUHEXA",18.4,21.4,0.209,"MOO17_833_PSEUHEXA_18.4",-17.48138,-149.8756,"2017","Pseudocheilinus hexataenia",4.64095814055967
"719",734,"Moorea","Criobe1","B12","Forereef","10/21/17",15.6,270,"MOO17","834","MOO17_834","Labridae","Pseudocheilinus","hexataenia","PSEUHEXA",17.2,19.9,0.134,"MOO17_834_PSEUHEXA_17.2",-17.48138,-149.8756,"2017","Pseudocheilinus hexataenia",4.64095814055967
"720",735,"Moorea","Criobe1","B12","Forereef","10/21/17",15.6,270,"MOO17","835","MOO17_835","Serranidae","Pseudogramma","polyacanthum","PSEUPOLY",34.7,40.8,1.006,"MOO17_835_PSEUPOLY_34.7",-17.48138,-149.8756,"2017","Pseudogramma polyacanthum",4.64095814055967
"721",736,"Moorea","Criobe1","B12","Forereef","10/21/17",15.6,270,"MOO17","836","MOO17_836","Cirrhitidae","Neocirrhites","armatus","NEOCARMA",23.4,29.1,0.415,"MOO17_836_NEOCARMA_23.4",-17.48138,-149.8756,"2017","Neocirrhites armatus",4.64095814055967
"722",737,"Moorea","Criobe1","B12","Forereef","10/21/17",15.6,270,"MOO17","837","MOO17_837","Labridae","Pseudocheilinus","hexataenia","PSEUHEXA",10.6,12.9,0.047,"MOO17_837_PSEUHEXA_10.6",-17.48138,-149.8756,"2017","Pseudocheilinus hexataenia",4.64095814055967
"723",738,"Moorea","Criobe1","B12","Forereef","10/21/17",15.6,270,"MOO17","838","MOO17_838","Serranidae","Pseudogramma","polyacanthum","PSEUPOLY",16.8,19.3,0.131,"MOO17_838_PSEUPOLY_16.8",-17.48138,-149.8756,"2017","Pseudogramma polyacanthum",4.64095814055967
"724",739,"Moorea","Criobe1","B12","Forereef","10/21/17",15.6,270,"MOO17","839","MOO17_839","Scorpaenidae","Sebastapistes","fowleri","SEBAFOWL",21.9,27.6,0.555,"MOO17_839_SEBAFOWL_21.9",-17.48138,-149.8756,"2017","Sebastapistes fowleri",4.64095814055967
"725",740,"Moorea","Criobe1","B12","Forereef","10/21/17",15.6,270,"MOO17","840","MOO17_840","Scorpaenidae","Sebastapistes","fowleri","SEBAFOWL",14.2,18.5,0.138,"MOO17_840_SEBAFOWL_14.2",-17.48138,-149.8756,"2017","Sebastapistes fowleri",4.64095814055967
"726",741,"Moorea","Criobe1","B12","Forereef","10/21/17",15.6,270,"MOO17","841","MOO17_841","Gobiidae","Eviota","albolineata","EVIOALBO",15.6,19.8,0.077,"MOO17_841_EVIOALBO_15.6",-17.48138,-149.8756,"2017","Eviota albolineata",4.64095814055967
"727",742,"Moorea","Criobe1","B12","Forereef","10/21/17",15.6,270,"MOO17","842","MOO17_842","Scorpaenidae","Caracanthus","maculatus","CARAMACU",15.8,20.6,0.277,"MOO17_842_CARAMACU_15.8",-17.48138,-149.8756,"2017","Caracanthus maculatus",4.64095814055967
"728",743,"Moorea","Criobe1","B12","Forereef","10/21/17",15.6,270,"MOO17","843","MOO17_843","Scorpaenidae","Caracanthus","maculatus","CARAMACU",15.3,20.3,0.249,"MOO17_843_CARAMACU_15.3",-17.48138,-149.8756,"2017","Caracanthus maculatus",4.64095814055967
"729",744,"Moorea","Criobe1","B12","Forereef","10/21/17",15.6,270,"MOO17","844","MOO17_844","Serranidae","Plectranthias","nanus","PLECNANU",24.7,29.8,0.438,"MOO17_844_PLECNANU_24.7",-17.48138,-149.8756,"2017","Plectranthias nanus",4.64095814055967
"730",745,"Moorea","Criobe1","B12","Forereef","10/21/17",15.6,270,"MOO17","845","MOO17_845","Pomacentridae","Chromis","acares","CHROACAR",18.5,25,0.241,"MOO17_845_CHROACAR_18.5",-17.48138,-149.8756,"2017","Chromis acares",4.64095814055967
"731",746,"Moorea","Criobe1","B12","Forereef","10/21/17",15.6,270,"MOO17","846","MOO17_846","Apogonidae","Apogon","susanae","APOGSUSA",16.3,20.4,0.132,"MOO17_846_APOGSUSA_16.3",-17.48138,-149.8756,"2017","Apogon susanae",4.64095814055967
"732",747,"Moorea","Criobe1","B12","Forereef","10/21/17",15.6,270,"MOO17","847","MOO17_847","Muraenidae","Uropterygius","fuscoguttatus","UROPFUSC",62.2,64.6,0.391,"MOO17_847_UROPFUSC_62.2",-17.48138,-149.8756,"2017","Uropterygius fuscoguttatus",4.64095814055967
"733",748,"Moorea","Criobe1","B12","Forereef","10/21/17",15.6,270,"MOO17","848","MOO17_848","Muraenidae","Uropterygius","xanthopterus","UROPALBO",49.7,50.4,0.13,"MOO17_848_UROPALBO_49.7",-17.48138,-149.8756,"2017","Uropterygius xanthopterus",4.64095814055967
"734",751,"Moorea","Maharepa1","B13","Forereef","10/22/17",14.4,290,"MOO17","851","MOO17_851","Gobiidae","Nemateleotris","magnifica","NEMAMAGN",34.4,42.3,0.596,"MOO17_851_NEMAMAGN_34.4",-17.47086,-149.7916,"2017","Nemateleotris magnifica",5.35397228561136
"735",752,"Moorea","Maharepa1","B13","Forereef","10/22/17",14.4,290,"MOO17","852","MOO17_852","Gobiidae","Callogobius","speA","CALLSPEA",12.8,15.1,0.035,"MOO17_852_CALLSPEA_12.8",-17.47086,-149.7916,"2017","Callogobius speA",5.35397228561136
"736",753,"Moorea","Maharepa1","B13","Forereef","10/22/17",14.4,290,"MOO17","853","MOO17_853","Holocentridae","Sargocentron","lepros","SARGLEPR",69.9,92.7,12.037,"MOO17_853_SARGLEPR_69.9",-17.47086,-149.7916,"2017","Sargocentron lepros",5.35397228561136
"737",754,"Moorea","Maharepa1","B13","Forereef","10/22/17",14.4,290,"MOO17","854","MOO17_854","Tetraodontidae","Canthigaster","janthinoptera","CANTJANT",29.3,40.8,1.549,"MOO17_854_CANTJANT_29.3",-17.47086,-149.7916,"2017","Canthigaster janthinoptera",5.35397228561136
"738",755,"Moorea","Maharepa1","B13","Forereef","10/22/17",14.4,290,"MOO17","855","MOO17_855","Serranidae","Pseudogramma","polyacanthum","PSEUPOLY",40,49.1,1.596,"MOO17_855_PSEUPOLY_40",-17.47086,-149.7916,"2017","Pseudogramma polyacanthum",5.35397228561136
"739",756,"Moorea","Maharepa1","B13","Forereef","10/22/17",14.4,290,"MOO17","856","MOO17_856","Cirrhitidae","Paracirrhites","arcatus","PARAARCA",45.4,57.1,2.663,"MOO17_856_PARAARCA_45.4",-17.47086,-149.7916,"2017","Paracirrhites arcatus",5.35397228561136
"740",757,"Moorea","Maharepa1","B13","Forereef","10/22/17",14.4,290,"MOO17","857","MOO17_857","Blenniidae","Cirripectes","variolosus","CIRRVARI",46.1,57.4,3.316,"MOO17_857_CIRRVARI_46.1",-17.47086,-149.7916,"2017","Cirripectes variolosus",5.35397228561136
"741",758,"Moorea","Maharepa1","B13","Forereef","10/22/17",14.4,290,"MOO17","858","MOO17_858","Muraenidae","Uropterygius","fuscoguttatus","UROPFUSC",204,206,10.506,"MOO17_858_UROPFUSC_204",-17.47086,-149.7916,"2017","Uropterygius fuscoguttatus",5.35397228561136
"742",759,"Moorea","Maharepa1","B13","Forereef","10/22/17",14.4,290,"MOO17","859","MOO17_859","Apogonidae","Ostorhinchus","angustatus","OSTOANGU",42.4,55.3,1.996,"MOO17_859_OSTOANGU_42.4",-17.47086,-149.7916,"2017","Ostorhinchus angustatus",5.35397228561136
"743",760,"Moorea","Maharepa1","B13","Forereef","10/22/17",14.4,290,"MOO17","860","MOO17_860","Gobiidae","Paragobiodon","modestus","PARAMODE",13.5,18,0.112,"MOO17_860_PARAMODE_13.5",-17.47086,-149.7916,"2017","Paragobiodon modestus",5.35397228561136
"744",761,"Moorea","Maharepa1","B13","Forereef","10/22/17",14.4,290,"MOO17","861","MOO17_861","Scorpaenidae","Sebastapistes","fowleri","SEBAFOWL",24.8,31.6,0.706,"MOO17_861_SEBAFOWL_24.8",-17.47086,-149.7916,"2017","Sebastapistes fowleri",5.35397228561136
"745",762,"Moorea","Maharepa1","B13","Forereef","10/22/17",14.4,290,"MOO17","862","MOO17_862","Labridae","Pseudocheilinus","hexataenia","PSEUHEXA",29,36.8,0.866,"MOO17_862_PSEUHEXA_29",-17.47086,-149.7916,"2017","Pseudocheilinus hexataenia",5.35397228561136
"746",763,"Moorea","Maharepa1","B13","Forereef","10/22/17",14.4,290,"MOO17","863","MOO17_863","Apogonidae","Apogon","crassiceps","APOGCRAS",24.5,33.1,0.46,"MOO17_863_APOGCRAS_24.5",-17.47086,-149.7916,"2017","Apogon crassiceps",5.35397228561136
"747",764,"Moorea","Maharepa1","B13","Forereef","10/22/17",14.4,290,"MOO17","864","MOO17_864","Pomacentridae","Chromis","iomelas","CHROIOME",45.5,71.6,4.012,"MOO17_864_CHROIOME_45.5",-17.47086,-149.7916,"2017","Chromis iomelas",5.35397228561136
"748",765,"Moorea","Maharepa1","B13","Forereef","10/22/17",14.4,290,"MOO17","865","MOO17_865","Labridae","Pseudocheilinus","tetrataenia","PSEUTETR",21.3,27,0.298,"MOO17_865_PSEUTETR_21.3",-17.47086,-149.7916,"2017","Pseudocheilinus tetrataenia",5.35397228561136
"749",766,"Moorea","Maharepa1","B13","Forereef","10/22/17",14.4,290,"MOO17","866","MOO17_866","Pomacanthidae","Centropyge","bispinosa","CENTBISP",20.9,26.7,0.418,"MOO17_866_CENTBISP_20.9",-17.47086,-149.7916,"2017","Centropyge bispinosa",5.35397228561136
"750",767,"Moorea","Maharepa1","B13","Forereef","10/22/17",14.4,290,"MOO17","867","MOO17_867","Serranidae","Plectranthias","nanus","PLECNANU",19.4,24.9,0.201,"MOO17_867_PLECNANU_19.4",-17.47086,-149.7916,"2017","Plectranthias nanus",5.35397228561136
"751",768,"Moorea","Maharepa1","B13","Forereef","10/22/17",14.4,290,"MOO17","868","MOO17_868","Gobiidae","Priolepis","compita","PRIOCOMP",12.9,16.5,0.051,"MOO17_868_PRIOCOMP_12.9",-17.47086,-149.7916,"2017","Priolepis compita",5.35397228561136
"752",769,"Moorea","Maharepa1","B13","Forereef","10/22/17",14.4,290,"MOO17","869","MOO17_869","Gobiidae","Eviota","albolineata","EVIOALBO",15.4,18.9,0.066,"MOO17_869_EVIOALBO_15.4",-17.47086,-149.7916,"2017","Eviota albolineata",5.35397228561136
"753",770,"Moorea","Maharepa1","B13","Forereef","10/22/17",14.4,290,"MOO17","870","MOO17_870","Apogonidae","Nectamia","savayensis","NECTSAVA",11.8,16.6,0.056,"MOO17_870_NECTSAVA_11.8",-17.47086,-149.7916,"2017","Nectamia savayensis",5.35397228561136
"754",771,"Moorea","Maharepa1","B13","Forereef","10/22/17",14.4,290,"MOO17","871","MOO17_871","Muraenidae","Gymnothorax","melatremus","GYMNMELA",59.6,60.8,0.209,"MOO17_871_GYMNMELA_59.6",-17.47086,-149.7916,"2017","Gymnothorax melatremus",5.35397228561136
"755",772,"Moorea","Maharepa1","B13","Forereef","10/22/17",14.4,290,"MOO17","872","MOO17_872","Gobiidae","Callogobius","speA","CALLSPEA",14.4,16.8,0.056,"MOO17_872_CALLSPEA_14.4",-17.47086,-149.7916,"2017","Callogobius speA",5.35397228561136
"756",773,"Moorea","Maharepa1","B13","Forereef","10/22/17",14.4,290,"MOO17","873","MOO17_873","Blenniidae","Cirripectes","variolosus","CIRRVARI",45.4,57.6,3.067,"MOO17_873_CIRRVARI_45.4",-17.47086,-149.7916,"2017","Cirripectes variolosus",5.35397228561136
"757",774,"Moorea","Maharepa1","B13","Forereef","10/22/17",14.4,290,"MOO17","874","MOO17_874","Blenniidae","Cirripectes","variolosus","CIRRVARI",24.7,31,0.438,"MOO17_874_CIRRVARI_24.7",-17.47086,-149.7916,"2017","Cirripectes variolosus",5.35397228561136
"758",775,"Moorea","Maharepa1","B13","Forereef","10/22/17",14.4,290,"MOO17","875","MOO17_875","Gobiidae","Nemateleotris","magnifica","NEMAMAGN",21.4,25.5,0.136,"MOO17_875_NEMAMAGN_21.4",-17.47086,-149.7916,"2017","Nemateleotris magnifica",5.35397228561136
"759",776,"Moorea","Maharepa1","B13","Forereef","10/22/17",14.4,290,"MOO17","876","MOO17_876","Gobiidae","Nemateleotris","magnifica","NEMAMAGN",20.7,24.3,0.107,"MOO17_876_NEMAMAGN_20.7",-17.47086,-149.7916,"2017","Nemateleotris magnifica",5.35397228561136
"760",777,"Moorea","Maharepa1","B13","Forereef","10/22/17",14.4,290,"MOO17","877","MOO17_877","Cirrhitidae","Paracirrhites","arcatus","PARAARCA",26.1,33.5,0.577,"MOO17_877_PARAARCA_26.1",-17.47086,-149.7916,"2017","Paracirrhites arcatus",5.35397228561136
"761",778,"Moorea","Maharepa1","B13","Forereef","10/22/17",14.4,290,"MOO17","878","MOO17_878","Scorpaenidae","Sebastapistes","fowleri","SEBAFOWL",20.8,25.8,0.366,"MOO17_878_SEBAFOWL_20.8",-17.47086,-149.7916,"2017","Sebastapistes fowleri",5.35397228561136
"762",779,"Moorea","Maharepa1","B13","Forereef","10/22/17",14.4,290,"MOO17","879","MOO17_879","Labridae","Pseudocheilinus","hexataenia","PSEUHEXA",28.7,36.2,0.811,"MOO17_879_PSEUHEXA_28.7",-17.47086,-149.7916,"2017","Pseudocheilinus hexataenia",5.35397228561136
"763",780,"Moorea","Maharepa1","B13","Forereef","10/22/17",14.4,290,"MOO17","880","MOO17_880","Labridae","Pseudocheilinus","hexataenia","PSEUHEXA",15.2,20.1,0.155,"MOO17_880_PSEUHEXA_15.2",-17.47086,-149.7916,"2017","Pseudocheilinus hexataenia",5.35397228561136
"764",781,"Moorea","Maharepa1","B13","Forereef","10/22/17",14.4,290,"MOO17","881","MOO17_881","Gobiidae","Eviota","albolineata","EVIOALBO",14.1,17.3,0.05,"MOO17_881_EVIOALBO_14.1",-17.47086,-149.7916,"2017","Eviota albolineata",5.35397228561136
"765",782,"Moorea","Maharepa1","B13","Forereef","10/22/17",14.4,290,"MOO17","882","MOO17_882","Gobiidae","Eviota","albolineata","EVIOALBO",14.8,18.9,0.069,"MOO17_882_EVIOALBO_14.8",-17.47086,-149.7916,"2017","Eviota albolineata",5.35397228561136
"766",783,"Moorea","Maharepa1","B13","Forereef","10/22/17",14.4,290,"MOO17","883","MOO17_883","Gobiidae","Eviota","albolineata","EVIOALBO",14.1,18.1,0.058,"MOO17_883_EVIOALBO_14.1",-17.47086,-149.7916,"2017","Eviota albolineata",5.35397228561136
"767",784,"Moorea","Maharepa1","B13","Forereef","10/22/17",14.4,290,"MOO17","884","MOO17_884","Gobiidae","Eviota","albolineata","EVIOALBO",13.8,17,0.043,"MOO17_884_EVIOALBO_13.8",-17.47086,-149.7916,"2017","Eviota albolineata",5.35397228561136
"768",785,"Moorea","Maharepa1","B13","Forereef","10/22/17",14.4,290,"MOO17","885","MOO17_885","Pomacentridae","Chromis","iomelas","CHROIOME",24.5,39.6,0.752,"MOO17_885_CHROIOME_24.5",-17.47086,-149.7916,"2017","Chromis iomelas",5.35397228561136
"769",786,"Moorea","Maharepa1","B13","Forereef","10/22/17",14.4,290,"MOO17","886","MOO17_886","Pomacentridae","Chromis","iomelas","CHROIOME",21.1,31.1,0.419,"MOO17_886_CHROIOME_21.1",-17.47086,-149.7916,"2017","Chromis iomelas",5.35397228561136
"770",787,"Moorea","Maharepa1","B13","Forereef","10/22/17",14.4,290,"MOO17","887","MOO17_887","Apogonidae","Ostorhinchus","angustatus","OSTOANGU",43.4,26.5,2.22,"MOO17_887_OSTOANGU_43.4",-17.47086,-149.7916,"2017","Ostorhinchus angustatus",5.35397228561136
"771",788,"Moorea","Maharepa1","B13","Forereef","10/22/17",14.4,290,"MOO17","888","MOO17_888","Apogonidae","Ostorhinchus","angustatus","OSTOANGU",38.7,50.6,1.504,"MOO17_888_OSTOANGU_38.7",-17.47086,-149.7916,"2017","Ostorhinchus angustatus",5.35397228561136
"772",789,"Moorea","Maharepa1","B13","Forereef","10/22/17",14.4,290,"MOO17","889","MOO17_889","Apogonidae","Ostorhinchus","angustatus","OSTOANGU",23.5,31.6,0.33,"MOO17_889_OSTOANGU_23.5",-17.47086,-149.7916,"2017","Ostorhinchus angustatus",5.35397228561136
"773",790,"Moorea","Maharepa1","B13","Forereef","10/22/17",14.4,290,"MOO17","890","MOO17_890","Apogonidae","Ostorhinchus","angustatus","OSTOANGU",23.6,31.1,0.32,"MOO17_890_OSTOANGU_23.6",-17.47086,-149.7916,"2017","Ostorhinchus angustatus",5.35397228561136
"774",791,"Moorea","Maharepa1","B13","Forereef","10/22/17",14.4,290,"MOO17","891","MOO17_891","Apogonidae","Ostorhinchus","angustatus","OSTOANGU",21.7,29.1,0.246,"MOO17_891_OSTOANGU_21.7",-17.47086,-149.7916,"2017","Ostorhinchus angustatus",5.35397228561136
"775",792,"Moorea","Maharepa1","B13","Forereef","10/22/17",14.4,290,"MOO17","892","MOO17_892","Apogonidae","Ostorhinchus","angustatus","OSTOANGU",22.2,28.2,0.257,"MOO17_892_OSTOANGU_22.2",-17.47086,-149.7916,"2017","Ostorhinchus angustatus",5.35397228561136
"776",793,"Moorea","Maharepa1","B13","Forereef","10/22/17",14.4,290,"MOO17","893","MOO17_893","Apogonidae","Ostorhinchus","angustatus","OSTOANGU",20,26.5,0.18,"MOO17_893_OSTOANGU_20",-17.47086,-149.7916,"2017","Ostorhinchus angustatus",5.35397228561136
"777",794,"Moorea","Maharepa2","B14","Backreef","10/22/17",1.7,310,"MOO17","894","MOO17_894","Scorpaenidae","Scorpaenodes","scaber","SCORSCAB",7.9,9.5,0.013,"MOO17_894_SCORSCAB_7.9",-17.4747,-149.78882,"2017","Scorpaenodes scaber",6.11791601245246
"778",795,"Moorea","Maharepa2","B14","Backreef","10/22/17",1.7,310,"MOO17","895","MOO17_895","Apogonidae","Apogon","crassiceps","APOGCRAS",31.2,41.4,1.035,"MOO17_895_APOGCRAS_31.2",-17.4747,-149.78882,"2017","Apogon crassiceps",6.11791601245246
"779",796,"Moorea","Maharepa2","B14","Backreef","10/22/17",1.7,310,"MOO17","896","MOO17_896","Apogonidae","Ostorhinchus","nigrofasciatus","OSTONIGR",15.8,21.1,0.09,"MOO17_896_OSTONIGR_15.8",-17.4747,-149.78882,"2017","Ostorhinchus nigrofasciatus",6.11791601245246
"780",797,"Moorea","Maharepa2","B14","Backreef","10/22/17",1.7,310,"MOO17","897","MOO17_897","Gobiidae","Fusigobius","humeralis","FUSIHUME",18.5,23.2,0.127,"MOO17_897_FUSIHUME_18.5",-17.4747,-149.78882,"2017","Fusigobius humeralis",6.11791601245246
"781",798,"Moorea","Maharepa2","B14","Backreef","10/22/17",1.7,310,"MOO17","898","MOO17_898","Gobiidae","Pleurosicya","labiata","PLEULABI",14.2,17.3,0.049,"MOO17_898_PLEULABI_14.2",-17.4747,-149.78882,"2017","Pleurosicya labiata",6.11791601245246
"782",799,"Moorea","Maharepa2","B14","Backreef","10/22/17",1.7,310,"MOO17","899","MOO17_899","Blenniidae","Glyptoparus","delicatulus","GLYPDELI",19.5,23.1,0.11,"MOO17_899_GLYPDELI_19.5",-17.4747,-149.78882,"2017","Glyptoparus delicatulus",6.11791601245246
"783",800,"Moorea","Maharepa2","B14","Backreef","10/22/17",1.7,310,"MOO17","900","MOO17_900","Blenniidae","Glyptoparus","delicatulus","GLYPDELI",19.5,23.7,0.118,"MOO17_900_GLYPDELI_19.5",-17.4747,-149.78882,"2017","Glyptoparus delicatulus",6.11791601245246
"784",801,"Moorea","Maharepa2","B14","Backreef","10/22/17",1.7,310,"MOO17","901","MOO17_901","Blenniidae","Glyptoparus","delicatulus","GLYPDELI",17.5,21.3,0.082,"MOO17_901_GLYPDELI_17.5",-17.4747,-149.78882,"2017","Glyptoparus delicatulus",6.11791601245246
"785",802,"Moorea","Maharepa2","B14","Backreef","10/22/17",1.7,310,"MOO17","902","MOO17_902","Gobiidae","Eviota","afelei","EVIOAFEL",13.5,16.5,0.07,"MOO17_902_EVIOAFEL_13.5",-17.4747,-149.78882,"2017","Eviota afelei",6.11791601245246
"786",803,"Moorea","Maharepa2","B14","Backreef","10/22/17",1.7,310,"MOO17","903","MOO17_903","Gobiidae","Eviota","afelei","EVIOAFEL",12.5,15.3,0.043,"MOO17_903_EVIOAFEL_12.5",-17.4747,-149.78882,"2017","Eviota afelei",6.11791601245246
"787",804,"Moorea","Maharepa2","B14","Backreef","10/22/17",1.7,310,"MOO17","904","MOO17_904","Gobiidae","Eviota","afelei","EVIOAFEL",12.6,15.8,0.038,"MOO17_904_EVIOAFEL_12.6",-17.4747,-149.78882,"2017","Eviota afelei",6.11791601245246
"788",805,"Moorea","Maharepa2","B14","Backreef","10/22/17",1.7,310,"MOO17","905","MOO17_905","Gobiidae","Eviota","afelei","EVIOAFEL",12.4,15.6,0.041,"MOO17_905_EVIOAFEL_12.4",-17.4747,-149.78882,"2017","Eviota afelei",6.11791601245246
"789",806,"Moorea","Maharepa2","B14","Backreef","10/22/17",1.7,310,"MOO17","906","MOO17_906","Gobiidae","Eviota","afelei","EVIOAFEL",11.7,13.8,0.028,"MOO17_906_EVIOAFEL_11.7",-17.4747,-149.78882,"2017","Eviota afelei",6.11791601245246
"790",807,"Moorea","Maharepa2","B14","Backreef","10/22/17",1.7,310,"MOO17","907","MOO17_907","Gobiidae","Eviota","afelei","EVIOAFEL",11.7,14.6,0.038,"MOO17_907_EVIOAFEL_11.7",-17.4747,-149.78882,"2017","Eviota afelei",6.11791601245246
"791",808,"Moorea","Maharepa2","B14","Backreef","10/22/17",1.7,310,"MOO17","908","MOO17_908","Gobiidae","Eviota","afelei","EVIOAFEL",12.2,14.8,0.037,"MOO17_908_EVIOAFEL_12.2",-17.4747,-149.78882,"2017","Eviota afelei",6.11791601245246
"792",809,"Moorea","Maharepa2","B14","Backreef","10/22/17",1.7,310,"MOO17","909","MOO17_909","Gobiidae","Eviota","afelei","EVIOAFEL",11.4,14,0.028,"MOO17_909_EVIOAFEL_11.4",-17.4747,-149.78882,"2017","Eviota afelei",6.11791601245246
"793",810,"Moorea","Maharepa2","B14","Backreef","10/22/17",1.7,310,"MOO17","910","MOO17_910","Gobiidae","Eviota","afelei","EVIOAFEL",11.5,14.1,0.035,"MOO17_910_EVIOAFEL_11.5",-17.4747,-149.78882,"2017","Eviota afelei",6.11791601245246
"794",811,"Moorea","Maharepa2","B14","Backreef","10/22/17",1.7,310,"MOO17","911","MOO17_911","Gobiidae","Eviota","afelei","EVIOAFEL",12.3,15.6,0.033,"MOO17_911_EVIOAFEL_12.3",-17.4747,-149.78882,"2017","Eviota afelei",6.11791601245246
"795",812,"Moorea","Maharepa2","B14","Backreef","10/22/17",1.7,310,"MOO17","912","MOO17_912","Gobiidae","Eviota","afelei","EVIOAFEL",11.7,14.8,0.033,"MOO17_912_EVIOAFEL_11.7",-17.4747,-149.78882,"2017","Eviota afelei",6.11791601245246
"796",813,"Moorea","Maharepa2","B14","Backreef","10/22/17",1.7,310,"MOO17","913","MOO17_913","Gobiidae","Eviota","afelei","EVIOAFEL",11.9,14.7,0.034,"MOO17_913_EVIOAFEL_11.9",-17.4747,-149.78882,"2017","Eviota afelei",6.11791601245246
"797",814,"Moorea","Maharepa2","B14","Backreef","10/22/17",1.7,310,"MOO17","914","MOO17_914","Gobiidae","Eviota","afelei","EVIOAFEL",13,14.8,0.034,"MOO17_914_EVIOAFEL_13",-17.4747,-149.78882,"2017","Eviota afelei",6.11791601245246
"798",815,"Moorea","Maharepa2","B14","Backreef","10/22/17",1.7,310,"MOO17","915","MOO17_915","Gobiidae","Eviota","afelei","EVIOAFEL",11.5,13.8,0.03,"MOO17_915_EVIOAFEL_11.5",-17.4747,-149.78882,"2017","Eviota afelei",6.11791601245246
"799",816,"Moorea","Maharepa2","B14","Backreef","10/22/17",1.7,310,"MOO17","916","MOO17_916","Gobiidae","Eviota","afelei","EVIOAFEL",11.2,13.6,0.028,"MOO17_916_EVIOAFEL_11.2",-17.4747,-149.78882,"2017","Eviota afelei",6.11791601245246
"800",817,"Moorea","Maharepa2","B14","Backreef","10/22/17",1.7,310,"MOO17","917","MOO17_917","Gobiidae","Eviota","afelei","EVIOAFEL",11.3,13.8,0.028,"MOO17_917_EVIOAFEL_11.3",-17.4747,-149.78882,"2017","Eviota afelei",6.11791601245246
"801",818,"Moorea","Maharepa2","B14","Backreef","10/22/17",1.7,310,"MOO17","918","MOO17_918","Gobiidae","Eviota","afelei","EVIOAFEL",8.7,10.9,0.01,"MOO17_918_EVIOAFEL_8.7",-17.4747,-149.78882,"2017","Eviota afelei",6.11791601245246
"802",819,"Moorea","Maharepa2","B14","Backreef","10/22/17",1.7,310,"MOO17","919","MOO17_919","Gobiidae","Eviota","afelei","EVIOAFEL",10.9,12.8,0.025,"MOO17_919_EVIOAFEL_10.9",-17.4747,-149.78882,"2017","Eviota afelei",6.11791601245246
"803",820,"Moorea","Maharepa2","B14","Backreef","10/22/17",1.7,310,"MOO17","920","MOO17_920","Gobiidae","Eviota","afelei","EVIOAFEL",10.2,12.7,0.028,"MOO17_920_EVIOAFEL_10.2",-17.4747,-149.78882,"2017","Eviota afelei",6.11791601245246
"804",821,"Moorea","Maharepa2","B14","Backreef","10/22/17",1.7,310,"MOO17","921","MOO17_921","Gobiidae","Eviota","afelei","EVIOAFEL",9.8,11.5,0.016,"MOO17_921_EVIOAFEL_9.8",-17.4747,-149.78882,"2017","Eviota afelei",6.11791601245246
"805",822,"Moorea","Maharepa2","B14","Backreef","10/22/17",1.7,310,"MOO17","922","MOO17_922","Gobiidae","Eviota","afelei","EVIOAFEL",8.3,10.4,0.011,"MOO17_922_EVIOAFEL_8.3",-17.4747,-149.78882,"2017","Eviota afelei",6.11791601245246
"806",823,"Moorea","Maharepa2","B14","Backreef","10/22/17",1.7,310,"MOO17","923","MOO17_923","Gobiidae","Eviota","afelei","EVIOAFEL",7.6,8.9,0.007,"MOO17_923_EVIOAFEL_7.6",-17.4747,-149.78882,"2017","Eviota afelei",6.11791601245246
"807",824,"Moorea","Maharepa2","B14","Backreef","10/22/17",1.7,310,"MOO17","924","MOO17_924","Gobiidae","Eviota","afelei","EVIOAFEL",7.6,8.9,0.006,"MOO17_924_EVIOAFEL_7.6",-17.4747,-149.78882,"2017","Eviota afelei",6.11791601245246
"808",825,"Moorea","Teavaro1","B15","Forereef","10/23/17",9.8,240,"MOO17","925","MOO17_925","Holocentridae","Sargocentron","lepros","SARGLEPR",54.8,70.7,6.378,"MOO17_925_SARGLEPR_54.8",-17.50645,-149.7599,"2017","Sargocentron lepros",3.66692988883727
"809",826,"Moorea","Teavaro1","B15","Forereef","10/23/17",9.8,240,"MOO17","926","MOO17_926","Pseudochromidae","Pseudoplesiops","revellei","PSEUREVE",30.3,32.6,0.622,"MOO17_926_PSEUREVE_30.3",-17.50645,-149.7599,"2017","Pseudoplesiops revellei",3.66692988883727
"810",827,"Moorea","Teavaro1","B15","Forereef","10/23/17",9.8,240,"MOO17","927","MOO17_927","Tetraodontidae","Canthigaster","janthinoptera","CANTJANT",39.7,51.6,3.51,"MOO17_927_CANTJANT_39.7",-17.50645,-149.7599,"2017","Canthigaster janthinoptera",3.66692988883727
"811",828,"Moorea","Teavaro1","B15","Forereef","10/23/17",9.8,240,"MOO17","928","MOO17_928","Labridae","Pseudocheilinus","tetrataenia","PSEUTETR",32.8,40.6,1.153,"MOO17_928_PSEUTETR_32.8",-17.50645,-149.7599,"2017","Pseudocheilinus tetrataenia",3.66692988883727
"812",829,"Moorea","Teavaro1","B15","Forereef","10/23/17",9.8,240,"MOO17","929","MOO17_929","Labridae","Pseudocheilinus","hexataenia","PSEUHEXA",41.5,52.1,2.122,"MOO17_929_PSEUHEXA_41.5",-17.50645,-149.7599,"2017","Pseudocheilinus hexataenia",3.66692988883727
"813",830,"Moorea","Teavaro1","B15","Forereef","10/23/17",9.8,240,"MOO17","930","MOO17_930","Pseudochromidae","Pseudoplesiops","revellei","PSEUREVE",26,32.1,0.375,"MOO17_930_PSEUREVE_26",-17.50645,-149.7599,"2017","Pseudoplesiops revellei",3.66692988883727
"814",831,"Moorea","Teavaro1","B15","Forereef","10/23/17",9.8,240,"MOO17","931","MOO17_931","Cirrhitidae","Neocirrhites","armatus","NEOCARMA",23,29.3,0.427,"MOO17_931_NEOCARMA_23",-17.50645,-149.7599,"2017","Neocirrhites armatus",3.66692988883727
"815",832,"Moorea","Teavaro1","B15","Forereef","10/23/17",9.8,240,"MOO17","932","MOO17_932","Serranidae","Pseudogramma","polyacanthum","PSEUPOLY",39.6,48.3,1.345,"MOO17_932_PSEUPOLY_39.6",-17.50645,-149.7599,"2017","Pseudogramma polyacanthum",3.66692988883727
"816",833,"Moorea","Teavaro1","B15","Forereef","10/23/17",9.8,240,"MOO17","933","MOO17_933","Serranidae","Pseudogramma","polyacanthum","PSEUPOLY",12.8,15.2,0.042,"MOO17_933_PSEUPOLY_12.8",-17.50645,-149.7599,"2017","Pseudogramma polyacanthum",3.66692988883727
"817",834,"Moorea","Teavaro1","B15","Forereef","10/23/17",9.8,240,"MOO17","934","MOO17_934","Serranidae","Pseudogramma","polyacanthum","PSEUPOLY",11.9,14.2,0.032,"MOO17_934_PSEUPOLY_11.9",-17.50645,-149.7599,"2017","Pseudogramma polyacanthum",3.66692988883727
"818",835,"Moorea","Teavaro1","B15","Forereef","10/23/17",9.8,240,"MOO17","935","MOO17_935","Gobiidae","Eviota","cflatifasciata","EVIOCFLA",8.5,10.2,0.011,"MOO17_935_EVIOCFLA_8.5",-17.50645,-149.7599,"2017","Eviota cflatifasciata",3.66692988883727
"819",836,"Moorea","Teavaro1","B15","Forereef","10/23/17",9.8,240,"MOO17","936","MOO17_936","Pomacentridae","Chromis","iomelas","CHROIOME",40.6,59.2,2.968,"MOO17_936_CHROIOME_40.6",-17.50645,-149.7599,"2017","Chromis iomelas",3.66692988883727
"820",837,"Moorea","Teavaro1","B15","Forereef","10/23/17",9.8,240,"MOO17","937","MOO17_937","Pomacentridae","Chromis","iomelas","CHROIOME",37.5,53.8,2.418,"MOO17_937_CHROIOME_37.5",-17.50645,-149.7599,"2017","Chromis iomelas",3.66692988883727
"821",838,"Moorea","Teavaro2","B16","Backreef","10/23/17",3.3,300,"MOO17","938","MOO17_938","Gobiidae","Trimmatom","eviotops","TRIMEVIO",16,19.8,0.082,"MOO17_938_TRIMEVIO_16",-17.5066,-149.76294,"2017","Trimmatom eviotops",5.72957795130823
"822",839,"Moorea","Teavaro2","B16","Backreef","10/23/17",3.3,300,"MOO17","939","MOO17_939","Gobiidae","Trimmatom","eviotops","TRIMEVIO",14,17.1,0.047,"MOO17_939_TRIMEVIO_14",-17.5066,-149.76294,"2017","Trimmatom eviotops",5.72957795130823
"823",840,"Moorea","Teavaro2","B16","Backreef","10/23/17",3.3,300,"MOO17","940","MOO17_940","Tripterygiidae","Enneapterygius","pyramis","ENNEPYRA",20.7,25.4,0.148,"MOO17_940_ENNEPYRA_20.7",-17.5066,-149.76294,"2017","Enneapterygius pyramis",5.72957795130823
"824",841,"Moorea","Teavaro2","B16","Backreef","10/23/17",3.3,300,"MOO17","941","MOO17_941","Gobiidae","Priolepis","compita","PRIOCOMP",13.8,16.4,0.048,"MOO17_941_PRIOCOMP_13.8",-17.5066,-149.76294,"2017","Priolepis compita",5.72957795130823
"825",842,"Moorea","Teavaro2","B16","Backreef","10/23/17",3.3,300,"MOO17","942","MOO17_942","Blenniidae","Cirripectes","variolosus","CIRRVARI",21.8,27.8,0.275,"MOO17_942_CIRRVARI_21.8",-17.5066,-149.76294,"2017","Cirripectes variolosus",5.72957795130823
"826",843,"Moorea","Teavaro2","B16","Backreef","10/23/17",3.3,300,"MOO17","943","MOO17_943","Pomacentridae","Stegastes","nigricans","STEGNIGR",48.4,69.4,5.727,"MOO17_943_STEGNIGR_48.4",-17.5066,-149.76294,"2017","Stegastes nigricans",5.72957795130823
"827",844,"Moorea","Teavaro2","B16","Backreef","10/23/17",3.3,300,"MOO17","944","MOO17_944","Pomacentridae","Stegastes","nigricans","STEGNIGR",43,56.8,3.851,"MOO17_944_STEGNIGR_43",-17.5066,-149.76294,"2017","Stegastes nigricans",5.72957795130823
"828",845,"Moorea","Teavaro2","B16","Backreef","10/23/17",3.3,300,"MOO17","945","MOO17_945","Blenniidae","Enchelyurus","ater","ENCHATER",12,14,0.031,"MOO17_945_ENCHATER_12",-17.5066,-149.76294,"2017","Enchelyurus ater",5.72957795130823
"829",846,"Moorea","Teavaro2","B16","Backreef","10/23/17",3.3,300,"MOO17","946","MOO17_946","Blenniidae","Enchelyurus","ater","ENCHATER",12.2,14,0.029,"MOO17_946_ENCHATER_12.2",-17.5066,-149.76294,"2017","Enchelyurus ater",5.72957795130823
"830",847,"Moorea","Teavaro2","B16","Backreef","10/23/17",3.3,300,"MOO17","947","MOO17_947","Creediidae","Limnichthys","nitidus","LIMNNITI",16.3,19.3,0.037,"MOO17_947_LIMNNITI_16.3",-17.5066,-149.76294,"2017","Limnichthys nitidus",5.72957795130823
"831",848,"Moorea","Teavaro2","B16","Backreef","10/23/17",3.3,300,"MOO17","948","MOO17_948","Gobiidae","Fusigobius","neophytus","FUSINEOP",37.9,47.3,1.027,"MOO17_948_FUSINEOP_37.9",-17.5066,-149.76294,"2017","Fusigobius neophytus",5.72957795130823
"832",849,"Moorea","Teavaro2","B16","Backreef","10/23/17",3.3,300,"MOO17","949","MOO17_949","Creediidae","Limnichthys","nitidus","LIMNNITI",15.1,17.2,0.028,"MOO17_949_LIMNNITI_15.1",-17.5066,-149.76294,"2017","Limnichthys nitidus",5.72957795130823
"833",850,"Moorea","Teavaro2","B16","Backreef","10/23/17",3.3,300,"MOO17","950","MOO17_950","Gobiidae","Cabillus","tongarevae","CABITONG",18.3,22.9,0.125,"MOO17_950_CABITONG_18.3",-17.5066,-149.76294,"2017","Cabillus tongarevae",5.72957795130823
"834",851,"Moorea","Teavaro2","B16","Backreef","10/23/17",3.3,300,"MOO17","951","MOO17_951","Apogonidae","Pristiapogon","kallopterus","PRISKALL",34.2,46.1,0.928,"MOO17_951_PRISKALL_34.2",-17.5066,-149.76294,"2017","Pristiapogon kallopterus",5.72957795130823
"835",852,"Moorea","Teavaro2","B16","Backreef","10/23/17",3.3,300,"MOO17","952","MOO17_952","Pomacentridae","Stegastes","nigricans","STEGNIGR",16.5,21.6,0.194,"MOO17_952_STEGNIGR_16.5",-17.5066,-149.76294,"2017","Stegastes nigricans",5.72957795130823
"836",853,"Moorea","Teavaro2","B16","Backreef","10/23/17",3.3,300,"MOO17","953","MOO17_953","Scorpaenidae","Sebastapistes","mauritiana","SEBAMAUR",12.6,16.2,0.07,"MOO17_953_SEBAMAUR_12.6",-17.5066,-149.76294,"2017","Sebastapistes mauritiana",5.72957795130823
"837",854,"Moorea","Teavaro2","B16","Backreef","10/23/17",3.3,300,"MOO17","954","MOO17_954","Blenniidae","Glyptoparus","delicatulus","GLYPDELI",22.3,26,0.178,"MOO17_954_GLYPDELI_22.3",-17.5066,-149.76294,"2017","Glyptoparus delicatulus",5.72957795130823
"838",855,"Moorea","Teavaro2","B16","Backreef","10/23/17",3.3,300,"MOO17","955","MOO17_955","Labridae","Pseudocheilinus","hexataenia","PSEUHEXA",14.4,18.8,0.111,"MOO17_955_PSEUHEXA_14.4",-17.5066,-149.76294,"2017","Pseudocheilinus hexataenia",5.72957795130823
"839",856,"Moorea","Teavaro2","B16","Backreef","10/23/17",3.3,300,"MOO17","956","MOO17_956","Creediidae","Limnichthys","nitidus","LIMNNITI",18.5,20.3,0.055,"MOO17_956_LIMNNITI_18.5",-17.5066,-149.76294,"2017","Limnichthys nitidus",5.72957795130823
"840",857,"Moorea","Teavaro2","B16","Backreef","10/23/17",3.3,300,"MOO17","957","MOO17_957","Tripterygiidae","Enneapterygius","pyramis","ENNEPYRA",18.9,22.9,0.149,"MOO17_957_ENNEPYRA_18.9",-17.5066,-149.76294,"2017","Enneapterygius pyramis",5.72957795130823
"841",858,"Moorea","Teavaro2","B16","Backreef","10/23/17",3.3,300,"MOO17","958","MOO17_958","Tripterygiidae","Enneapterygius","pyramis","ENNEPYRA",19.5,24.4,0.14,"MOO17_958_ENNEPYRA_19.5",-17.5066,-149.76294,"2017","Enneapterygius pyramis",5.72957795130823
"842",859,"Moorea","Teavaro2","B16","Backreef","10/23/17",3.3,300,"MOO17","959","MOO17_959","Tripterygiidae","Enneapterygius","pyramis","ENNEPYRA",15.5,19,0.078,"MOO17_959_ENNEPYRA_15.5",-17.5066,-149.76294,"2017","Enneapterygius pyramis",5.72957795130823
"843",860,"Moorea","Teavaro2","B16","Backreef","10/23/17",3.3,300,"MOO17","960","MOO17_960","Blenniidae","Glyptoparus","delicatulus","GLYPDELI",25.2,27.1,0.246,"MOO17_960_GLYPDELI_25.2",-17.5066,-149.76294,"2017","Glyptoparus delicatulus",5.72957795130823
"844",861,"Moorea","Teavaro2","B16","Backreef","10/23/17",3.3,300,"MOO17","961","MOO17_961","Blenniidae","Glyptoparus","delicatulus","GLYPDELI",20.4,22,0.119,"MOO17_961_GLYPDELI_20.4",-17.5066,-149.76294,"2017","Glyptoparus delicatulus",5.72957795130823
"845",862,"Moorea","Teavaro2","B16","Backreef","10/23/17",3.3,300,"MOO17","962","MOO17_962","Blenniidae","Glyptoparus","delicatulus","GLYPDELI",18.3,21.3,0.108,"MOO17_962_GLYPDELI_18.3",-17.5066,-149.76294,"2017","Glyptoparus delicatulus",5.72957795130823
"846",863,"Moorea","Teavaro2","B16","Backreef","10/23/17",3.3,300,"MOO17","963","MOO17_963","Blenniidae","Glyptoparus","delicatulus","GLYPDELI",22,25.6,0.191,"MOO17_963_GLYPDELI_22",-17.5066,-149.76294,"2017","Glyptoparus delicatulus",5.72957795130823
"847",864,"Moorea","Teavaro2","B16","Backreef","10/23/17",3.3,300,"MOO17","964","MOO17_964","Blenniidae","Glyptoparus","delicatulus","GLYPDELI",15.6,19.6,0.062,"MOO17_964_GLYPDELI_15.6",-17.5066,-149.76294,"2017","Glyptoparus delicatulus",5.72957795130823
"848",865,"Moorea","Teavaro2","B16","Backreef","10/23/17",3.3,300,"MOO17","965","MOO17_965","Blenniidae","Glyptoparus","delicatulus","GLYPDELI",14,16.3,0.042,"MOO17_965_GLYPDELI_14",-17.5066,-149.76294,"2017","Glyptoparus delicatulus",5.72957795130823
"849",866,"Moorea","Teavaro2","B16","Backreef","10/23/17",3.3,300,"MOO17","966","MOO17_966","Blenniidae","Glyptoparus","delicatulus","GLYPDELI",14.6,17.3,0.052,"MOO17_966_GLYPDELI_14.6",-17.5066,-149.76294,"2017","Glyptoparus delicatulus",5.72957795130823
"850",867,"Moorea","Teavaro2","B16","Backreef","10/23/17",3.3,300,"MOO17","967","MOO17_967","Blenniidae","Glyptoparus","delicatulus","GLYPDELI",14,16,0.028,"MOO17_967_GLYPDELI_14",-17.5066,-149.76294,"2017","Glyptoparus delicatulus",5.72957795130823
"851",868,"Moorea","Teavaro2","B16","Backreef","10/23/17",3.3,300,"MOO17","968","MOO17_968","Blenniidae","Glyptoparus","delicatulus","GLYPDELI",12.7,16.1,0.042,"MOO17_968_GLYPDELI_12.7",-17.5066,-149.76294,"2017","Glyptoparus delicatulus",5.72957795130823
"852",869,"Moorea","Teavaro2","B16","Backreef","10/23/17",3.3,300,"MOO17","969","MOO17_969","Blenniidae","Glyptoparus","delicatulus","GLYPDELI",13.7,15.9,0.045,"MOO17_969_GLYPDELI_13.7",-17.5066,-149.76294,"2017","Glyptoparus delicatulus",5.72957795130823
"853",870,"Moorea","Teavaro2","B16","Backreef","10/23/17",3.3,300,"MOO17","970","MOO17_970","Gobiidae","Pleurosicya","labiata","PLEULABI",8.5,8.5,0.008,"MOO17_970_PLEULABI_8.5",-17.5066,-149.76294,"2017","Pleurosicya labiata",5.72957795130823
"854",871,"Moorea","Teavaro2","B16","Backreef","10/23/17",3.3,300,"MOO17","971","MOO17_971","Gobiidae","Pleurosicya","labiata","PLEULABI",13.7,17.4,0.048,"MOO17_971_PLEULABI_13.7",-17.5066,-149.76294,"2017","Pleurosicya labiata",5.72957795130823
"855",872,"Moorea","Teavaro2","B16","Backreef","10/23/17",3.3,300,"MOO17","972","MOO17_972","Gobiidae","Pleurosicya","labiata","PLEULABI",13.3,16.8,0.042,"MOO17_972_PLEULABI_13.3",-17.5066,-149.76294,"2017","Pleurosicya labiata",5.72957795130823
"856",873,"Moorea","Teavaro2","B16","Backreef","10/23/17",3.3,300,"MOO17","973","MOO17_973","Gobiidae","Pleurosicya","labiata","PLEULABI",12.8,15.5,0.035,"MOO17_973_PLEULABI_12.8",-17.5066,-149.76294,"2017","Pleurosicya labiata",5.72957795130823
"857",874,"Moorea","Teavaro2","B16","Backreef","10/23/17",3.3,300,"MOO17","974","MOO17_974","Blenniidae","Blenniidae","speA","BLENSPEA",11.4,13.4,0.031,"MOO17_974_BLENSPEA_11.4",-17.5066,-149.76294,"2017","Blenniidae speA",5.72957795130823
"858",875,"Moorea","Teavaro2","B16","Backreef","10/23/17",3.3,300,"MOO17","975","MOO17_975","Gobiidae","Fusigobius","neophytus","FUSINEOP",23.6,31.5,0.299,"MOO17_975_FUSINEOP_23.6",-17.5066,-149.76294,"2017","Fusigobius neophytus",5.72957795130823
"859",876,"Moorea","Teavaro2","B16","Backreef","10/23/17",3.3,300,"MOO17","976","MOO17_976","Gobiidae","Fusigobius","humeralis","FUSIHUME",17.8,22.6,0.112,"MOO17_976_FUSIHUME_17.8",-17.5066,-149.76294,"2017","Fusigobius humeralis",5.72957795130823
"860",877,"Moorea","Teavaro2","B16","Backreef","10/23/17",3.3,300,"MOO17","977","MOO17_977","Gobiidae","Fusigobius","humeralis","FUSIHUME",21.3,27.6,0.222,"MOO17_977_FUSIHUME_21.3",-17.5066,-149.76294,"2017","Fusigobius humeralis",5.72957795130823
"861",878,"Moorea","Teavaro2","B16","Backreef","10/23/17",3.3,300,"MOO17","978","MOO17_978","Gobiidae","Fusigobius","neophytus","FUSINEOP",18.8,24.1,0.123,"MOO17_978_FUSINEOP_18.8",-17.5066,-149.76294,"2017","Fusigobius neophytus",5.72957795130823
"862",879,"Moorea","Teavaro2","B16","Backreef","10/23/17",3.3,300,"MOO17","979","MOO17_979","Gobiidae","Fusigobius","humeralis","FUSIHUME",13.1,16.1,0.045,"MOO17_979_FUSIHUME_13.1",-17.5066,-149.76294,"2017","Fusigobius humeralis",5.72957795130823
"863",880,"Moorea","Teavaro2","B16","Backreef","10/23/17",3.3,300,"MOO17","980","MOO17_980","Gobiidae","Pleurosicya","labiata","PLEULABI",13,15.8,0.034,"MOO17_980_PLEULABI_13",-17.5066,-149.76294,"2017","Pleurosicya labiata",5.72957795130823
"864",881,"Moorea","Teavaro2","B16","Backreef","10/23/17",3.3,300,"MOO17","981","MOO17_981","Gobiidae","Eviota","albolineata","EVIOALBO",13.8,16.5,0.033,"MOO17_981_EVIOALBO_13.8",-17.5066,-149.76294,"2017","Eviota albolineata",5.72957795130823
"865",882,"Moorea","Teavaro2","B16","Backreef","10/23/17",3.3,300,"MOO17","982","MOO17_982","Gobiidae","Eviota","distigma","EVIODIST",15.8,20.2,0.086,"MOO17_982_EVIODIST_15.8",-17.5066,-149.76294,"2017","Eviota distigma",5.72957795130823
"866",883,"Moorea","Teavaro2","B16","Backreef","10/23/17",3.3,300,"MOO17","983","MOO17_983","Gobiidae","Eviota","albolineata","EVIOALBO",13.1,15.8,0.033,"MOO17_983_EVIOALBO_13.1",-17.5066,-149.76294,"2017","Eviota albolineata",5.72957795130823
"867",884,"Moorea","Teavaro2","B16","Backreef","10/23/17",3.3,300,"MOO17","984","MOO17_984","Gobiidae","Eviota","afelei","EVIOAFEL",10.4,13.4,0.036,"MOO17_984_EVIOAFEL_10.4",-17.5066,-149.76294,"2017","Eviota afelei",5.72957795130823
"868",885,"Moorea","Teavaro2","B16","Backreef","10/23/17",3.3,300,"MOO17","985","MOO17_985","Gobiidae","Eviota","albolineata","EVIOALBO",17.9,22,0.119,"MOO17_985_EVIOALBO_17.9",-17.5066,-149.76294,"2017","Eviota albolineata",5.72957795130823
"869",886,"Moorea","Teavaro2","B16","Backreef","10/23/17",3.3,300,"MOO17","986","MOO17_986","Gobiidae","Eviota","albolineata","EVIOALBO",15.1,19.6,0.085,"MOO17_986_EVIOALBO_15.1",-17.5066,-149.76294,"2017","Eviota albolineata",5.72957795130823
"870",887,"Moorea","Teavaro2","B16","Backreef","10/23/17",3.3,300,"MOO17","987","MOO17_987","Gobiidae","Eviota","albolineata","EVIOALBO",17.5,21.7,0.103,"MOO17_987_EVIOALBO_17.5",-17.5066,-149.76294,"2017","Eviota albolineata",5.72957795130823
"871",888,"Moorea","Teavaro2","B16","Backreef","10/23/17",3.3,300,"MOO17","988","MOO17_988","Gobiidae","Eviota","albolineata","EVIOALBO",18.3,21.6,0.112,"MOO17_988_EVIOALBO_18.3",-17.5066,-149.76294,"2017","Eviota albolineata",5.72957795130823
"872",889,"Moorea","Teavaro2","B16","Backreef","10/23/17",3.3,300,"MOO17","989","MOO17_989","Gobiidae","Eviota","albolineata","EVIOALBO",15.6,20,0.087,"MOO17_989_EVIOALBO_15.6",-17.5066,-149.76294,"2017","Eviota albolineata",5.72957795130823
"873",890,"Moorea","Teavaro2","B16","Backreef","10/23/17",3.3,300,"MOO17","990","MOO17_990","Gobiidae","Eviota","albolineata","EVIOALBO",15.3,19.4,0.075,"MOO17_990_EVIOALBO_15.3",-17.5066,-149.76294,"2017","Eviota albolineata",5.72957795130823
"874",891,"Moorea","Teavaro2","B16","Backreef","10/23/17",3.3,300,"MOO17","991","MOO17_991","Gobiidae","Eviota","afelei","EVIOAFEL",13.8,16.7,0.049,"MOO17_991_EVIOAFEL_13.8",-17.5066,-149.76294,"2017","Eviota afelei",5.72957795130823
"875",892,"Moorea","Teavaro2","B16","Backreef","10/23/17",3.3,300,"MOO17","992","MOO17_992","Gobiidae","Eviota","albolineata","EVIOALBO",13.3,16.2,0.038,"MOO17_992_EVIOALBO_13.3",-17.5066,-149.76294,"2017","Eviota albolineata",5.72957795130823
"876",893,"Moorea","Teavaro2","B16","Backreef","10/23/17",3.3,300,"MOO17","993","MOO17_993","Gobiidae","Eviota","afelei","EVIOAFEL",12.8,16.1,0.05,"MOO17_993_EVIOAFEL_12.8",-17.5066,-149.76294,"2017","Eviota afelei",5.72957795130823
"877",894,"Moorea","Teavaro2","B16","Backreef","10/23/17",3.3,300,"MOO17","994","MOO17_994","Gobiidae","Eviota","afelei","EVIOAFEL",13.9,17.7,0.065,"MOO17_994_EVIOAFEL_13.9",-17.5066,-149.76294,"2017","Eviota afelei",5.72957795130823
"878",895,"Moorea","Teavaro2","B16","Backreef","10/23/17",3.3,300,"MOO17","995","MOO17_995","Gobiidae","Eviota","albolineata","EVIOALBO",13,16.5,0.037,"MOO17_995_EVIOALBO_13",-17.5066,-149.76294,"2017","Eviota albolineata",5.72957795130823
"879",896,"Moorea","Teavaro2","B16","Backreef","10/23/17",3.3,300,"MOO17","996","MOO17_996","Gobiidae","Eviota","albolineata","EVIOALBO",13.1,16.4,0.038,"MOO17_996_EVIOALBO_13.1",-17.5066,-149.76294,"2017","Eviota albolineata",5.72957795130823
"880",897,"Moorea","Teavaro2","B16","Backreef","10/23/17",3.3,300,"MOO17","997","MOO17_997","Gobiidae","Eviota","afelei","EVIOAFEL",12.9,16,0.05,"MOO17_997_EVIOAFEL_12.9",-17.5066,-149.76294,"2017","Eviota afelei",5.72957795130823
"881",898,"Moorea","Teavaro2","B16","Backreef","10/23/17",3.3,300,"MOO17","998","MOO17_998","Gobiidae","Eviota","albolineata","EVIOALBO",12.2,15.7,0.037,"MOO17_998_EVIOALBO_12.2",-17.5066,-149.76294,"2017","Eviota albolineata",5.72957795130823
"882",899,"Moorea","Teavaro2","B16","Backreef","10/23/17",3.3,300,"MOO17","999","MOO17_999","Gobiidae","Eviota","distigma","EVIODIST",12.8,16.8,0.062,"MOO17_999_EVIODIST_12.8",-17.5066,-149.76294,"2017","Eviota distigma",5.72957795130823
"883",900,"Moorea","Teavaro2","B16","Backreef","10/23/17",3.3,300,"MOO17","1000","MOO17_1000","Gobiidae","Eviota","afelei","EVIOAFEL",12.6,15.9,0.055,"MOO17_1000_EVIOAFEL_12.6",-17.5066,-149.76294,"2017","Eviota afelei",5.72957795130823
"884",901,"Moorea","Teavaro2","B16","Backreef","10/23/17",3.3,300,"MOO17","1001","MOO17_1001","Gobiidae","Eviota","infulata","EVIOINFU",8.9,10.8,0.01,"MOO17_1001_EVIOINFU_8.9",-17.5066,-149.76294,"2017","Eviota infulata",5.72957795130823
"885",902,"Moorea","Teavaro2","B16","Backreef","10/23/17",3.3,300,"MOO17","1002","MOO17_1002","Gobiidae","Eviota","albolineata","EVIOALBO",13.5,16.4,0.031,"MOO17_1002_EVIOALBO_13.5",-17.5066,-149.76294,"2017","Eviota albolineata",5.72957795130823
"886",903,"Moorea","Teavaro2","B16","Backreef","10/23/17",3.3,300,"MOO17","1003","MOO17_1003","Gobiidae","Eviota","infulata","EVIOINFU",11.7,14.3,0.034,"MOO17_1003_EVIOINFU_11.7",-17.5066,-149.76294,"2017","Eviota infulata",5.72957795130823
"887",904,"Moorea","Teavaro2","B16","Backreef","10/23/17",3.3,300,"MOO17","1004","MOO17_1004","Gobiidae","Eviota","albolineata","EVIOALBO",12.2,15.7,0.034,"MOO17_1004_EVIOALBO_12.2",-17.5066,-149.76294,"2017","Eviota albolineata",5.72957795130823
"888",905,"Moorea","Teavaro2","B16","Backreef","10/23/17",3.3,300,"MOO17","1005","MOO17_1005","Gobiidae","Eviota","afelei","EVIOAFEL",12.5,15,0.04,"MOO17_1005_EVIOAFEL_12.5",-17.5066,-149.76294,"2017","Eviota afelei",5.72957795130823
"889",906,"Moorea","Teavaro2","B16","Backreef","10/23/17",3.3,300,"MOO17","1006","MOO17_1006","Gobiidae","Eviota","afelei","EVIOAFEL",12.6,15.5,0.046,"MOO17_1006_EVIOAFEL_12.6",-17.5066,-149.76294,"2017","Eviota afelei",5.72957795130823
"890",907,"Moorea","Teavaro2","B16","Backreef","10/23/17",3.3,300,"MOO17","1007","MOO17_1007","Gobiidae","Eviota","afelei","EVIOAFEL",11.4,13.6,0.032,"MOO17_1007_EVIOAFEL_11.4",-17.5066,-149.76294,"2017","Eviota afelei",5.72957795130823
"891",908,"Moorea","Teavaro2","B16","Backreef","10/23/17",3.3,300,"MOO17","1008","MOO17_1008","Gobiidae","Eviota","albolineata","EVIOALBO",12.8,15.9,0.033,"MOO17_1008_EVIOALBO_12.8",-17.5066,-149.76294,"2017","Eviota albolineata",5.72957795130823
"892",909,"Moorea","Teavaro2","B16","Backreef","10/23/17",3.3,300,"MOO17","1009","MOO17_1009","Gobiidae","Eviota","afelei","EVIOAFEL",11.2,13.9,0.033,"MOO17_1009_EVIOAFEL_11.2",-17.5066,-149.76294,"2017","Eviota afelei",5.72957795130823
"893",910,"Moorea","Teavaro2","B16","Backreef","10/23/17",3.3,300,"MOO17","1010","MOO17_1010","Gobiidae","Eviota","albolineata","EVIOALBO",12.3,15.3,0.039,"MOO17_1010_EVIOALBO_12.3",-17.5066,-149.76294,"2017","Eviota albolineata",5.72957795130823
"894",911,"Moorea","Teavaro2","B16","Backreef","10/23/17",3.3,300,"MOO17","1011","MOO17_1011","Gobiidae","Eviota","infulata","EVIOINFU",11.5,14,0.036,"MOO17_1011_EVIOINFU_11.5",-17.5066,-149.76294,"2017","Eviota infulata",5.72957795130823
"895",912,"Moorea","Teavaro2","B16","Backreef","10/23/17",3.3,300,"MOO17","1012","MOO17_1012","Gobiidae","Eviota","albolineata","EVIOALBO",13.2,16.2,0.042,"MOO17_1012_EVIOALBO_13.2",-17.5066,-149.76294,"2017","Eviota albolineata",5.72957795130823
"896",913,"Moorea","Teavaro2","B16","Backreef","10/23/17",3.3,300,"MOO17","1013","MOO17_1013","Gobiidae","Eviota","afelei","EVIOAFEL",11.4,13.6,0.04,"MOO17_1013_EVIOAFEL_11.4",-17.5066,-149.76294,"2017","Eviota afelei",5.72957795130823
"897",914,"Moorea","Teavaro2","B16","Backreef","10/23/17",3.3,300,"MOO17","1014","MOO17_1014","Gobiidae","Eviota","afelei","EVIOAFEL",11.3,13.8,0.035,"MOO17_1014_EVIOAFEL_11.3",-17.5066,-149.76294,"2017","Eviota afelei",5.72957795130823
"898",915,"Moorea","Teavaro2","B16","Backreef","10/23/17",3.3,300,"MOO17","1015","MOO17_1015","Gobiidae","Eviota","infulata","EVIOINFU",10.9,13.4,0.037,"MOO17_1015_EVIOINFU_10.9",-17.5066,-149.76294,"2017","Eviota infulata",5.72957795130823
"899",916,"Moorea","Teavaro2","B16","Backreef","10/23/17",3.3,300,"MOO17","1016","MOO17_1016","Gobiidae","Eviota","infulata","EVIOINFU",10.2,12.5,0.03,"MOO17_1016_EVIOINFU_10.2",-17.5066,-149.76294,"2017","Eviota infulata",5.72957795130823
"900",917,"Moorea","Teavaro2","B16","Backreef","10/23/17",3.3,300,"MOO17","1017","MOO17_1017","Gobiidae","Eviota","afelei","EVIOAFEL",11.5,13.6,0.038,"MOO17_1017_EVIOAFEL_11.5",-17.5066,-149.76294,"2017","Eviota afelei",5.72957795130823
"901",918,"Moorea","Teavaro2","B16","Backreef","10/23/17",3.3,300,"MOO17","1018","MOO17_1018","Gobiidae","Eviota","afelei","EVIOAFEL",10,11.9,0.028,"MOO17_1018_EVIOAFEL_10",-17.5066,-149.76294,"2017","Eviota afelei",5.72957795130823
"902",919,"Moorea","Teavaro2","B16","Backreef","10/23/17",3.3,300,"MOO17","1019","MOO17_1019","Gobiidae","Eviota","afelei","EVIOAFEL",9.3,11.6,0.028,"MOO17_1019_EVIOAFEL_9.3",-17.5066,-149.76294,"2017","Eviota afelei",5.72957795130823
"903",920,"Moorea","Teavaro2","B16","Backreef","10/23/17",3.3,300,"MOO17","1020","MOO17_1020","Gobiidae","Eviota","afelei","EVIOAFEL",8.4,10.8,0.021,"MOO17_1020_EVIOAFEL_8.4",-17.5066,-149.76294,"2017","Eviota afelei",5.72957795130823
"904",921,"Moorea","Teavaro2","B16","Backreef","10/23/17",3.3,300,"MOO17","1021","MOO17_1021","Gobiidae","Eviota","afelei","EVIOAFEL",7.8,10.2,0.021,"MOO17_1021_EVIOAFEL_7.8",-17.5066,-149.76294,"2017","Eviota afelei",5.72957795130823
"905",922,"Moorea","Teavaro2","B16","Backreef","10/23/17",3.3,300,"MOO17","1022","MOO17_1022","Gobiidae","Eviota","infulata","EVIOINFU",9.8,11.6,0.026,"MOO17_1022_EVIOINFU_9.8",-17.5066,-149.76294,"2017","Eviota infulata",5.72957795130823
"906",923,"Moorea","Teavaro2","B16","Backreef","10/23/17",3.3,300,"MOO17","1023","MOO17_1023","Gobiidae","Eviota","afelei","EVIOAFEL",7.4,8.4,0.012,"MOO17_1023_EVIOAFEL_7.4",-17.5066,-149.76294,"2017","Eviota afelei",5.72957795130823
"907",924,"Moorea","Teavaro2","B16","Backreef","10/23/17",3.3,300,"MOO17","1024","MOO17_1024","Gobiidae","Eviota","afelei","EVIOAFEL",7.1,8.8,0.015,"MOO17_1024_EVIOAFEL_7.1",-17.5066,-149.76294,"2017","Eviota afelei",5.72957795130823
"908",925,"Moorea","Teavaro2","B16","Backreef","10/23/17",3.3,300,"MOO17","1025","MOO17_1025","Gobiidae","Eviota","afelei","EVIOAFEL",7.2,8.8,0.009,"MOO17_1025_EVIOAFEL_7.2",-17.5066,-149.76294,"2017","Eviota afelei",5.72957795130823
"909",926,"Moorea","Teavaro2","B16","Backreef","10/23/17",3.3,300,"MOO17","1026","MOO17_1026","Gobiidae","Eviota","afelei","EVIOAFEL",8.2,9.7,0.008,"MOO17_1026_EVIOAFEL_8.2",-17.5066,-149.76294,"2017","Eviota afelei",5.72957795130823
"910",927,"Moorea","Teavaro2","B16","Backreef","10/23/17",3.3,300,"MOO17","1027","MOO17_1027","Gobiidae","Eviota","afelei","EVIOAFEL",7.2,8.4,0.005,"MOO17_1027_EVIOAFEL_7.2",-17.5066,-149.76294,"2017","Eviota afelei",5.72957795130823
"911",928,"Moorea","Teavaro2","B16","Backreef","10/23/17",3.3,300,"MOO17","1028","MOO17_1028","Pomacanthidae","Centropyge","bispinosa","CENTBISP",85,112,13.75,"MOO17_1028_CENTBISP_85",-17.5066,-149.76294,"2017","Centropyge bispinosa",5.72957795130823
"912",929,"Moorea","Teavaro2","B16","Backreef","10/23/17",3.3,300,"MOO17","1029","MOO17_1029","Pomacanthidae","Centropyge","bispinosa","CENTBISP",72,102,10.65,"MOO17_1029_CENTBISP_72",-17.5066,-149.76294,"2017","Centropyge bispinosa",5.72957795130823
"913",931,"Moorea","Atiha1","B17","Forereef","10/24/17",16.6,240,"MOO17","1031","MOO17_1031","Scorpaenidae","Scorpaenodes","scaber","SCORSCAB",54.8,65.1,6.39,"MOO17_1031_SCORSCAB_54.8",-17.60187,-149.8391,"2017","Scorpaenodes scaber",3.66692988883727
"914",932,"Moorea","Atiha1","B17","Forereef","10/24/17",16.6,240,"MOO17","1032","MOO17_1032","Pomacanthidae","Centropyge","bispinosa","CENTBISP",58.5,77.7,11.429,"MOO17_1032_CENTBISP_58.5",-17.60187,-149.8391,"2017","Centropyge bispinosa",3.66692988883727
"915",933,"Moorea","Atiha1","B17","Forereef","10/24/17",16.6,240,"MOO17","1033","MOO17_1033","Cirrhitidae","Neocirrhites","armatus","NEOCARMA",47.6,59.6,4.584,"MOO17_1033_NEOCARMA_47.6",-17.60187,-149.8391,"2017","Neocirrhites armatus",3.66692988883727
"916",934,"Moorea","Atiha1","B17","Forereef","10/24/17",16.6,240,"MOO17","1034","MOO17_1034","Pomacentridae","Chromis","iomelas","CHROIOME",34.3,61.8,2.754,"MOO17_1034_CHROIOME_34.3",-17.60187,-149.8391,"2017","Chromis iomelas",3.66692988883727
"917",935,"Moorea","Atiha1","B17","Forereef","10/24/17",16.6,240,"MOO17","1035","MOO17_1035","Pomacentridae","Chromis","margaritifer","CHROMARG",27.3,41.6,0.97,"MOO17_1035_CHROMARG_27.3",-17.60187,-149.8391,"2017","Chromis margaritifer",3.66692988883727
"918",936,"Moorea","Atiha1","B17","Forereef","10/24/17",16.6,240,"MOO17","1036","MOO17_1036","Pomacanthidae","Centropyge","bispinosa","CENTBISP",21.7,28.1,0.525,"MOO17_1036_CENTBISP_21.7",-17.60187,-149.8391,"2017","Centropyge bispinosa",3.66692988883727
"919",937,"Moorea","Atiha1","B17","Forereef","10/24/17",16.6,240,"MOO17","1037","MOO17_1037","Serranidae","Pseudogramma","polyacanthum","PSEUPOLY",35.6,43.3,1.087,"MOO17_1037_PSEUPOLY_35.6",-17.60187,-149.8391,"2017","Pseudogramma polyacanthum",3.66692988883727
"920",938,"Moorea","Atiha1","B17","Forereef","10/24/17",16.6,240,"MOO17","1038","MOO17_1038","Muraenidae","Uropterygius","fuscoguttatus","UROPFUSC",121,123.1,1.228,"MOO17_1038_UROPFUSC_121",-17.60187,-149.8391,"2017","Uropterygius fuscoguttatus",3.66692988883727
"921",939,"Moorea","Atiha1","B17","Forereef","10/24/17",16.6,240,"MOO17","1039","MOO17_1039","Muraenidae","Uropterygius","fuscoguttatus","UROPFUSC",84.5,86.5,0.585,"MOO17_1039_UROPFUSC_84.5",-17.60187,-149.8391,"2017","Uropterygius fuscoguttatus",3.66692988883727
"922",940,"Moorea","Atiha1","B17","Forereef","10/24/17",16.6,240,"MOO17","1040","MOO17_1040","Apogonidae","Ostorhinchus","angustatus","OSTOANGU",23.7,31.2,0.314,"MOO17_1040_OSTOANGU_23.7",-17.60187,-149.8391,"2017","Ostorhinchus angustatus",3.66692988883727
"923",941,"Moorea","Atiha1","B17","Forereef","10/24/17",16.6,240,"MOO17","1041","MOO17_1041","Labridae","Halichoeres","claudia","HALICLAU",18.3,22.8,0.149,"MOO17_1041_HALICLAU_18.3",-17.60187,-149.8391,"2017","Halichoeres claudia",3.66692988883727
"924",942,"Moorea","Atiha1","B17","Forereef","10/24/17",16.6,240,"MOO17","1042","MOO17_1042","Tripterygiidae","Enneapterygius","pyramis","ENNEPYRA",21.8,26.9,0.187,"MOO17_1042_ENNEPYRA_21.8",-17.60187,-149.8391,"2017","Enneapterygius pyramis",3.66692988883727
"925",943,"Moorea","Atiha1","B17","Forereef","10/24/17",16.6,240,"MOO17","1043","MOO17_1043","Tripterygiidae","Enneapterygius","pyramis","ENNEPYRA",22.7,28.4,0.236,"MOO17_1043_ENNEPYRA_22.7",-17.60187,-149.8391,"2017","Enneapterygius pyramis",3.66692988883727
"926",944,"Moorea","Atiha1","B17","Forereef","10/24/17",16.6,240,"MOO17","1044","MOO17_1044","Tripterygiidae","Enneapterygius","pyramis","ENNEPYRA",22.2,28.7,0.254,"MOO17_1044_ENNEPYRA_22.2",-17.60187,-149.8391,"2017","Enneapterygius pyramis",3.66692988883727
"927",945,"Moorea","Atiha1","B17","Forereef","10/24/17",16.6,240,"MOO17","1045","MOO17_1045","Tripterygiidae","Enneapterygius","pyramis","ENNEPYRA",14.5,17.9,0.048,"MOO17_1045_ENNEPYRA_14.5",-17.60187,-149.8391,"2017","Enneapterygius pyramis",3.66692988883727
"928",946,"Moorea","Atiha1","B17","Forereef","10/24/17",16.6,240,"MOO17","1046","MOO17_1046","Gobiidae","Eviota","albolineata","EVIOALBO",17.2,21.6,0.111,"MOO17_1046_EVIOALBO_17.2",-17.60187,-149.8391,"2017","Eviota albolineata",3.66692988883727
"929",947,"Moorea","Atiha1","B17","Forereef","10/24/17",16.6,240,"MOO17","1047","MOO17_1047","Gobiidae","Eviota","albolineata","EVIOALBO",15.9,20.4,0.1,"MOO17_1047_EVIOALBO_15.9",-17.60187,-149.8391,"2017","Eviota albolineata",3.66692988883727
"930",948,"Moorea","Atiha1","B17","Forereef","10/24/17",16.6,240,"MOO17","1048","MOO17_1048","Tripterygiidae","Enneapterygius","pyramis","ENNEPYRA",10.1,11.7,0.008,"MOO17_1048_ENNEPYRA_10.1",-17.60187,-149.8391,"2017","Enneapterygius pyramis",3.66692988883727
"931",950,"Moorea","Atiha2","B18","Backreef","10/24/17",2.8,300,"MOO17","1050","MOO17_1050","Gobiidae","Callogobius","sclateri","CALLSCLA",39.2,50.2,1.838,"MOO17_1050_CALLSCLA_39.2",-17.59461,-149.83812,"2017","Callogobius sclateri",5.72957795130823
"932",951,"Moorea","Atiha2","B18","Backreef","10/24/17",2.8,300,"MOO17","1051","MOO17_1051","Scorpaenidae","Scorpaenodes","parvipinnis","SCORPARV",18.6,23.9,0.37,"MOO17_1051_SCORPARV_18.6",-17.59461,-149.83812,"2017","Scorpaenodes parvipinnis",5.72957795130823
"933",952,"Moorea","Atiha2","B18","Backreef","10/24/17",2.8,300,"MOO17","1052","MOO17_1052","Blenniidae","Cirripectes","variolosus","CIRRVARI",35,44.2,1.236,"MOO17_1052_CIRRVARI_35",-17.59461,-149.83812,"2017","Cirripectes variolosus",5.72957795130823
"934",953,"Moorea","Atiha2","B18","Backreef","10/24/17",2.8,300,"MOO17","1053","MOO17_1053","Blenniidae","Cirripectes","variolosus","CIRRVARI",40.6,50.6,2.222,"MOO17_1053_CIRRVARI_40.6",-17.59461,-149.83812,"2017","Cirripectes variolosus",5.72957795130823
"935",954,"Moorea","Atiha2","B18","Backreef","10/24/17",2.8,300,"MOO17","1054","MOO17_1054","Scorpaenidae","Scorpaenodes","speA","SCORSPEA",23.1,28.5,0.372,"MOO17_1054_SCORSPEA_23.1",-17.59461,-149.83812,"2017","Scorpaenodes speA",5.72957795130823
"936",955,"Moorea","Atiha2","B18","Backreef","10/24/17",2.8,300,"MOO17","1055","MOO17_1055","Apogonidae","Pristiapogon","kallopterus","PRISKALL",28.4,38.7,0.563,"MOO17_1055_PRISKALL_28.4",-17.59461,-149.83812,"2017","Pristiapogon kallopterus",5.72957795130823
"937",956,"Moorea","Atiha2","B18","Backreef","10/24/17",2.8,300,"MOO17","1056","MOO17_1056","Syngnathidae","Doryrhamphus","excisus","DORYEXCI",44.4,47.6,0.126,"MOO17_1056_DORYEXCI_44.4",-17.59461,-149.83812,"2017","Doryrhamphus excisus",5.72957795130823
"938",957,"Moorea","Atiha2","B18","Backreef","10/24/17",2.8,300,"MOO17","1057","MOO17_1057","Syngnathidae","Doryrhamphus","excisus","DORYEXCI",39.1,44.5,0.095,"MOO17_1057_DORYEXCI_39.1",-17.59461,-149.83812,"2017","Doryrhamphus excisus",5.72957795130823
"939",958,"Moorea","Atiha2","B18","Backreef","10/24/17",2.8,300,"MOO17","1058","MOO17_1058","Gobiidae","Priolepis","squamogena","PRIOSQUA",28.8,37.6,0.591,"MOO17_1058_PRIOSQUA_28.8",-17.59461,-149.83812,"2017","Priolepis squamogena",5.72957795130823
"940",959,"Moorea","Atiha2","B18","Backreef","10/24/17",2.8,300,"MOO17","1059","MOO17_1059","Gobiidae","Trimmatom","eviotops","TRIMEVIO",12.6,15.1,0.031,"MOO17_1059_TRIMEVIO_12.6",-17.59461,-149.83812,"2017","Trimmatom eviotops",5.72957795130823
"941",960,"Moorea","Atiha2","B18","Backreef","10/24/17",2.8,300,"MOO17","1060","MOO17_1060","Serranidae","Pseudogramma","polyacanthum","PSEUPOLY",13.1,14.9,0.042,"MOO17_1060_PSEUPOLY_13.1",-17.59461,-149.83812,"2017","Pseudogramma polyacanthum",5.72957795130823
"942",961,"Moorea","Atiha2","B18","Backreef","10/24/17",2.8,300,"MOO17","1061","MOO17_1061","Gobiidae","Gnatholepis","cauerensis","GNATCAUE",13,16,0.047,"MOO17_1061_GNATCAUE_13",-17.59461,-149.83812,"2017","Gnatholepis cauerensis",5.72957795130823
"943",962,"Moorea","Atiha2","B18","Backreef","10/24/17",2.8,300,"MOO17","1062","MOO17_1062","Apogonidae","Pristiapogon","kallopterus","PRISKALL",9,12.2,0.029,"MOO17_1062_PRISKALL_9",-17.59461,-149.83812,"2017","Pristiapogon kallopterus",5.72957795130823
"944",963,"Moorea","Atiha2","B18","Backreef","10/24/17",2.8,300,"MOO17","1063","MOO17_1063","Gobiidae","Callogobius","speA","CALLSPEA",17.8,21.2,0.143,"MOO17_1063_CALLSPEA_17.8",-17.59461,-149.83812,"2017","Callogobius speA",5.72957795130823
"945",964,"Moorea","Atiha2","B18","Backreef","10/24/17",2.8,300,"MOO17","1064","MOO17_1064","Gobiidae","Callogobius","speA","CALLSPEA",11.3,15.2,0.031,"MOO17_1064_CALLSPEA_11.3",-17.59461,-149.83812,"2017","Callogobius speA",5.72957795130823
"946",965,"Moorea","Atiha2","B18","Backreef","10/24/17",2.8,300,"MOO17","1065","MOO17_1065","Gobiidae","Pleurosicya","labiata","PLEULABI",14.9,18.5,0.055,"MOO17_1065_PLEULABI_14.9",-17.59461,-149.83812,"2017","Pleurosicya labiata",5.72957795130823
"947",966,"Moorea","Atiha2","B18","Backreef","10/24/17",2.8,300,"MOO17","1066","MOO17_1066","Gobiidae","Pleurosicya","labiata","PLEULABI",13.6,16.6,0.048,"MOO17_1066_PLEULABI_13.6",-17.59461,-149.83812,"2017","Pleurosicya labiata",5.72957795130823
"948",967,"Moorea","Atiha2","B18","Backreef","10/24/17",2.8,300,"MOO17","1067","MOO17_1067","Gobiidae","Pleurosicya","labiata","PLEULABI",13.5,16.8,0.047,"MOO17_1067_PLEULABI_13.5",-17.59461,-149.83812,"2017","Pleurosicya labiata",5.72957795130823
"949",968,"Moorea","Atiha2","B18","Backreef","10/24/17",2.8,300,"MOO17","1068","MOO17_1068","Gobiidae","Pleurosicya","labiata","PLEULABI",13.6,16.2,0.049,"MOO17_1068_PLEULABI_13.6",-17.59461,-149.83812,"2017","Pleurosicya labiata",5.72957795130823
"950",969,"Moorea","Atiha2","B18","Backreef","10/24/17",2.8,300,"MOO17","1069","MOO17_1069","Gobiidae","Pleurosicya","labiata","PLEULABI",13.8,16.3,0.045,"MOO17_1069_PLEULABI_13.8",-17.59461,-149.83812,"2017","Pleurosicya labiata",5.72957795130823
"951",970,"Moorea","Atiha2","B18","Backreef","10/24/17",2.8,300,"MOO17","1070","MOO17_1070","Gobiidae","Pleurosicya","labiata","PLEULABI",11.4,13,0.02,"MOO17_1070_PLEULABI_11.4",-17.59461,-149.83812,"2017","Pleurosicya labiata",5.72957795130823
"952",971,"Moorea","Atiha2","B18","Backreef","10/24/17",2.8,300,"MOO17","1071","MOO17_1071","Gobiidae","Gnatholepis","cauerensis","GNATCAUE",21.4,27.6,0.222,"MOO17_1071_GNATCAUE_21.4",-17.59461,-149.83812,"2017","Gnatholepis cauerensis",5.72957795130823
"953",972,"Moorea","Atiha2","B18","Backreef","10/24/17",2.8,300,"MOO17","1072","MOO17_1072","Gobiidae","Gnatholepis","cauerensis","GNATCAUE",18.6,24.5,0.157,"MOO17_1072_GNATCAUE_18.6",-17.59461,-149.83812,"2017","Gnatholepis cauerensis",5.72957795130823
"954",973,"Moorea","Atiha2","B18","Backreef","10/24/17",2.8,300,"MOO17","1073","MOO17_1073","Gobiidae","Eviota","albolineata","EVIOALBO",13.2,15.9,0.03,"MOO17_1073_EVIOALBO_13.2",-17.59461,-149.83812,"2017","Eviota albolineata",5.72957795130823
"955",974,"Moorea","Atiha2","B18","Backreef","10/24/17",2.8,300,"MOO17","1074","MOO17_1074","Gobiidae","Pleurosicya","labiata","PLEULABI",10,13,0.023,"MOO17_1074_PLEULABI_10",-17.59461,-149.83812,"2017","Pleurosicya labiata",5.72957795130823
"956",975,"Moorea","Atiha2","B18","Backreef","10/24/17",2.8,300,"MOO17","1075","MOO17_1075","Gobiidae","Gnatholepis","cauerensis","GNATCAUE",9.1,10.5,0.014,"MOO17_1075_GNATCAUE_9.1",-17.59461,-149.83812,"2017","Gnatholepis cauerensis",5.72957795130823
"957",976,"Moorea","Atiha2","B18","Backreef","10/24/17",2.8,300,"MOO17","1076","MOO17_1076","Tripterygiidae","Enneapterygius","pyramis","ENNEPYRA",21.1,27.3,0.217,"MOO17_1076_ENNEPYRA_21.1",-17.59461,-149.83812,"2017","Enneapterygius pyramis",5.72957795130823
"958",977,"Moorea","Atiha2","B18","Backreef","10/24/17",2.8,300,"MOO17","1077","MOO17_1077","Tripterygiidae","Enneapterygius","pyramis","ENNEPYRA",22.5,29.4,0.246,"MOO17_1077_ENNEPYRA_22.5",-17.59461,-149.83812,"2017","Enneapterygius pyramis",5.72957795130823
"959",978,"Moorea","Atiha2","B18","Backreef","10/24/17",2.8,300,"MOO17","1078","MOO17_1078","Tripterygiidae","Enneapterygius","pyramis","ENNEPYRA",21.7,26.7,0.205,"MOO17_1078_ENNEPYRA_21.7",-17.59461,-149.83812,"2017","Enneapterygius pyramis",5.72957795130823
"960",979,"Moorea","Atiha2","B18","Backreef","10/24/17",2.8,300,"MOO17","1079","MOO17_1079","Tripterygiidae","Enneapterygius","pyramis","ENNEPYRA",20.9,26.6,0.199,"MOO17_1079_ENNEPYRA_20.9",-17.59461,-149.83812,"2017","Enneapterygius pyramis",5.72957795130823
"961",980,"Moorea","Atiha2","B18","Backreef","10/24/17",2.8,300,"MOO17","1080","MOO17_1080","Tripterygiidae","Enneapterygius","pyramis","ENNEPYRA",20.7,25,0.188,"MOO17_1080_ENNEPYRA_20.7",-17.59461,-149.83812,"2017","Enneapterygius pyramis",5.72957795130823
"962",981,"Moorea","Atiha2","B18","Backreef","10/24/17",2.8,300,"MOO17","1081","MOO17_1081","Tripterygiidae","Enneapterygius","pyramis","ENNEPYRA",20.9,25.9,0.188,"MOO17_1081_ENNEPYRA_20.9",-17.59461,-149.83812,"2017","Enneapterygius pyramis",5.72957795130823
"963",982,"Moorea","Atiha2","B18","Backreef","10/24/17",2.8,300,"MOO17","1082","MOO17_1082","Tripterygiidae","Enneapterygius","pyramis","ENNEPYRA",19.8,24.7,0.147,"MOO17_1082_ENNEPYRA_19.8",-17.59461,-149.83812,"2017","Enneapterygius pyramis",5.72957795130823
"964",983,"Moorea","Atiha2","B18","Backreef","10/24/17",2.8,300,"MOO17","1083","MOO17_1083","Tripterygiidae","Enneapterygius","pyramis","ENNEPYRA",19.3,24.2,0.137,"MOO17_1083_ENNEPYRA_19.3",-17.59461,-149.83812,"2017","Enneapterygius pyramis",5.72957795130823
"965",984,"Moorea","Atiha2","B18","Backreef","10/24/17",2.8,300,"MOO17","1084","MOO17_1084","Tripterygiidae","Enneapterygius","pyramis","ENNEPYRA",17.2,21.1,0.095,"MOO17_1084_ENNEPYRA_17.2",-17.59461,-149.83812,"2017","Enneapterygius pyramis",5.72957795130823
"966",985,"Moorea","Atiha2","B18","Backreef","10/24/17",2.8,300,"MOO17","1085","MOO17_1085","Tripterygiidae","Enneapterygius","pyramis","ENNEPYRA",14.3,18.1,0.048,"MOO17_1085_ENNEPYRA_14.3",-17.59461,-149.83812,"2017","Enneapterygius pyramis",5.72957795130823
"967",986,"Moorea","Atiha2","B18","Backreef","10/24/17",2.8,300,"MOO17","1086","MOO17_1086","Tripterygiidae","Enneapterygius","pyramis","ENNEPYRA",14.4,17.8,0.054,"MOO17_1086_ENNEPYRA_14.4",-17.59461,-149.83812,"2017","Enneapterygius pyramis",5.72957795130823
"968",987,"Moorea","Atiha2","B18","Backreef","10/24/17",2.8,300,"MOO17","1087","MOO17_1087","Gobiidae","Eviota","albolineata","EVIOALBO",20.5,25.6,0.195,"MOO17_1087_EVIOALBO_20.5",-17.59461,-149.83812,"2017","Eviota albolineata",5.72957795130823
"969",988,"Moorea","Atiha2","B18","Backreef","10/24/17",2.8,300,"MOO17","1088","MOO17_1088","Blenniidae","Glyptoparus","delicatulus","GLYPDELI",22,26.6,0.186,"MOO17_1088_GLYPDELI_22",-17.59461,-149.83812,"2017","Glyptoparus delicatulus",5.72957795130823
"970",989,"Moorea","Atiha2","B18","Backreef","10/24/17",2.8,300,"MOO17","1089","MOO17_1089","Gobiidae","Eviota","afelei","EVIOAFEL",12.3,14.9,0.037,"MOO17_1089_EVIOAFEL_12.3",-17.59461,-149.83812,"2017","Eviota afelei",5.72957795130823
"971",990,"Moorea","Atiha2","B18","Backreef","10/24/17",2.8,300,"MOO17","1090","MOO17_1090","Gobiidae","Eviota","afelei","EVIOAFEL",12.6,15.6,0.041,"MOO17_1090_EVIOAFEL_12.6",-17.59461,-149.83812,"2017","Eviota afelei",5.72957795130823
"972",991,"Moorea","Atiha2","B18","Backreef","10/24/17",2.8,300,"MOO17","1091","MOO17_1091","Creediidae","Limnichthys","nitidus","LIMNNITI",10.6,14.2,0.007,"MOO17_1091_LIMNNITI_10.6",-17.59461,-149.83812,"2017","Limnichthys nitidus",5.72957795130823
"973",992,"Moorea","Atiha2","B18","Backreef","10/24/17",2.8,300,"MOO17","1092","MOO17_1092","Gobiidae","Eviota","distigma","EVIODIST",8.2,10.3,0.014,"MOO17_1092_EVIODIST_8.2",-17.59461,-149.83812,"2017","Eviota distigma",5.72957795130823
"974",993,"Moorea","Atiha2","B18","Backreef","10/24/17",2.8,300,"MOO17","1093","MOO17_1093","Blenniidae","Glyptoparus","delicatulus","GLYPDELI",20.9,25.3,0.177,"MOO17_1093_GLYPDELI_20.9",-17.59461,-149.83812,"2017","Glyptoparus delicatulus",5.72957795130823
"975",994,"Moorea","Atiha2","B18","Backreef","10/24/17",2.8,300,"MOO17","1094","MOO17_1094","Blenniidae","Glyptoparus","delicatulus","GLYPDELI",14.8,17.6,0.052,"MOO17_1094_GLYPDELI_14.8",-17.59461,-149.83812,"2017","Glyptoparus delicatulus",5.72957795130823
"976",995,"Moorea","Atiha2","B18","Backreef","10/24/17",2.8,300,"MOO17","1095","MOO17_1095","Blenniidae","Glyptoparus","delicatulus","GLYPDELI",16.3,18.8,0.068,"MOO17_1095_GLYPDELI_16.3",-17.59461,-149.83812,"2017","Glyptoparus delicatulus",5.72957795130823
"977",996,"Moorea","Atiha2","B18","Backreef","10/24/17",2.8,300,"MOO17","1096","MOO17_1096","Blenniidae","Glyptoparus","delicatulus","GLYPDELI",18.8,23.3,0.072,"MOO17_1096_GLYPDELI_18.8",-17.59461,-149.83812,"2017","Glyptoparus delicatulus",5.72957795130823
"978",997,"Moorea","Atiha2","B18","Backreef","10/24/17",2.8,300,"MOO17","1097","MOO17_1097","Blenniidae","Glyptoparus","delicatulus","GLYPDELI",13.6,17.7,0.055,"MOO17_1097_GLYPDELI_13.6",-17.59461,-149.83812,"2017","Glyptoparus delicatulus",5.72957795130823
"979",998,"Moorea","Atiha2","B18","Backreef","10/24/17",2.8,300,"MOO17","1098","MOO17_1098","Blenniidae","Glyptoparus","delicatulus","GLYPDELI",14,17.5,0.049,"MOO17_1098_GLYPDELI_14",-17.59461,-149.83812,"2017","Glyptoparus delicatulus",5.72957795130823
"980",999,"Moorea","Atiha2","B18","Backreef","10/24/17",2.8,300,"MOO17","1099","MOO17_1099","Blenniidae","Glyptoparus","delicatulus","GLYPDELI",12.8,15.2,0.038,"MOO17_1099_GLYPDELI_12.8",-17.59461,-149.83812,"2017","Glyptoparus delicatulus",5.72957795130823
"981",1000,"Moorea","Atiha2","B18","Backreef","10/24/17",2.8,300,"MOO17","1100","MOO17_1100","Blenniidae","Glyptoparus","delicatulus","GLYPDELI",13.2,15.6,0.022,"MOO17_1100_GLYPDELI_13.2",-17.59461,-149.83812,"2017","Glyptoparus delicatulus",5.72957795130823
"982",1001,"Moorea","Atiha2","B18","Backreef","10/24/17",2.8,300,"MOO17","1101","MOO17_1101","Gobiidae","Eviota","albolineata","EVIOALBO",17.3,21.4,0.12,"MOO17_1101_EVIOALBO_17.3",-17.59461,-149.83812,"2017","Eviota albolineata",5.72957795130823
"983",1002,"Moorea","Atiha2","B18","Backreef","10/24/17",2.8,300,"MOO17","1102","MOO17_1102","Gobiidae","Eviota","albolineata","EVIOALBO",19.5,22.1,0.121,"MOO17_1102_EVIOALBO_19.5",-17.59461,-149.83812,"2017","Eviota albolineata",5.72957795130823
"984",1003,"Moorea","Atiha2","B18","Backreef","10/24/17",2.8,300,"MOO17","1103","MOO17_1103","Gobiidae","Eviota","albolineata","EVIOALBO",17.5,21.7,0.095,"MOO17_1103_EVIOALBO_17.5",-17.59461,-149.83812,"2017","Eviota albolineata",5.72957795130823
"985",1004,"Moorea","Atiha2","B18","Backreef","10/24/17",2.8,300,"MOO17","1104","MOO17_1104","Gobiidae","Eviota","albolineata","EVIOALBO",18.7,22.2,0.13,"MOO17_1104_EVIOALBO_18.7",-17.59461,-149.83812,"2017","Eviota albolineata",5.72957795130823
"986",1005,"Moorea","Atiha2","B18","Backreef","10/24/17",2.8,300,"MOO17","1105","MOO17_1105","Gobiidae","Eviota","albolineata","EVIOALBO",17.6,21.9,0.116,"MOO17_1105_EVIOALBO_17.6",-17.59461,-149.83812,"2017","Eviota albolineata",5.72957795130823
"987",1006,"Moorea","Atiha2","B18","Backreef","10/24/17",2.8,300,"MOO17","1106","MOO17_1106","Gobiidae","Eviota","albolineata","EVIOALBO",16.4,20.4,0.093,"MOO17_1106_EVIOALBO_16.4",-17.59461,-149.83812,"2017","Eviota albolineata",5.72957795130823
"988",1007,"Moorea","Atiha2","B18","Backreef","10/24/17",2.8,300,"MOO17","1107","MOO17_1107","Gobiidae","Eviota","albolineata","EVIOALBO",16.5,19.9,0.079,"MOO17_1107_EVIOALBO_16.5",-17.59461,-149.83812,"2017","Eviota albolineata",5.72957795130823
"989",1008,"Moorea","Atiha2","B18","Backreef","10/24/17",2.8,300,"MOO17","1108","MOO17_1108","Gobiidae","Eviota","albolineata","EVIOALBO",15.7,18.3,0.049,"MOO17_1108_EVIOALBO_15.7",-17.59461,-149.83812,"2017","Eviota albolineata",5.72957795130823
"990",1009,"Moorea","Atiha2","B18","Backreef","10/24/17",2.8,300,"MOO17","1109","MOO17_1109","Gobiidae","Eviota","albolineata","EVIOALBO",14,18.4,0.052,"MOO17_1109_EVIOALBO_14",-17.59461,-149.83812,"2017","Eviota albolineata",5.72957795130823
"991",1010,"Moorea","Atiha2","B18","Backreef","10/24/17",2.8,300,"MOO17","1110","MOO17_1110","Gobiidae","Eviota","albolineata","EVIOALBO",14,16.9,0.04,"MOO17_1110_EVIOALBO_14",-17.59461,-149.83812,"2017","Eviota albolineata",5.72957795130823
"992",1011,"Moorea","Atiha2","B18","Backreef","10/24/17",2.8,300,"MOO17","1111","MOO17_1111","Gobiidae","Eviota","albolineata","EVIOALBO",13,16.3,0.024,"MOO17_1111_EVIOALBO_13",-17.59461,-149.83812,"2017","Eviota albolineata",5.72957795130823
"993",1012,"Moorea","Atiha2","B18","Backreef","10/24/17",2.8,300,"MOO17","1112","MOO17_1112","Gobiidae","Eviota","albolineata","EVIOALBO",15,17.8,0.034,"MOO17_1112_EVIOALBO_15",-17.59461,-149.83812,"2017","Eviota albolineata",5.72957795130823
"994",1013,"Moorea","Atiha2","B18","Backreef","10/24/17",2.8,300,"MOO17","1113","MOO17_1113","Gobiidae","Eviota","albolineata","EVIOALBO",15.5,17.9,0.048,"MOO17_1113_EVIOALBO_15.5",-17.59461,-149.83812,"2017","Eviota albolineata",5.72957795130823
"995",1014,"Moorea","Atiha2","B18","Backreef","10/24/17",2.8,300,"MOO17","1114","MOO17_1114","Gobiidae","Eviota","afelei","EVIOAFEL",12.2,14.7,0.03,"MOO17_1114_EVIOAFEL_12.2",-17.59461,-149.83812,"2017","Eviota afelei",5.72957795130823
"996",1015,"Moorea","Atiha2","B18","Backreef","10/24/17",2.8,300,"MOO17","1115","MOO17_1115","Gobiidae","Eviota","afelei","EVIOAFEL",11.8,15.6,0.036,"MOO17_1115_EVIOAFEL_11.8",-17.59461,-149.83812,"2017","Eviota afelei",5.72957795130823
"997",1016,"Moorea","Atiha2","B18","Backreef","10/24/17",2.8,300,"MOO17","1116","MOO17_1116","Gobiidae","Eviota","afelei","EVIOAFEL",11.7,15.1,0.022,"MOO17_1116_EVIOAFEL_11.7",-17.59461,-149.83812,"2017","Eviota afelei",5.72957795130823
"998",1017,"Moorea","Atiha2","B18","Backreef","10/24/17",2.8,300,"MOO17","1117","MOO17_1117","Gobiidae","Eviota","afelei","EVIOAFEL",11.1,14.4,0.033,"MOO17_1117_EVIOAFEL_11.1",-17.59461,-149.83812,"2017","Eviota afelei",5.72957795130823
"999",1018,"Moorea","Atiha2","B18","Backreef","10/24/17",2.8,300,"MOO17","1118","MOO17_1118","Blenniidae","Glyptoparus","delicatulus","GLYPDELI",11.9,14.4,0.024,"MOO17_1118_GLYPDELI_11.9",-17.59461,-149.83812,"2017","Glyptoparus delicatulus",5.72957795130823
"1000",1019,"Moorea","Atiha2","B18","Backreef","10/24/17",2.8,300,"MOO17","1119","MOO17_1119","Blenniidae","Glyptoparus","delicatulus","GLYPDELI",13.2,15.9,0.03,"MOO17_1119_GLYPDELI_13.2",-17.59461,-149.83812,"2017","Glyptoparus delicatulus",5.72957795130823
"1001",1020,"Moorea","Atiha2","B18","Backreef","10/24/17",2.8,300,"MOO17","1120","MOO17_1120","Gobiidae","Eviota","afelei","EVIOAFEL",10.5,13,0.022,"MOO17_1120_EVIOAFEL_10.5",-17.59461,-149.83812,"2017","Eviota afelei",5.72957795130823
"1002",1021,"Moorea","Atiha2","B18","Backreef","10/24/17",2.8,300,"MOO17","1121","MOO17_1121","Gobiidae","Eviota","afelei","EVIOAFEL",11.1,13.5,0.017,"MOO17_1121_EVIOAFEL_11.1",-17.59461,-149.83812,"2017","Eviota afelei",5.72957795130823
"1003",1022,"Moorea","Atiha2","B18","Backreef","10/24/17",2.8,300,"MOO17","1122","MOO17_1122","Gobiidae","Eviota","albolineata","EVIOALBO",12.6,14.2,0.031,"MOO17_1122_EVIOALBO_12.6",-17.59461,-149.83812,"2017","Eviota albolineata",5.72957795130823
"1004",1023,"Moorea","Atiha2","B18","Backreef","10/24/17",2.8,300,"MOO17","1123","MOO17_1123","Gobiidae","Eviota","afelei","EVIOAFEL",10.4,11.9,0.018,"MOO17_1123_EVIOAFEL_10.4",-17.59461,-149.83812,"2017","Eviota afelei",5.72957795130823
"1005",1024,"Moorea","Atiha2","B18","Backreef","10/24/17",2.8,300,"MOO17","1124","MOO17_1124","Gobiidae","Eviota","afelei","EVIOAFEL",8.5,9.8,0.004,"MOO17_1124_EVIOAFEL_8.5",-17.59461,-149.83812,"2017","Eviota afelei",5.72957795130823
"1006",1025,"Moorea","Atiha2","B18","Backreef","10/24/17",2.8,300,"MOO17","1125","MOO17_1125","Gobiidae","Eviota","afelei","EVIOAFEL",8.2,10.7,0.011,"MOO17_1125_EVIOAFEL_8.2",-17.59461,-149.83812,"2017","Eviota afelei",5.72957795130823
"1007",1026,"Moorea","Atiha2","B18","Backreef","10/24/17",2.8,300,"MOO17","1126","MOO17_1126","Gobiidae","Eviota","afelei","EVIOAFEL",9.7,10.8,0.011,"MOO17_1126_EVIOAFEL_9.7",-17.59461,-149.83812,"2017","Eviota afelei",5.72957795130823
"1008",1027,"Moorea","Atiha2","B18","Backreef","10/24/17",2.8,300,"MOO17","1127","MOO17_1127","Gobiidae","Eviota","afelei","EVIOAFEL",7.5,9.3,0.009,"MOO17_1127_EVIOAFEL_7.5",-17.59461,-149.83812,"2017","Eviota afelei",5.72957795130823
"1009",1028,"Moorea","Atiha2","B18","Backreef","10/24/17",2.8,300,"MOO17","1128","MOO17_1128","Gobiidae","Eviota","afelei","EVIOAFEL",7.5,8.8,0.008,"MOO17_1128_EVIOAFEL_7.5",-17.59461,-149.83812,"2017","Eviota afelei",5.72957795130823
"1010",1029,"Moorea","Atiha2","B18","Backreef","10/24/17",2.8,300,"MOO17","1129","MOO17_1129","Gobiidae","Eviota","afelei","EVIOAFEL",8.1,9,0.006,"MOO17_1129_EVIOAFEL_8.1",-17.59461,-149.83812,"2017","Eviota afelei",5.72957795130823
"1011",1030,"Moorea","Atiha2","B18","Backreef","10/24/17",2.8,300,"MOO17","1130","MOO17_1130","Gobiidae","Eviota","afelei","EVIOAFEL",6.9,8.2,0.002,"MOO17_1130_EVIOAFEL_6.9",-17.59461,-149.83812,"2017","Eviota afelei",5.72957795130823
"1012",1031,"Moorea","Atiha2","B18","Backreef","10/24/17",2.8,300,"MOO17","1131","MOO17_1131","Gobiidae","Eviota","afelei","EVIOAFEL",8.2,9.1,0.004,"MOO17_1131_EVIOAFEL_8.2",-17.59461,-149.83812,"2017","Eviota afelei",5.72957795130823
"1013",1032,"Moorea","Atiha2","B18","Backreef","10/24/17",2.8,300,"MOO17","1132","MOO17_1132","Gobiidae","Eviota","afelei","EVIOAFEL",7.3,8.7,0.006,"MOO17_1132_EVIOAFEL_7.3",-17.59461,-149.83812,"2017","Eviota afelei",5.72957795130823
"1014",1033,"Moorea","Atiha2","B18","Backreef","10/24/17",2.8,300,"MOO17","1133","MOO17_1133","Gobiidae","Eviota","afelei","EVIOAFEL",6.5,8.1,0.005,"MOO17_1133_EVIOAFEL_6.5",-17.59461,-149.83812,"2017","Eviota afelei",5.72957795130823
"1015",1034,"Moorea","Atiha2","B18","Backreef","10/24/17",2.8,300,"MOO17","1134","MOO17_1134","Gobiidae","Eviota","afelei","EVIOAFEL",8.1,9,0.001,"MOO17_1134_EVIOAFEL_8.1",-17.59461,-149.83812,"2017","Eviota afelei",5.72957795130823
"1016",1035,"Moorea","Atiha2","B18","Backreef","10/24/17",2.8,300,"MOO17","1135","MOO17_1135","Gobiidae","Eviota","afelei","EVIOAFEL",7.2,8.3,0.001,"MOO17_1135_EVIOAFEL_7.2",-17.59461,-149.83812,"2017","Eviota afelei",5.72957795130823
"1017",1036,"Moorea","Atiha2","B18","Backreef","10/24/17",2.8,300,"MOO17","1136","MOO17_1136","Gobiidae","Eviota","afelei","EVIOAFEL",7.1,7.8,0.001,"MOO17_1136_EVIOAFEL_7.1",-17.59461,-149.83812,"2017","Eviota afelei",5.72957795130823
"1018",1037,"Moorea","Atiha2","B18","Backreef","10/24/17",2.8,300,"MOO17","1137","MOO17_1137","Gobiidae","Eviota","afelei","EVIOAFEL",7.8,8.4,0.001,"MOO17_1137_EVIOAFEL_7.8",-17.59461,-149.83812,"2017","Eviota afelei",5.72957795130823
"1019",1038,"Moorea","Atiha2","B18","Backreef","10/24/17",2.8,300,"MOO17","1138","MOO17_1138","Gobiidae","Eviota","afelei","EVIOAFEL",7.8,8.4,0.001,"MOO17_1138_EVIOAFEL_7.8",-17.59461,-149.83812,"2017","Eviota afelei",5.72957795130823
"1020",1040,"Moorea","Afareaitu1","B19","Forereef","10/26/17",16.6,310,"MOO17","1140","MOO17_1140","Serranidae","Pseudogramma","polyacanthum","PSEUPOLY",41.9,50.9,1.774,"MOO17_1140_PSEUPOLY_41.9",-17.55327,-149.77347,"2017","Pseudogramma polyacanthum",6.11791601245246
"1021",1041,"Moorea","Afareaitu1","B19","Forereef","10/26/17",16.6,310,"MOO17","1141","MOO17_1141","Serranidae","Pseudogramma","polyacanthum","PSEUPOLY",29.6,37.1,0.686,"MOO17_1141_PSEUPOLY_29.6",-17.55327,-149.77347,"2017","Pseudogramma polyacanthum",6.11791601245246
"1022",1042,"Moorea","Afareaitu1","B19","Forereef","10/26/17",16.6,310,"MOO17","1142","MOO17_1142","Pomacentridae","Chromis","acares","CHROACAR",32.4,47.9,1.458,"MOO17_1142_CHROACAR_32.4",-17.55327,-149.77347,"2017","Chromis acares",6.11791601245246
"1023",1043,"Moorea","Afareaitu1","B19","Forereef","10/26/17",16.6,310,"MOO17","1143","MOO17_1143","Pomacentridae","Chromis","acares","CHROACAR",26.9,38.9,0.717,"MOO17_1143_CHROACAR_26.9",-17.55327,-149.77347,"2017","Chromis acares",6.11791601245246
"1024",1044,"Moorea","Afareaitu1","B19","Forereef","10/26/17",16.6,310,"MOO17","1144","MOO17_1144","Pomacentridae","Chromis","acares","CHROACAR",24.8,33.2,0.504,"MOO17_1144_CHROACAR_24.8",-17.55327,-149.77347,"2017","Chromis acares",6.11791601245246
"1025",1045,"Moorea","Afareaitu1","B19","Forereef","10/26/17",16.6,310,"MOO17","1145","MOO17_1145","Pomacentridae","Chromis","acares","CHROACAR",19.9,28.7,0.328,"MOO17_1145_CHROACAR_19.9",-17.55327,-149.77347,"2017","Chromis acares",6.11791601245246
"1026",1046,"Moorea","Afareaitu1","B19","Forereef","10/26/17",16.6,310,"MOO17","1146","MOO17_1146","Pomacentridae","Chromis","acares","CHROACAR",21.1,31.4,0.376,"MOO17_1146_CHROACAR_21.1",-17.55327,-149.77347,"2017","Chromis acares",6.11791601245246
"1027",1047,"Moorea","Afareaitu1","B19","Forereef","10/26/17",16.6,310,"MOO17","1147","MOO17_1147","Pomacentridae","Chromis","acares","CHROACAR",16.9,22.3,0.146,"MOO17_1147_CHROACAR_16.9",-17.55327,-149.77347,"2017","Chromis acares",6.11791601245246
"1028",1048,"Moorea","Afareaitu1","B19","Forereef","10/26/17",16.6,310,"MOO17","1148","MOO17_1148","Pomacentridae","Chromis","iomelas","CHROIOME",18,29.5,0.286,"MOO17_1148_CHROIOME_18",-17.55327,-149.77347,"2017","Chromis iomelas",6.11791601245246
"1029",1049,"Moorea","Afareaitu1","B19","Forereef","10/26/17",16.6,310,"MOO17","1149","MOO17_1149","Pomacentridae","Chromis","iomelas","CHROIOME",18.6,30.5,0.284,"MOO17_1149_CHROIOME_18.6",-17.55327,-149.77347,"2017","Chromis iomelas",6.11791601245246
"1030",1050,"Moorea","Afareaitu1","B19","Forereef","10/26/17",16.6,310,"MOO17","1150","MOO17_1150","Scorpaenidae","Sebastapistes","fowleri","SEBAFOWL",21.2,27.4,0.443,"MOO17_1150_SEBAFOWL_21.2",-17.55327,-149.77347,"2017","Sebastapistes fowleri",6.11791601245246
"1031",1051,"Moorea","Afareaitu1","B19","Forereef","10/26/17",16.6,310,"MOO17","1151","MOO17_1151","Scorpaenidae","Sebastapistes","fowleri","SEBAFOWL",22.2,27.2,0.445,"MOO17_1151_SEBAFOWL_22.2",-17.55327,-149.77347,"2017","Sebastapistes fowleri",6.11791601245246
"1032",1052,"Moorea","Afareaitu1","B19","Forereef","10/26/17",16.6,310,"MOO17","1152","MOO17_1152","Gobiidae","Trimmatom","eviotops","TRIMEVIO",12.3,14.5,0.048,"MOO17_1152_TRIMEVIO_12.3",-17.55327,-149.77347,"2017","Trimmatom eviotops",6.11791601245246
"1033",1053,"Moorea","Afareaitu1","B19","Forereef","10/26/17",16.6,310,"MOO17","1153","MOO17_1153","Labridae","Pseudocheilinus","octotaenia","PSEUOCTO",18.6,22.8,0.174,"MOO17_1153_PSEUOCTO_18.6",-17.55327,-149.77347,"2017","Pseudocheilinus octotaenia",6.11791601245246
"1034",1054,"Moorea","Afareaitu1","B19","Forereef","10/26/17",16.6,310,"MOO17","1154","MOO17_1154","Labridae","Halichoeres","claudia","HALICLAU",17.4,21.1,0.116,"MOO17_1154_HALICLAU_17.4",-17.55327,-149.77347,"2017","Halichoeres claudia",6.11791601245246
"1035",1055,"Moorea","Afareaitu1","B19","Forereef","10/26/17",16.6,310,"MOO17","1155","MOO17_1155","Tripterygiidae","Enneapterygius","pyramis","ENNEPYRA",19.3,23.8,0.143,"MOO17_1155_ENNEPYRA_19.3",-17.55327,-149.77347,"2017","Enneapterygius pyramis",6.11791601245246
"1036",1056,"Moorea","Afareaitu1","B19","Forereef","10/26/17",16.6,310,"MOO17","1156","MOO17_1156","Tripterygiidae","Enneapterygius","pyramis","ENNEPYRA",23,24.7,0.148,"MOO17_1156_ENNEPYRA_23",-17.55327,-149.77347,"2017","Enneapterygius pyramis",6.11791601245246
"1037",1057,"Moorea","Afareaitu1","B19","Forereef","10/26/17",16.6,310,"MOO17","1157","MOO17_1157","Tripterygiidae","Enneapterygius","pyramis","ENNEPYRA",14.4,18.6,0.038,"MOO17_1157_ENNEPYRA_14.4",-17.55327,-149.77347,"2017","Enneapterygius pyramis",6.11791601245246
"1038",1058,"Moorea","Afareaitu1","B19","Forereef","10/26/17",16.6,310,"MOO17","1158","MOO17_1158","Tripterygiidae","Enneapterygius","pyramis","ENNEPYRA",14.4,17.8,0.048,"MOO17_1158_ENNEPYRA_14.4",-17.55327,-149.77347,"2017","Enneapterygius pyramis",6.11791601245246
"1039",1059,"Moorea","Afareaitu1","B19","Forereef","10/26/17",16.6,310,"MOO17","1159","MOO17_1159","Serranidae","Plectranthias","nanus","PLECNANU",10.7,13.8,0.041,"MOO17_1159_PLECNANU_10.7",-17.55327,-149.77347,"2017","Plectranthias nanus",6.11791601245246
"1040",1060,"Moorea","Afareaitu1","B19","Forereef","10/26/17",16.6,310,"MOO17","1160","MOO17_1160","Serranidae","Plectranthias","nanus","PLECNANU",24.8,31.6,0.448,"MOO17_1160_PLECNANU_24.8",-17.55327,-149.77347,"2017","Plectranthias nanus",6.11791601245246
"1041",1061,"Moorea","Afareaitu1","B19","Forereef","10/26/17",16.6,310,"MOO17","1161","MOO17_1161","Serranidae","Plectranthias","nanus","PLECNANU",21.8,27.5,0.298,"MOO17_1161_PLECNANU_21.8",-17.55327,-149.77347,"2017","Plectranthias nanus",6.11791601245246
"1042",1062,"Moorea","Afareaitu1","B19","Forereef","10/26/17",16.6,310,"MOO17","1162","MOO17_1162","Serranidae","Plectranthias","nanus","PLECNANU",17.5,22,0.148,"MOO17_1162_PLECNANU_17.5",-17.55327,-149.77347,"2017","Plectranthias nanus",6.11791601245246
"1043",1063,"Moorea","Afareaitu1","B19","Forereef","10/26/17",16.6,310,"MOO17","1163","MOO17_1163","Gobiidae","Trimmatom","eviotops","TRIMEVIO",8.8,10.6,0.03,"MOO17_1163_TRIMEVIO_8.8",-17.55327,-149.77347,"2017","Trimmatom eviotops",6.11791601245246
"1044",1064,"Moorea","Afareaitu1","B19","Forereef","10/26/17",16.6,310,"MOO17","1164","MOO17_1164","Pomacentridae","Chromis","acares","CHROACAR",15.2,22.6,0.723,"MOO17_1164_CHROACAR_15.2",-17.55327,-149.77347,"2017","Chromis acares",6.11791601245246
"1045",1065,"Moorea","Afareaitu2","B20","Backreef","10/26/17",2.9,285,"MOO17","1165","MOO17_1165","Labridae","Coris","gaimard","CORIGAIM",19.5,23,0.186,"MOO17_1165_CORIGAIM_19.5",-17.55204,-149.77731,"2017","Coris gaimard",5.17094410105568
"1046",1066,"Moorea","Afareaitu2","B20","Backreef","10/26/17",2.9,285,"MOO17","1166","MOO17_1166","Gobiidae","Priolepis","squamogena","PRIOSQUA",24.9,31.6,0.42,"MOO17_1166_PRIOSQUA_24.9",-17.55204,-149.77731,"2017","Priolepis squamogena",5.17094410105568
"1047",1067,"Moorea","Afareaitu2","B20","Backreef","10/26/17",2.9,285,"MOO17","1167","MOO17_1167","Tripterygiidae","Enneapterygius","pyramis","ENNEPYRA",23.3,29.6,0.282,"MOO17_1167_ENNEPYRA_23.3",-17.55204,-149.77731,"2017","Enneapterygius pyramis",5.17094410105568
"1048",1068,"Moorea","Afareaitu2","B20","Backreef","10/26/17",2.9,285,"MOO17","1168","MOO17_1168","Tripterygiidae","Enneapterygius","pyramis","ENNEPYRA",24.9,30.2,0.32,"MOO17_1168_ENNEPYRA_24.9",-17.55204,-149.77731,"2017","Enneapterygius pyramis",5.17094410105568
"1049",1069,"Moorea","Afareaitu2","B20","Backreef","10/26/17",2.9,285,"MOO17","1169","MOO17_1169","Tripterygiidae","Enneapterygius","pyramis","ENNEPYRA",24.3,29.1,0.28,"MOO17_1169_ENNEPYRA_24.3",-17.55204,-149.77731,"2017","Enneapterygius pyramis",5.17094410105568
"1050",1070,"Moorea","Afareaitu2","B20","Backreef","10/26/17",2.9,285,"MOO17","1170","MOO17_1170","Tripterygiidae","Enneapterygius","pyramis","ENNEPYRA",18.2,22.4,0.123,"MOO17_1170_ENNEPYRA_18.2",-17.55204,-149.77731,"2017","Enneapterygius pyramis",5.17094410105568
"1051",1071,"Moorea","Afareaitu2","B20","Backreef","10/26/17",2.9,285,"MOO17","1171","MOO17_1171","Gobiidae","Eviota","albolineata","EVIOALBO",19.1,23.8,0.167,"MOO17_1171_EVIOALBO_19.1",-17.55204,-149.77731,"2017","Eviota albolineata",5.17094410105568
"1052",1072,"Moorea","Afareaitu2","B20","Backreef","10/26/17",2.9,285,"MOO17","1172","MOO17_1172","Tripterygiidae","Enneapterygius","pyramis","ENNEPYRA",13.9,17.6,0.059,"MOO17_1172_ENNEPYRA_13.9",-17.55204,-149.77731,"2017","Enneapterygius pyramis",5.17094410105568
"1053",1073,"Moorea","Afareaitu2","B20","Backreef","10/26/17",2.9,285,"MOO17","1173","MOO17_1173","Tripterygiidae","Enneapterygius","pyramis","ENNEPYRA",15.1,18.3,0.063,"MOO17_1173_ENNEPYRA_15.1",-17.55204,-149.77731,"2017","Enneapterygius pyramis",5.17094410105568
"1054",1074,"Moorea","Afareaitu2","B20","Backreef","10/26/17",2.9,285,"MOO17","1174","MOO17_1174","Gobiidae","Eviota","albolineata","EVIOALBO",17.6,23.2,0.146,"MOO17_1174_EVIOALBO_17.6",-17.55204,-149.77731,"2017","Eviota albolineata",5.17094410105568
"1055",1075,"Moorea","Afareaitu2","B20","Backreef","10/26/17",2.9,285,"MOO17","1175","MOO17_1175","Gobiidae","Eviota","albolineata","EVIOALBO",20.8,27.4,0.192,"MOO17_1175_EVIOALBO_20.8",-17.55204,-149.77731,"2017","Eviota albolineata",5.17094410105568
"1056",1076,"Moorea","Afareaitu2","B20","Backreef","10/26/17",2.9,285,"MOO17","1176","MOO17_1176","Gobiidae","Priolepis","semidoliata","PRIOSEMI",14.7,19.7,0.083,"MOO17_1176_PRIOSEMI_14.7",-17.55204,-149.77731,"2017","Priolepis semidoliata",5.17094410105568
"1057",1077,"Moorea","Afareaitu2","B20","Backreef","10/26/17",2.9,285,"MOO17","1177","MOO17_1177","Gobiidae","Eviota","albolineata","EVIOALBO",18,22.6,0.118,"MOO17_1177_EVIOALBO_18",-17.55204,-149.77731,"2017","Eviota albolineata",5.17094410105568
"1058",1078,"Moorea","Afareaitu2","B20","Backreef","10/26/17",2.9,285,"MOO17","1178","MOO17_1178","Tripterygiidae","Enneapterygius","pyramis","ENNEPYRA",13,16.1,0.037,"MOO17_1178_ENNEPYRA_13",-17.55204,-149.77731,"2017","Enneapterygius pyramis",5.17094410105568
"1059",1079,"Moorea","Afareaitu2","B20","Backreef","10/26/17",2.9,285,"MOO17","1179","MOO17_1179","Gobiidae","Eviota","albolineata","EVIOALBO",13.5,17.3,0.043,"MOO17_1179_EVIOALBO_13.5",-17.55204,-149.77731,"2017","Eviota albolineata",5.17094410105568
"1060",1080,"Moorea","Afareaitu2","B20","Backreef","10/26/17",2.9,285,"MOO17","1180","MOO17_1180","Gobiidae","Eviota","albolineata","EVIOALBO",14.5,17.8,0.054,"MOO17_1180_EVIOALBO_14.5",-17.55204,-149.77731,"2017","Eviota albolineata",5.17094410105568
"1061",1081,"Moorea","Afareaitu2","B20","Backreef","10/26/17",2.9,285,"MOO17","1181","MOO17_1181","Tripterygiidae","Enneapterygius","pyramis","ENNEPYRA",13.7,17.1,0.05,"MOO17_1181_ENNEPYRA_13.7",-17.55204,-149.77731,"2017","Enneapterygius pyramis",5.17094410105568
"1062",1082,"Moorea","Afareaitu2","B20","Backreef","10/26/17",2.9,285,"MOO17","1182","MOO17_1182","Gobiidae","Eviota","albolineata","EVIOALBO",15.7,19.6,0.081,"MOO17_1182_EVIOALBO_15.7",-17.55204,-149.77731,"2017","Eviota albolineata",5.17094410105568
"1063",1083,"Moorea","Afareaitu2","B20","Backreef","10/26/17",2.9,285,"MOO17","1183","MOO17_1183","Gobiidae","Eviota","albolineata","EVIOALBO",14.9,18.8,0.055,"MOO17_1183_EVIOALBO_14.9",-17.55204,-149.77731,"2017","Eviota albolineata",5.17094410105568
"1064",1084,"Moorea","Afareaitu2","B20","Backreef","10/26/17",2.9,285,"MOO17","1184","MOO17_1184","Gobiidae","Eviota","albolineata","EVIOALBO",13.5,16.6,0.044,"MOO17_1184_EVIOALBO_13.5",-17.55204,-149.77731,"2017","Eviota albolineata",5.17094410105568
"1065",1085,"Moorea","Afareaitu2","B20","Backreef","10/26/17",2.9,285,"MOO17","1185","MOO17_1185","Gobiidae","Eviota","albolineata","EVIOALBO",14.1,16.9,0.038,"MOO17_1185_EVIOALBO_14.1",-17.55204,-149.77731,"2017","Eviota albolineata",5.17094410105568
"1066",1086,"Moorea","Afareaitu2","B20","Backreef","10/26/17",2.9,285,"MOO17","1186","MOO17_1186","Gobiidae","Eviota","albolineata","EVIOALBO",13.4,16.4,0.026,"MOO17_1186_EVIOALBO_13.4",-17.55204,-149.77731,"2017","Eviota albolineata",5.17094410105568
"1067",1087,"Moorea","Afareaitu2","B20","Backreef","10/26/17",2.9,285,"MOO17","1187","MOO17_1187","Gobiidae","Eviota","cflatifasciata","EVIOCFLA",9.3,11.6,0.017,"MOO17_1187_EVIOCFLA_9.3",-17.55204,-149.77731,"2017","Eviota cflatifasciata",5.17094410105568
"1068",1088,"Moorea","Afareaitu2","B20","Backreef","10/26/17",2.9,285,"MOO17","1188","MOO17_1188","Tripterygiidae","Enneapterygius","pyramis","ENNEPYRA",12.8,15.8,0.033,"MOO17_1188_ENNEPYRA_12.8",-17.55204,-149.77731,"2017","Enneapterygius pyramis",5.17094410105568
"1069",1089,"Moorea","Afareaitu2","B20","Backreef","10/26/17",2.9,285,"MOO17","1189","MOO17_1189","Tripterygiidae","Enneapterygius","pyramis","ENNEPYRA",13.5,16.5,0.062,"MOO17_1189_ENNEPYRA_13.5",-17.55204,-149.77731,"2017","Enneapterygius pyramis",5.17094410105568
"1070",1090,"Moorea","Afareaitu2","B20","Backreef","10/26/17",2.9,285,"MOO17","1190","MOO17_1190","Gobiidae","Eviota","disrupta","EVIODISR",8.7,11.9,0.01,"MOO17_1190_EVIODISR_8.7",-17.55204,-149.77731,"2017","Eviota disrupta",5.17094410105568
"1071",1091,"Moorea","Afareaitu2","B20","Backreef","10/26/17",2.9,285,"MOO17","1191","MOO17_1191","Gobiidae","Eviota","disrupta","EVIODISR",14.4,18.3,0.066,"MOO17_1191_EVIODISR_14.4",-17.55204,-149.77731,"2017","Eviota disrupta",5.17094410105568
"1072",1092,"Moorea","Afareaitu2","B20","Backreef","10/26/17",2.9,285,"MOO17","1192","MOO17_1192","Gobiidae","Eviota","disrupta","EVIODISR",12.3,15.4,0.046,"MOO17_1192_EVIODISR_12.3",-17.55204,-149.77731,"2017","Eviota disrupta",5.17094410105568
"1073",1093,"Moorea","Afareaitu2","B20","Backreef","10/26/17",2.9,285,"MOO17","1193","MOO17_1193","Gobiidae","Eviota","disrupta","EVIODISR",11.7,15.2,0.045,"MOO17_1193_EVIODISR_11.7",-17.55204,-149.77731,"2017","Eviota disrupta",5.17094410105568
"1074",1094,"Moorea","Afareaitu2","B20","Backreef","10/26/17",2.9,285,"MOO17","1194","MOO17_1194","Serranidae","Pseudogramma","polyacanthum","PSEUPOLY",11,14,0.03,"MOO17_1194_PSEUPOLY_11",-17.55204,-149.77731,"2017","Pseudogramma polyacanthum",5.17094410105568
"1075",1095,"Moorea","Afareaitu2","B20","Backreef","10/26/17",2.9,285,"MOO17","1195","MOO17_1195","Gobiidae","Trimmatom","eviotops","TRIMEVIO",12,14.1,0.038,"MOO17_1195_TRIMEVIO_12",-17.55204,-149.77731,"2017","Trimmatom eviotops",5.17094410105568
"1076",1096,"Moorea","Afareaitu2","B20","Backreef","10/26/17",2.9,285,"MOO17","1196","MOO17_1196","Creediidae","Limnichthys","nitidus","LIMNNITI",14.6,17.5,0.024,"MOO17_1196_LIMNNITI_14.6",-17.55204,-149.77731,"2017","Limnichthys nitidus",5.17094410105568
"1077",1097,"Moorea","Afareaitu2","B20","Backreef","10/26/17",2.9,285,"MOO17","1197","MOO17_1197","Creediidae","Limnichthys","nitidus","LIMNNITI",14.1,17.8,0.019,"MOO17_1197_LIMNNITI_14.1",-17.55204,-149.77731,"2017","Limnichthys nitidus",5.17094410105568
"1078",1098,"Moorea","Afareaitu2","B20","Backreef","10/26/17",2.9,285,"MOO17","1198","MOO17_1198","Platycephalidae","Onigocia","bimaculata","ONIGBIMA",12.6,14.9,0.036,"MOO17_1198_ONIGBIMA_12.6",-17.55204,-149.77731,"2017","Onigocia bimaculata",5.17094410105568
"1079",1099,"Moorea","Afareaitu2","B20","Backreef","10/26/17",2.9,285,"MOO17","1199","MOO17_1199","Scorpaenidae","Sebastapistes","mauritiana","SEBAMAUR",11.2,14.6,0.049,"MOO17_1199_SEBAMAUR_11.2",-17.55204,-149.77731,"2017","Sebastapistes mauritiana",5.17094410105568
"1080",1100,"Moorea","Afareaitu2","B20","Backreef","10/26/17",2.9,285,"MOO17","1200","MOO17_1200","Blenniidae","Glyptoparus","delicatulus","GLYPDELI",25.6,31,0.299,"MOO17_1200_GLYPDELI_25.6",-17.55204,-149.77731,"2017","Glyptoparus delicatulus",5.17094410105568
"1081",1101,"Moorea","Afareaitu2","B20","Backreef","10/26/17",2.9,285,"MOO17","1201","MOO17_1201","Blenniidae","Glyptoparus","delicatulus","GLYPDELI",24.1,28.8,0.243,"MOO17_1201_GLYPDELI_24.1",-17.55204,-149.77731,"2017","Glyptoparus delicatulus",5.17094410105568
"1082",1102,"Moorea","Afareaitu2","B20","Backreef","10/26/17",2.9,285,"MOO17","1202","MOO17_1202","Blenniidae","Glyptoparus","delicatulus","GLYPDELI",22.6,27.4,0.206,"MOO17_1202_GLYPDELI_22.6",-17.55204,-149.77731,"2017","Glyptoparus delicatulus",5.17094410105568
"1083",1103,"Moorea","Afareaitu2","B20","Backreef","10/26/17",2.9,285,"MOO17","1203","MOO17_1203","Blenniidae","Glyptoparus","delicatulus","GLYPDELI",19,22.8,0.12,"MOO17_1203_GLYPDELI_19",-17.55204,-149.77731,"2017","Glyptoparus delicatulus",5.17094410105568
"1084",1104,"Moorea","Afareaitu2","B20","Backreef","10/26/17",2.9,285,"MOO17","1204","MOO17_1204","Apogonidae","Apogon","susanae","APOGSUSA",29.7,39.7,1.248,"MOO17_1204_APOGSUSA_29.7",-17.55204,-149.77731,"2017","Apogon susanae",5.17094410105568
"1085",1105,"Moorea","Afareaitu2","B20","Backreef","10/26/17",2.9,285,"MOO17","1205","MOO17_1205","Apogonidae","Apogon","susanae","APOGSUSA",17.4,22.5,0.18,"MOO17_1205_APOGSUSA_17.4",-17.55204,-149.77731,"2017","Apogon susanae",5.17094410105568
"1086",1106,"Moorea","Afareaitu2","B20","Backreef","10/26/17",2.9,285,"MOO17","1206","MOO17_1206","Pomacentridae","Chrysiptera","brownriggi","CHRYBROW",13.7,18.1,0.112,"MOO17_1206_CHRYBROW_13.7",-17.55204,-149.77731,"2017","Chrysiptera brownriggi",5.17094410105568
"1087",1107,"Moorea","Afareaitu2","B20","Backreef","10/26/17",2.9,285,"MOO17","1207","MOO17_1207","Pomacentridae","Chrysiptera","brownriggi","CHRYBROW",27.9,38.3,1.072,"MOO17_1207_CHRYBROW_27.9",-17.55204,-149.77731,"2017","Chrysiptera brownriggi",5.17094410105568
"1088",1108,"Moorea","Afareaitu2","B20","Backreef","10/26/17",2.9,285,"MOO17","1208","MOO17_1208","Muraenidae","Muraenidae","speA","MURASPEA",45.5,46.7,0.277,"MOO17_1208_MURASPEA_45.5",-17.55204,-149.77731,"2017","Gymnothorax speA",5.17094410105568
"1089",1109,"Moorea","Afareaitu2","B20","Backreef","10/26/17",2.9,285,"MOO17","1209","MOO17_1209","Muraenidae","Uropterygius","fuscoguttatus","UROPFUSC",65.7,66.6,0.242,"MOO17_1209_UROPFUSC_65.7",-17.55204,-149.77731,"2017","Uropterygius fuscoguttatus",5.17094410105568
"1090",1110,"Moorea","Afareaitu2","B20","Backreef","10/26/17",2.9,285,"MOO17","1210","MOO17_1210","Apogonidae","Apogon","susanae","APOGSUSA",28.3,37.9,0.96,"MOO17_1210_APOGSUSA_28.3",-17.55204,-149.77731,"2017","Apogon susanae",5.17094410105568
"1091",1111,"Moorea","Afareaitu2","B20","Backreef","10/26/17",2.9,285,"MOO17","1211","MOO17_1211","Serranidae","Pseudogramma","polyacanthum","PSEUPOLY",30.3,38.5,0.978,"MOO17_1211_PSEUPOLY_30.3",-17.55204,-149.77731,"2017","Pseudogramma polyacanthum",5.17094410105568
"1092",1112,"Moorea","Afareaitu2","B20","Backreef","10/26/17",2.9,285,"MOO17","1212","MOO17_1212","Labridae","Pseudocheilinus","hexataenia","PSEUHEXA",29.7,39.7,1.046,"MOO17_1212_PSEUHEXA_29.7",-17.55204,-149.77731,"2017","Pseudocheilinus hexataenia",5.17094410105568
"1093",1113,"Moorea","Afareaitu2","B20","Backreef","10/26/17",2.9,285,"MOO17","1213","MOO17_1213","Labridae","Pseudocheilinus","hexataenia","PSEUHEXA",18.5,24.2,0.276,"MOO17_1213_PSEUHEXA_18.5",-17.55204,-149.77731,"2017","Pseudocheilinus hexataenia",5.17094410105568
"1094",1114,"Moorea","Afareaitu2","B20","Backreef","10/26/17",2.9,285,"MOO17","1214","MOO17_1214","Cirrhitidae","Paracirrhites","arcatus","PARAARCA",47.9,60.8,4.006,"MOO17_1214_PARAARCA_47.9",-17.55204,-149.77731,"2017","Paracirrhites arcatus",5.17094410105568
"1095",1115,"Moorea","Afareaitu2","B20","Backreef","10/26/17",2.9,285,"MOO17","1215","MOO17_1215","Cirrhitidae","Paracirrhites","arcatus","PARAARCA",33.7,42.4,1.306,"MOO17_1215_PARAARCA_33.7",-17.55204,-149.77731,"2017","Paracirrhites arcatus",5.17094410105568
"1096",1116,"Moorea","Afareaitu2","B20","Backreef","10/26/17",2.9,285,"MOO17","1216","MOO17_1216","Pomacanthidae","Centropyge","flavissima","CENTFLAV",32.3,42.5,2.177,"MOO17_1216_CENTFLAV_32.3",-17.55204,-149.77731,"2017","Centropyge flavissima",5.17094410105568
"1097",1117,"Moorea","Afareaitu2","B20","Backreef","10/26/17",2.9,285,"MOO17","1217","MOO17_1217","Pomacanthidae","Centropyge","flavissima","CENTFLAV",28.9,36.5,1.488,"MOO17_1217_CENTFLAV_28.9",-17.55204,-149.77731,"2017","Centropyge flavissima",5.17094410105568
"1098",1118,"Moorea","Afareaitu2","B20","Backreef","10/26/17",2.9,285,"MOO17","1218","MOO17_1218","Pomacentridae","Chrysiptera","brownriggi","CHRYBROW",43.8,56.9,3.63,"MOO17_1218_CHRYBROW_43.8",-17.55204,-149.77731,"2017","Chrysiptera brownriggi",5.17094410105568
"1099",1119,"Moorea","Afareaitu2","B20","Backreef","10/26/17",2.9,285,"MOO17","1219","MOO17_1219","Pomacentridae","Stegastes","nigricans","STEGNIGR",38.3,54,3.395,"MOO17_1219_STEGNIGR_38.3",-17.55204,-149.77731,"2017","Stegastes nigricans",5.17094410105568
"1100",1120,"Moorea","Afareaitu2","B20","Backreef","10/26/17",2.9,285,"MOO17","1220","MOO17_1220","Labridae","Thalassoma","purpureum","THALPURP",23.2,29.7,0.411,"MOO17_1220_THALPURP_23.2",-17.55204,-149.77731,"2017","Thalassoma purpureum",5.17094410105568
"1101",1121,"Moorea","Afareaitu2","B20","Backreef","10/26/17",2.9,285,"MOO17","1221","MOO17_1221","Pomacentridae","Stegastes","nigricans","STEGNIGR",48.7,71.19,7.202,"MOO17_1221_STEGNIGR_48.7",-17.55204,-149.77731,"2017","Stegastes nigricans",5.17094410105568
"1102",1122,"Moorea","Afareaitu2","B20","Backreef","10/26/17",2.9,285,"MOO17","1222","MOO17_1222","Pomacentridae","Chromis","vanderbilti","CHROVAND",32.3,46.8,1.55,"MOO17_1222_CHROVAND_32.3",-17.55204,-149.77731,"2017","Chromis vanderbilti",5.17094410105568
"1103",1123,"Moorea","Afareaitu2","B20","Backreef","10/26/17",2.9,285,"MOO17","1223","MOO17_1223","Pomacentridae","Chromis","vanderbilti","CHROVAND",34.1,47,1.593,"MOO17_1223_CHROVAND_34.1",-17.55204,-149.77731,"2017","Chromis vanderbilti",5.17094410105568
"1104",1124,"Moorea","Afareaitu2","B20","Backreef","10/26/17",2.9,285,"MOO17","1224","MOO17_1224","Pomacentridae","Chromis","vanderbilti","CHROVAND",26.7,39,0.893,"MOO17_1224_CHROVAND_26.7",-17.55204,-149.77731,"2017","Chromis vanderbilti",5.17094410105568
"1105",1125,"Moorea","Afareaitu2","B20","Backreef","10/26/17",2.9,285,"MOO17","1225","MOO17_1225","Pomacentridae","Chromis","vanderbilti","CHROVAND",31.2,43.4,1.138,"MOO17_1225_CHROVAND_31.2",-17.55204,-149.77731,"2017","Chromis vanderbilti",5.17094410105568
"1106",1126,"Moorea","Afareaitu2","B20","Backreef","10/26/17",2.9,285,"MOO17","1226","MOO17_1226","Pomacentridae","Chromis","vanderbilti","CHROVAND",34,45.4,1.494,"MOO17_1226_CHROVAND_34",-17.55204,-149.77731,"2017","Chromis vanderbilti",5.17094410105568
"1107",1127,"Moorea","Afareaitu2","B20","Backreef","10/26/17",2.9,285,"MOO17","1227","MOO17_1227","Pomacentridae","Chromis","vanderbilti","CHROVAND",26.1,38.6,0.9,"MOO17_1227_CHROVAND_26.1",-17.55204,-149.77731,"2017","Chromis vanderbilti",5.17094410105568
"1108",1128,"Moorea","Afareaitu2","B20","Backreef","10/26/17",2.9,285,"MOO17","1228","MOO17_1228","Pomacentridae","Chromis","margaritifer","CHROMARG",32.8,52.1,2.128,"MOO17_1228_CHROMARG_32.8",-17.55204,-149.77731,"2017","Chromis margaritifer",5.17094410105568
"1109",1129,"Moorea","Afareaitu2","B20","Backreef","10/26/17",2.9,285,"MOO17","1229","MOO17_1229","Pomacentridae","Chromis","margaritifer","CHROMARG",26.3,41.6,1.024,"MOO17_1229_CHROMARG_26.3",-17.55204,-149.77731,"2017","Chromis margaritifer",5.17094410105568
"1110",1130,"Moorea","Afareaitu2","B20","Backreef","10/26/17",2.9,285,"MOO17","1230","MOO17_1230","Labridae","Labroides","dimidiatus","LABRDIMI",17.8,22.1,0.112,"MOO17_1230_LABRDIMI_17.8",-17.55204,-149.77731,"2017","Labroides dimidiatus",5.17094410105568
"1111",1131,"Moorea","Afareaitu2","B20","Backreef","10/26/17",2.9,285,"MOO17","1231","MOO17_1231","Blenniidae","Plagiotremus","tapeinosoma","PLAGTAPE",49.1,59.1,1.42,"MOO17_1231_PLAGTAPE_49.1",-17.55204,-149.77731,"2017","Plagiotremus tapeinosoma",5.17094410105568
"1112",1132,"Moorea","Afareaitu2","B20","Backreef","10/26/17",2.9,285,"MOO17","1232","MOO17_1232","Blenniidae","Plagiotremus","tapeinosoma","PLAGTAPE",49,58.4,1.333,"MOO17_1232_PLAGTAPE_49",-17.55204,-149.77731,"2017","Plagiotremus tapeinosoma",5.17094410105568
"1113",1133,"Moorea","Afareaitu2","B20","Backreef","10/26/17",2.9,285,"MOO17","1233","MOO17_1233","Blenniidae","Cirripectes","variolosus","CIRRVARI",51.1,65.7,4.496,"MOO17_1233_CIRRVARI_51.1",-17.55204,-149.77731,"2017","Cirripectes variolosus",5.17094410105568
"1114",1134,"Moorea","Afareaitu2","B20","Backreef","10/26/17",2.9,285,"MOO17","1234","MOO17_1234","Blenniidae","Cirripectes","variolosus","CIRRVARI",46.3,59,3.957,"MOO17_1234_CIRRVARI_46.3",-17.55204,-149.77731,"2017","Cirripectes variolosus",5.17094410105568
"1115",1135,"Moorea","Afareaitu2","B20","Backreef","10/26/17",2.9,285,"MOO17","1235","MOO17_1235","Blenniidae","Cirripectes","variolosus","CIRRVARI",55.3,66.4,4.888,"MOO17_1235_CIRRVARI_55.3",-17.55204,-149.77731,"2017","Cirripectes variolosus",5.17094410105568
"1116",1136,"Moorea","Afareaitu2","B20","Backreef","10/26/17",2.9,285,"MOO17","1236","MOO17_1236","Blenniidae","Cirripectes","variolosus","CIRRVARI",49,61,4.244,"MOO17_1236_CIRRVARI_49",-17.55204,-149.77731,"2017","Cirripectes variolosus",5.17094410105568
"1117",1137,"Moorea","Afareaitu2","B20","Backreef","10/26/17",2.9,285,"MOO17","1237","MOO17_1237","Blenniidae","Cirripectes","variolosus","CIRRVARI",43,53.2,2.748,"MOO17_1237_CIRRVARI_43",-17.55204,-149.77731,"2017","Cirripectes variolosus",5.17094410105568
"1118",1138,"Moorea","Afareaitu2","B20","Backreef","10/26/17",2.9,285,"MOO17","1238","MOO17_1238","Blenniidae","Cirripectes","variolosus","CIRRVARI",32.3,41,1.202,"MOO17_1238_CIRRVARI_32.3",-17.55204,-149.77731,"2017","Cirripectes variolosus",5.17094410105568
"1119",1139,"Moorea","Afareaitu2","B20","Backreef","10/26/17",2.9,285,"MOO17","1239","MOO17_1239","Blenniidae","Cirripectes","variolosus","CIRRVARI",25.3,32.8,0.742,"MOO17_1239_CIRRVARI_25.3",-17.55204,-149.77731,"2017","Cirripectes variolosus",5.17094410105568
"1120",1140,"Moorea","Afareaitu2","B20","Backreef","10/26/17",2.9,285,"MOO17","1240","MOO17_1240","Blenniidae","Cirripectes","variolosus","CIRRVARI",28.2,36,0.823,"MOO17_1240_CIRRVARI_28.2",-17.55204,-149.77731,"2017","Cirripectes variolosus",5.17094410105568
"1121",1141,"Moorea","Afareaitu2","B20","Backreef","10/26/17",2.9,285,"MOO17","1241","MOO17_1241","Blenniidae","Cirripectes","variolosus","CIRRVARI",23,30.2,0.375,"MOO17_1241_CIRRVARI_23",-17.55204,-149.77731,"2017","Cirripectes variolosus",5.17094410105568
"1122",1142,"Moorea","Afareaitu2","B20","Backreef","10/26/17",2.9,285,"MOO17","1242","MOO17_1242","Blenniidae","Cirripectes","variolosus","CIRRVARI",23.9,30.4,0.397,"MOO17_1242_CIRRVARI_23.9",-17.55204,-149.77731,"2017","Cirripectes variolosus",5.17094410105568
"1123",1143,"Moorea","Afareaitu2","B20","Backreef","10/26/17",2.9,285,"MOO17","1243","MOO17_1243","Blenniidae","Cirripectes","variolosus","CIRRVARI",22.9,28.9,0.388,"MOO17_1243_CIRRVARI_22.9",-17.55204,-149.77731,"2017","Cirripectes variolosus",5.17094410105568
"1124",1144,"Moorea","Afareaitu2","B20","Backreef","10/26/17",2.9,285,"MOO17","1244","MOO17_1244","Scorpaenidae","Scorpaenodes","speA","SCORSPEA",23.9,30,0.528,"MOO17_1244_SCORSPEA_23.9",-17.55204,-149.77731,"2017","Scorpaenodes speA",5.17094410105568
"1125",1145,"Moorea","Afareaitu2","B20","Backreef","10/26/17",2.9,285,"MOO17","1245","MOO17_1245","Scorpaenidae","Scorpaenodes","speA","SCORSPEA",22.4,29.1,0.535,"MOO17_1245_SCORSPEA_22.4",-17.55204,-149.77731,"2017","Scorpaenodes speA",5.17094410105568
"1126",1146,"Moorea","Afareaitu2","B20","Backreef","10/26/17",2.9,285,"MOO17","1246","MOO17_1246","Scorpaenidae","Scorpaenodes","speA","SCORSPEA",22.4,28.3,0.47,"MOO17_1246_SCORSPEA_22.4",-17.55204,-149.77731,"2017","Scorpaenodes speA",5.17094410105568
"1127",1147,"Moorea","Afareaitu2","B20","Backreef","10/26/17",2.9,285,"MOO17","1247","MOO17_1247","Scorpaenidae","Scorpaenodes","speA","SCORSPEA",21.6,26.2,0.4,"MOO17_1247_SCORSPEA_21.6",-17.55204,-149.77731,"2017","Scorpaenodes speA",5.17094410105568
"1128",1148,"Moorea","Afareaitu2","B20","Backreef","10/26/17",2.9,285,"MOO17","1248","MOO17_1248","Scorpaenidae","Scorpaenodes","speA","SCORSPEA",21.2,26.8,0.439,"MOO17_1248_SCORSPEA_21.2",-17.55204,-149.77731,"2017","Scorpaenodes speA",5.17094410105568
"1129",1149,"Moorea","Afareaitu2","B20","Backreef","10/26/17",2.9,285,"MOO17","1249","MOO17_1249","Scorpaenidae","Scorpaenodes","speA","SCORSPEA",24.2,31.2,0.61,"MOO17_1249_SCORSPEA_24.2",-17.55204,-149.77731,"2017","Scorpaenodes speA",5.17094410105568
"1130",1150,"Moorea","Afareaitu2","B20","Backreef","10/26/17",2.9,285,"MOO17","1250","MOO17_1250","Scorpaenidae","Scorpaenodes","speA","SCORSPEA",20.4,26.2,0.352,"MOO17_1250_SCORSPEA_20.4",-17.55204,-149.77731,"2017","Scorpaenodes speA",5.17094410105568
"1131",1151,"Moorea","Afareaitu2","B20","Backreef","10/26/17",2.9,285,"MOO17","1251","MOO17_1251","Scorpaenidae","Scorpaenodes","speA","SCORSPEA",21,27.3,0.44,"MOO17_1251_SCORSPEA_21",-17.55204,-149.77731,"2017","Scorpaenodes speA",5.17094410105568
"1132",1152,"Moorea","Afareaitu2","B20","Backreef","10/26/17",2.9,285,"MOO17","1252","MOO17_1252","Scorpaenidae","Scorpaenodes","speA","SCORSPEA",19.6,24.5,0.344,"MOO17_1252_SCORSPEA_19.6",-17.55204,-149.77731,"2017","Scorpaenodes speA",5.17094410105568
"1133",1153,"Moorea","Afareaitu2","B20","Backreef","10/26/17",2.9,285,"MOO17","1253","MOO17_1253","Scorpaenidae","Scorpaenodes","speA","SCORSPEA",21.6,28.1,0.508,"MOO17_1253_SCORSPEA_21.6",-17.55204,-149.77731,"2017","Scorpaenodes speA",5.17094410105568
"1134",1154,"Moorea","Afareaitu2","B20","Backreef","10/26/17",2.9,285,"MOO17","1254","MOO17_1254","Scorpaenidae","Scorpaenodes","speA","SCORSPEA",17.4,22.9,0.24,"MOO17_1254_SCORSPEA_17.4",-17.55204,-149.77731,"2017","Scorpaenodes speA",5.17094410105568
"1135",1155,"Moorea","Afareaitu2","B20","Backreef","10/26/17",2.9,285,"MOO17","1255","MOO17_1255","Scorpaenidae","Scorpaenodes","speA","SCORSPEA",15.9,20.7,0.164,"MOO17_1255_SCORSPEA_15.9",-17.55204,-149.77731,"2017","Scorpaenodes speA",5.17094410105568
"1136",1156,"Moorea","Afareaitu2","B20","Backreef","10/26/17",2.9,285,"MOO17","1256","MOO17_1256","Scorpaenidae","Scorpaenodes","speA","SCORSPEA",16.1,19.6,0.165,"MOO17_1256_SCORSPEA_16.1",-17.55204,-149.77731,"2017","Scorpaenodes speA",5.17094410105568
"1137",1157,"Moorea","Afareaitu2","B20","Backreef","10/26/17",2.9,285,"MOO17","1257","MOO17_1257","Scorpaenidae","Scorpaenodes","speA","SCORSPEA",14.4,18.4,0.134,"MOO17_1257_SCORSPEA_14.4",-17.55204,-149.77731,"2017","Scorpaenodes speA",5.17094410105568
"1138",1158,"Moorea","Afareaitu2","B20","Backreef","10/26/17",2.9,285,"MOO17","1258","MOO17_1258","Scorpaenidae","Scorpaenodes","speA","SCORSPEA",14.6,19.7,0.143,"MOO17_1258_SCORSPEA_14.6",-17.55204,-149.77731,"2017","Scorpaenodes speA",5.17094410105568
"1139",1159,"Moorea","Afareaitu2","B20","Backreef","10/26/17",2.9,285,"MOO17","1259","MOO17_1259","Scorpaenidae","Scorpaenodes","speA","SCORSPEA",14.3,19.8,0.122,"MOO17_1259_SCORSPEA_14.3",-17.55204,-149.77731,"2017","Scorpaenodes speA",5.17094410105568
"1140",1160,"Moorea","Afareaitu2","B20","Backreef","10/26/17",2.9,285,"MOO17","1260","MOO17_1260","Serranidae","Grammistes","sexlineatus","GRAMSEXL",48,64.8,6.05,"MOO17_1260_GRAMSEXL_48",-17.55204,-149.77731,"2017","Grammistes sexlineatus",5.17094410105568
"1141",1161,"Moorea","Afareaitu2","B20","Backreef","10/26/17",2.9,285,"MOO17","1261","MOO17_1261","Blenniidae","Aspidontus","taeniatus","ASPITAEN",67.6,79,5.251,"MOO17_1261_ASPITAEN_67.6",-17.55204,-149.77731,"2017","Aspidontus taeniatus",5.17094410105568
"1142",1162,"Moorea","Afareaitu2","B20","Backreef","10/26/17",2.9,285,"MOO17","1262","MOO17_1262","Apogonidae","Ostorhinchus","angustatus","OSTOANGU",59.5,74.2,6.037,"MOO17_1262_OSTOANGU_59.5",-17.55204,-149.77731,"2017","Ostorhinchus angustatus",5.17094410105568
"1143",1163,"Moorea","Afareaitu2","B20","Backreef","10/26/17",2.9,285,"MOO17","1263","MOO17_1263","Muraenidae","Uropterygius","fuscoguttatus","UROPFUSC",106.2,108.4,2.641,"MOO17_1263_UROPFUSC_106.2",-17.55204,-149.77731,"2017","Uropterygius fuscoguttatus",5.17094410105568
"1144",1164,"Moorea","Afareaitu2","B20","Backreef","10/26/17",2.9,285,"MOO17","1264","MOO17_1264","Platycephalidae","Onigocia","bimaculata","ONIGBIMA",57.2,73.2,3.156,"MOO17_1264_ONIGBIMA_57.2",-17.55204,-149.77731,"2017","Onigocia bimaculata",5.17094410105568
"1145",1165,"Moorea","Afareaitu2","B20","Backreef","10/26/17",2.9,285,"MOO17","1265","MOO17_1265","Platycephalidae","Onigocia","bimaculata","ONIGBIMA",51.4,66.6,2.508,"MOO17_1265_ONIGBIMA_51.4",-17.55204,-149.77731,"2017","Onigocia bimaculata",5.17094410105568
"1146",1166,"Moorea","Afareaitu2","B20","Backreef","10/26/17",2.9,285,"MOO17","1266","MOO17_1266","Platycephalidae","Onigocia","bimaculata","ONIGBIMA",77.1,94.5,7.362,"MOO17_1266_ONIGBIMA_77.1",-17.55204,-149.77731,"2017","Onigocia bimaculata",5.17094410105568
"1147",1167,"Moorea","Afareaitu2","B20","Backreef","10/26/17",2.9,285,"MOO17","1267","MOO17_1267","Platycephalidae","Onigocia","bimaculata","ONIGBIMA",98.6,127.55,16.738,"MOO17_1267_ONIGBIMA_98.6",-17.55204,-149.77731,"2017","Onigocia bimaculata",5.17094410105568
"1148",1169,"Moorea","Haapiti1","B21","Forereef","10/29/17",17,320,"MOO17","1269","MOO17_1269","Cirrhitidae","Paracirrhites","arcatus","PARAARCA",62.6,78.9,7.45,"MOO17_1269_PARAARCA_62.6",-17.55191,-149.90076,"2017","Paracirrhites arcatus",6.51898646904403
"1149",1170,"Moorea","Haapiti1","B21","Forereef","10/29/17",17,320,"MOO17","1270","MOO17_1270","Cirrhitidae","Neocirrhites","armatus","NEOCARMA",47.2,58.4,4.391,"MOO17_1270_NEOCARMA_47.2",-17.55191,-149.90076,"2017","Neocirrhites armatus",6.51898646904403
"1150",1171,"Moorea","Haapiti1","B21","Forereef","10/29/17",17,320,"MOO17","1271","MOO17_1271","Blenniidae","Cirripectes","variolosus","CIRRVARI",48.8,61.9,3.844,"MOO17_1271_CIRRVARI_48.8",-17.55191,-149.90076,"2017","Cirripectes variolosus",6.51898646904403
"1151",1172,"Moorea","Haapiti1","B21","Forereef","10/29/17",17,320,"MOO17","1272","MOO17_1272","Blenniidae","Cirripectes","variolosus","CIRRVARI",26.2,33.5,0.604,"MOO17_1272_CIRRVARI_26.2",-17.55191,-149.90076,"2017","Cirripectes variolosus",6.51898646904403
"1152",1173,"Moorea","Haapiti1","B21","Forereef","10/29/17",17,320,"MOO17","1273","MOO17_1273","Scorpaenidae","Caracanthus","maculatus","CARAMACU",22.5,28.4,0.733,"MOO17_1273_CARAMACU_22.5",-17.55191,-149.90076,"2017","Caracanthus maculatus",6.51898646904403
"1153",1174,"Moorea","Haapiti1","B21","Forereef","10/29/17",17,320,"MOO17","1274","MOO17_1274","Scorpaenidae","Caracanthus","maculatus","CARAMACU",15.1,19.6,0.212,"MOO17_1274_CARAMACU_15.1",-17.55191,-149.90076,"2017","Caracanthus maculatus",6.51898646904403
"1154",1175,"Moorea","Haapiti1","B21","Forereef","10/29/17",17,320,"MOO17","1275","MOO17_1275","Labridae","Thalassoma","quinquevittatum","THALQUIN",39.7,48,1.583,"MOO17_1275_THALQUIN_39.7",-17.55191,-149.90076,"2017","Thalassoma quinquevittatum",6.51898646904403
"1155",1176,"Moorea","Haapiti1","B21","Forereef","10/29/17",17,320,"MOO17","1276","MOO17_1276","Labridae","Thalassoma","quinquevittatum","THALQUIN",31.9,37.7,0.676,"MOO17_1276_THALQUIN_31.9",-17.55191,-149.90076,"2017","Thalassoma quinquevittatum",6.51898646904403
"1156",1177,"Moorea","Haapiti1","B21","Forereef","10/29/17",17,320,"MOO17","1277","MOO17_1277","Pomacentridae","Chromis","vanderbilti","CHROVAND",28.9,45.7,0.923,"MOO17_1277_CHROVAND_28.9",-17.55191,-149.90076,"2017","Chromis vanderbilti",6.51898646904403
"1157",1178,"Moorea","Haapiti1","B21","Forereef","10/29/17",17,320,"MOO17","1278","MOO17_1278","Pomacentridae","Chromis","vanderbilti","CHROVAND",22.9,31.4,0.399,"MOO17_1278_CHROVAND_22.9",-17.55191,-149.90076,"2017","Chromis vanderbilti",6.51898646904403
"1158",1179,"Moorea","Haapiti1","B21","Forereef","10/29/17",17,320,"MOO17","1279","MOO17_1279","Pomacentridae","Chromis","vanderbilti","CHROVAND",22.4,35.3,0.478,"MOO17_1279_CHROVAND_22.4",-17.55191,-149.90076,"2017","Chromis vanderbilti",6.51898646904403
"1159",1180,"Moorea","Haapiti1","B21","Forereef","10/29/17",17,320,"MOO17","1280","MOO17_1280","Pomacentridae","Chromis","vanderbilti","CHROVAND",23.8,33.1,0.474,"MOO17_1280_CHROVAND_23.8",-17.55191,-149.90076,"2017","Chromis vanderbilti",6.51898646904403
"1160",1181,"Moorea","Haapiti1","B21","Forereef","10/29/17",17,320,"MOO17","1281","MOO17_1281","Pomacentridae","Chromis","vanderbilti","CHROVAND",22.2,33.3,0.46,"MOO17_1281_CHROVAND_22.2",-17.55191,-149.90076,"2017","Chromis vanderbilti",6.51898646904403
"1161",1182,"Moorea","Haapiti1","B21","Forereef","10/29/17",17,320,"MOO17","1282","MOO17_1282","Pomacentridae","Chromis","vanderbilti","CHROVAND",21.9,30.7,0.43,"MOO17_1282_CHROVAND_21.9",-17.55191,-149.90076,"2017","Chromis vanderbilti",6.51898646904403
"1162",1183,"Moorea","Haapiti1","B21","Forereef","10/29/17",17,320,"MOO17","1283","MOO17_1283","Pomacentridae","Chromis","vanderbilti","CHROVAND",22.3,33.4,0.463,"MOO17_1283_CHROVAND_22.3",-17.55191,-149.90076,"2017","Chromis vanderbilti",6.51898646904403
"1163",1184,"Moorea","Haapiti1","B21","Forereef","10/29/17",17,320,"MOO17","1284","MOO17_1284","Pomacentridae","Chromis","acares","CHROACAR",18.4,24.7,0.262,"MOO17_1284_CHROACAR_18.4",-17.55191,-149.90076,"2017","Chromis acares",6.51898646904403
"1164",1185,"Moorea","Haapiti1","B21","Forereef","10/29/17",17,320,"MOO17","1285","MOO17_1285","Pomacentridae","Chromis","margaritifer","CHROMARG",16.9,22.5,0.173,"MOO17_1285_CHROMARG_16.9",-17.55191,-149.90076,"2017","Chromis margaritifer",6.51898646904403
"1165",1186,"Moorea","Haapiti1","B21","Forereef","10/29/17",17,320,"MOO17","1286","MOO17_1286","Gobiidae","Priolepis","compita","PRIOCOMP",12.9,16.8,0.045,"MOO17_1286_PRIOCOMP_12.9",-17.55191,-149.90076,"2017","Priolepis compita",6.51898646904403
"1166",1187,"Moorea","Haapiti1","B21","Forereef","10/29/17",17,320,"MOO17","1287","MOO17_1287","Serranidae","Pseudogramma","polyacanthum","PSEUPOLY",27.2,32.5,0.491,"MOO17_1287_PSEUPOLY_27.2",-17.55191,-149.90076,"2017","Pseudogramma polyacanthum",6.51898646904403
"1167",1188,"Moorea","Haapiti1","B21","Forereef","10/29/17",17,320,"MOO17","1288","MOO17_1288","Serranidae","Pseudogramma","polyacanthum","PSEUPOLY",16.3,19.7,0.102,"MOO17_1288_PSEUPOLY_16.3",-17.55191,-149.90076,"2017","Pseudogramma polyacanthum",6.51898646904403
"1168",1189,"Moorea","Haapiti1","B21","Forereef","10/29/17",17,320,"MOO17","1289","MOO17_1289","Cirrhitidae","Amblycirrhites","bimacula","AMBLBIMA",28.2,36.2,0.594,"MOO17_1289_AMBLBIMA_28.2",-17.55191,-149.90076,"2017","Amblycirrhites bimacula",6.51898646904403
"1169",1190,"Moorea","Haapiti1","B21","Forereef","10/29/17",17,320,"MOO17","1290","MOO17_1290","Serranidae","Plectranthias","nanus","PLECNANU",20.4,25.4,0.243,"MOO17_1290_PLECNANU_20.4",-17.55191,-149.90076,"2017","Plectranthias nanus",6.51898646904403
"1170",1191,"Moorea","Haapiti1","B21","Forereef","10/29/17",17,320,"MOO17","1291","MOO17_1291","Scorpaenidae","Sebastapistes","fowleri","SEBAFOWL",22.3,27.9,0.431,"MOO17_1291_SEBAFOWL_22.3",-17.55191,-149.90076,"2017","Sebastapistes fowleri",6.51898646904403
"1171",1192,"Moorea","Haapiti1","B21","Forereef","10/29/17",17,320,"MOO17","1292","MOO17_1292","Scorpaenidae","Scorpaenodes","speA","SCORSPEA",19.6,24.1,0.241,"MOO17_1292_SCORSPEA_19.6",-17.55191,-149.90076,"2017","Scorpaenodes speA",6.51898646904403
"1172",1193,"Moorea","Haapiti1","B21","Forereef","10/29/17",17,320,"MOO17","1293","MOO17_1293","Scorpaenidae","Sebastapistes","fowleri","SEBAFOWL",15.2,19,0.176,"MOO17_1293_SEBAFOWL_15.2",-17.55191,-149.90076,"2017","Sebastapistes fowleri",6.51898646904403
"1173",1194,"Moorea","Haapiti1","B21","Forereef","10/29/17",17,320,"MOO17","1294","MOO17_1294","Scorpaenidae","Sebastapistes","mauritiana","SEBAMAUR",14.3,17.6,0.122,"MOO17_1294_SEBAMAUR_14.3",-17.55191,-149.90076,"2017","Sebastapistes mauritiana",6.51898646904403
"1174",1195,"Moorea","Haapiti1","B21","Forereef","10/29/17",17,320,"MOO17","1295","MOO17_1295","Tripterygiidae","Enneapterygius","pyramis","ENNEPYRA",22,27.1,0.232,"MOO17_1295_ENNEPYRA_22",-17.55191,-149.90076,"2017","Enneapterygius pyramis",6.51898646904403
"1175",1196,"Moorea","Haapiti1","B21","Forereef","10/29/17",17,320,"MOO17","1296","MOO17_1296","Tripterygiidae","Enneapterygius","pyramis","ENNEPYRA",21.9,26.5,0.199,"MOO17_1296_ENNEPYRA_21.9",-17.55191,-149.90076,"2017","Enneapterygius pyramis",6.51898646904403
"1176",1197,"Moorea","Haapiti1","B21","Forereef","10/29/17",17,320,"MOO17","1297","MOO17_1297","Tripterygiidae","Enneapterygius","pyramis","ENNEPYRA",21,26.2,0.183,"MOO17_1297_ENNEPYRA_21",-17.55191,-149.90076,"2017","Enneapterygius pyramis",6.51898646904403
"1177",1198,"Moorea","Haapiti1","B21","Forereef","10/29/17",17,320,"MOO17","1298","MOO17_1298","Tripterygiidae","Enneapterygius","pyramis","ENNEPYRA",19.6,23.4,0.162,"MOO17_1298_ENNEPYRA_19.6",-17.55191,-149.90076,"2017","Enneapterygius pyramis",6.51898646904403
"1178",1199,"Moorea","Haapiti1","B21","Forereef","10/29/17",17,320,"MOO17","1299","MOO17_1299","Tripterygiidae","Enneapterygius","pyramis","ENNEPYRA",18.6,23.2,0.136,"MOO17_1299_ENNEPYRA_18.6",-17.55191,-149.90076,"2017","Enneapterygius pyramis",6.51898646904403
"1179",1200,"Moorea","Haapiti1","B21","Forereef","10/29/17",17,320,"MOO17","1300","MOO17_1300","Tripterygiidae","Enneapterygius","pyramis","ENNEPYRA",17.2,21.6,0.098,"MOO17_1300_ENNEPYRA_17.2",-17.55191,-149.90076,"2017","Enneapterygius pyramis",6.51898646904403
"1180",1201,"Moorea","Haapiti1","B21","Forereef","10/29/17",17,320,"MOO17","1301","MOO17_1301","Tripterygiidae","Enneapterygius","pyramis","ENNEPYRA",14.5,18.2,0.063,"MOO17_1301_ENNEPYRA_14.5",-17.55191,-149.90076,"2017","Enneapterygius pyramis",6.51898646904403
"1181",1202,"Moorea","Haapiti1","B21","Forereef","10/29/17",17,320,"MOO17","1302","MOO17_1302","Tripterygiidae","Enneapterygius","pyramis","ENNEPYRA",14.7,17.2,0.044,"MOO17_1302_ENNEPYRA_14.7",-17.55191,-149.90076,"2017","Enneapterygius pyramis",6.51898646904403
"1182",1203,"Moorea","Maatea1","B22","Forereef","10/29/17",12.4,240,"MOO17","1303","MOO17_1303","Scorpaenidae","Scorpaenodes","parvipinnis","SCORPARV",59,82.1,13.937,"MOO17_1303_SCORPARV_59",-17.59402,-149.79269,"2017","Scorpaenodes parvipinnis",3.66692988883727
"1183",1204,"Moorea","Maatea1","B22","Forereef","10/29/17",12.4,240,"MOO17","1304","MOO17_1304","Scorpaenidae","Scorpaenodes","parvipinnis","SCORPARV",61.4,78.2,12.719,"MOO17_1304_SCORPARV_61.4",-17.59402,-149.79269,"2017","Scorpaenodes parvipinnis",3.66692988883727
"1184",1205,"Moorea","Maatea1","B22","Forereef","10/29/17",12.4,240,"MOO17","1305","MOO17_1305","Cirrhitidae","Paracirrhites","arcatus","PARAARCA",50.5,70.5,5.76,"MOO17_1305_PARAARCA_50.5",-17.59402,-149.79269,"2017","Paracirrhites arcatus",3.66692988883727
"1185",1206,"Moorea","Maatea1","B22","Forereef","10/29/17",12.4,240,"MOO17","1306","MOO17_1306","Cirrhitidae","Paracirrhites","arcatus","PARAARCA",52.3,71,5.73,"MOO17_1306_PARAARCA_52.3",-17.59402,-149.79269,"2017","Paracirrhites arcatus",3.66692988883727
"1186",1207,"Moorea","Maatea1","B22","Forereef","10/29/17",12.4,240,"MOO17","1307","MOO17_1307","Muraenidae","Gymnothorax","melatremus","GYMNMELA",149.7,153.9,6.395,"MOO17_1307_GYMNMELA_149.7",-17.59402,-149.79269,"2017","Gymnothorax melatremus",3.66692988883727
"1187",1208,"Moorea","Maatea1","B22","Forereef","10/29/17",12.4,240,"MOO17","1308","MOO17_1308","Cirrhitidae","Paracirrhites","arcatus","PARAARCA",37.7,51.7,2.004,"MOO17_1308_PARAARCA_37.7",-17.59402,-149.79269,"2017","Paracirrhites arcatus",3.66692988883727
"1188",1209,"Moorea","Maatea1","B22","Forereef","10/29/17",12.4,240,"MOO17","1309","MOO17_1309","Cirrhitidae","Neocirrhites","armatus","NEOCARMA",46,62.9,6.231,"MOO17_1309_NEOCARMA_46",-17.59402,-149.79269,"2017","Neocirrhites armatus",3.66692988883727
"1189",1210,"Moorea","Maatea1","B22","Forereef","10/29/17",12.4,240,"MOO17","1310","MOO17_1310","Cirrhitidae","Neocirrhites","armatus","NEOCARMA",36.4,49,2.697,"MOO17_1310_NEOCARMA_36.4",-17.59402,-149.79269,"2017","Neocirrhites armatus",3.66692988883727
"1190",1211,"Moorea","Maatea1","B22","Forereef","10/29/17",12.4,240,"MOO17","1311","MOO17_1311","Cirrhitidae","Neocirrhites","armatus","NEOCARMA",21.5,28.6,0.452,"MOO17_1311_NEOCARMA_21.5",-17.59402,-149.79269,"2017","Neocirrhites armatus",3.66692988883727
"1191",1212,"Moorea","Maatea1","B22","Forereef","10/29/17",12.4,240,"MOO17","1312","MOO17_1312","Pomacentridae","Chromis","margaritifer","CHROMARG",39.3,59.7,3.427,"MOO17_1312_CHROMARG_39.3",-17.59402,-149.79269,"2017","Chromis margaritifer",3.66692988883727
"1192",1213,"Moorea","Maatea1","B22","Forereef","10/29/17",12.4,240,"MOO17","1313","MOO17_1313","Pomacentridae","Plectroglyphidodon","johnstonianus","PLECJOHN",37.3,53.2,3.46,"MOO17_1313_PLECJOHN_37.3",-17.59402,-149.79269,"2017","Plectroglyphidodon johnstonianus",3.66692988883727
"1193",1214,"Moorea","Maatea1","B22","Forereef","10/29/17",12.4,240,"MOO17","1314","MOO17_1314","Scorpaenidae","Caracanthus","maculatus","CARAMACU",24.4,31.6,1.42,"MOO17_1314_CARAMACU_24.4",-17.59402,-149.79269,"2017","Caracanthus maculatus",3.66692988883727
"1194",1215,"Moorea","Maatea1","B22","Forereef","10/29/17",12.4,240,"MOO17","1315","MOO17_1315","Apogonidae","Apogon","susanae","APOGSUSA",29.4,38.5,0.844,"MOO17_1315_APOGSUSA_29.4",-17.59402,-149.79269,"2017","Apogon susanae",3.66692988883727
"1195",1216,"Moorea","Maatea1","B22","Forereef","10/29/17",12.4,240,"MOO17","1316","MOO17_1316","Cirrhitidae","Amblycirrhites","bimacula","AMBLBIMA",28.5,33.5,0.826,"MOO17_1316_AMBLBIMA_28.5",-17.59402,-149.79269,"2017","Amblycirrhites bimacula",3.66692988883727
"1196",1217,"Moorea","Maatea1","B22","Forereef","10/29/17",12.4,240,"MOO17","1317","MOO17_1317","Cirrhitidae","Amblycirrhites","bimacula","AMBLBIMA",28,35.6,0.541,"MOO17_1317_AMBLBIMA_28",-17.59402,-149.79269,"2017","Amblycirrhites bimacula",3.66692988883727
"1197",1218,"Moorea","Maatea1","B22","Forereef","10/29/17",12.4,240,"MOO17","1318","MOO17_1318","Bythitidae","Diancistrus","katrinae","DIANKATR",34.8,40.3,0.715,"MOO17_1318_DIANKATR_34.8",-17.59402,-149.79269,"2017","Diancistrus katrinae",3.66692988883727
"1198",1219,"Moorea","Maatea1","B22","Forereef","10/29/17",12.4,240,"MOO17","1319","MOO17_1319","Muraenidae","Uropterygius","fuscoguttatus","UROPFUSC",89.8,92.6,0.6,"MOO17_1319_UROPFUSC_89.8",-17.59402,-149.79269,"2017","Uropterygius fuscoguttatus",3.66692988883727
"1199",1220,"Moorea","Maatea1","B22","Forereef","10/29/17",12.4,240,"MOO17","1320","MOO17_1320","Pomacanthidae","Centropyge","loricula","CENTLORI",21.1,28.7,0.034,"MOO17_1320_CENTLORI_21.1",-17.59402,-149.79269,"2017","Centropyge loricula",3.66692988883727
"1200",1221,"Moorea","Maatea1","B22","Forereef","10/29/17",12.4,240,"MOO17","1321","MOO17_1321","Pomacentridae","Chromis","acares","CHROACAR",17.9,25.6,0.209,"MOO17_1321_CHROACAR_17.9",-17.59402,-149.79269,"2017","Chromis acares",3.66692988883727
"1201",1222,"Moorea","Maatea1","B22","Forereef","10/29/17",12.4,240,"MOO17","1322","MOO17_1322","Tripterygiidae","Enneapterygius","pyramis","ENNEPYRA",20,25.3,0.48,"MOO17_1322_ENNEPYRA_20",-17.59402,-149.79269,"2017","Enneapterygius pyramis",3.66692988883727
"1202",1223,"Moorea","Maatea1","B22","Forereef","10/29/17",12.4,240,"MOO17","1323","MOO17_1323","Apogonidae","Ostorhinchus","angustatus","OSTOANGU",21.7,41.4,0.788,"MOO17_1323_OSTOANGU_21.7",-17.59402,-149.79269,"2017","Ostorhinchus angustatus",3.66692988883727
"1203",1224,"Moorea","Maatea1","B22","Forereef","10/29/17",12.4,240,"MOO17","1324","MOO17_1324","Apogonidae","Ostorhinchus","angustatus","OSTOANGU",19,24.5,0.149,"MOO17_1324_OSTOANGU_19",-17.59402,-149.79269,"2017","Ostorhinchus angustatus",3.66692988883727
"1204",1225,"Moorea","Maatea1","B22","Forereef","10/29/17",12.4,240,"MOO17","1325","MOO17_1325","Serranidae","Plectranthias","nanus","PLECNANU",19.9,24.6,0.182,"MOO17_1325_PLECNANU_19.9",-17.59402,-149.79269,"2017","Plectranthias nanus",3.66692988883727
"1205",1226,"Moorea","Maatea1","B22","Forereef","10/29/17",12.4,240,"MOO17","1326","MOO17_1326","Serranidae","Pseudogramma","polyacanthum","PSEUPOLY",17.7,22.2,0.169,"MOO17_1326_PSEUPOLY_17.7",-17.59402,-149.79269,"2017","Pseudogramma polyacanthum",3.66692988883727
"1206",1227,"Moorea","Maatea1","B22","Forereef","10/29/17",12.4,240,"MOO17","1327","MOO17_1327","Serranidae","Pseudogramma","polyacanthum","PSEUPOLY",12.9,16.1,0.045,"MOO17_1327_PSEUPOLY_12.9",-17.59402,-149.79269,"2017","Pseudogramma polyacanthum",3.66692988883727
"1207",1228,"Moorea","Maatea1","B22","Forereef","10/29/17",12.4,240,"MOO17","1328","MOO17_1328","Serranidae","Pseudogramma","polyacanthum","PSEUPOLY",12.9,15.3,0.042,"MOO17_1328_PSEUPOLY_12.9",-17.59402,-149.79269,"2017","Pseudogramma polyacanthum",3.66692988883727
"1208",1229,"Moorea","Maatea1","B22","Forereef","10/29/17",12.4,240,"MOO17","1329","MOO17_1329","Gobiidae","Paragobiodon","modestus","PARAMODE",11.1,14.2,0.05,"MOO17_1329_PARAMODE_11.1",-17.59402,-149.79269,"2017","Paragobiodon modestus",3.66692988883727
"1209",1230,"Moorea","FareAute1","B23","Forereef","3/10/18",13.5,290,"MOO18","1","MOO18_001","Cirrhitidae","Neocirrhites","armatus","NEOCARMA",44.1,54.7,3.799,"MOO18_001_NEOCARMA_44.1",-17.60699,-149.81746,"2018","Neocirrhites armatus",5.35397228561136
"1210",1231,"Moorea","FareAute1","B23","Forereef","3/10/18",13.5,290,"MOO18","2","MOO18_002","Cirrhitidae","Neocirrhites","armatus","NEOCARMA",36.5,45,1.927,"MOO18_002_NEOCARMA_36.5",-17.60699,-149.81746,"2018","Neocirrhites armatus",5.35397228561136
"1211",1232,"Moorea","FareAute1","B23","Forereef","3/10/18",13.5,290,"MOO18","3","MOO18_003","Cirrhitidae","Paracirrhites","arcatus","PARAARCA",47,59.6,3.116,"MOO18_003_PARAARCA_47",-17.60699,-149.81746,"2018","Paracirrhites arcatus",5.35397228561136
"1212",1233,"Moorea","FareAute1","B23","Forereef","3/10/18",13.5,290,"MOO18","4","MOO18_004","Cirrhitidae","Paracirrhites","arcatus","PARAARCA",34.1,43.3,1.311,"MOO18_004_PARAARCA_34.1",-17.60699,-149.81746,"2018","Paracirrhites arcatus",5.35397228561136
"1213",1234,"Moorea","FareAute1","B23","Forereef","3/10/18",13.5,290,"MOO18","5","MOO18_005","Cirrhitidae","Paracirrhites","arcatus","PARAARCA",32.3,40.8,1.098,"MOO18_005_PARAARCA_32.3",-17.60699,-149.81746,"2018","Paracirrhites arcatus",5.35397228561136
"1214",1235,"Moorea","FareAute1","B23","Forereef","3/10/18",13.5,290,"MOO18","6","MOO18_006","Cirrhitidae","Paracirrhites","arcatus","PARAARCA",28.4,36,0.766,"MOO18_006_PARAARCA_28.4",-17.60699,-149.81746,"2018","Paracirrhites arcatus",5.35397228561136
"1215",1236,"Moorea","FareAute1","B23","Forereef","3/10/18",13.5,290,"MOO18","7","MOO18_007","Tetraodontidae","Canthigaster","janthinoptera","CANTJANT",37,47.7,2.669,"MOO18_007_CANTJANT_37",-17.60699,-149.81746,"2018","Canthigaster janthinoptera",5.35397228561136
"1216",1237,"Moorea","FareAute1","B23","Forereef","3/10/18",13.5,290,"MOO18","8","MOO18_008","Pomacentridae","Chromis","vanderbilti","CHROVAND",34.6,47.8,1.731,"MOO18_008_CHROVAND_34.6",-17.60699,-149.81746,"2018","Chromis vanderbilti",5.35397228561136
"1217",1238,"Moorea","FareAute1","B23","Forereef","3/10/18",13.5,290,"MOO18","9","MOO18_009","Labridae","Pseudocheilinus","hexataenia","PSEUHEXA",28.3,36.6,0.867,"MOO18_009_PSEUHEXA_28.3",-17.60699,-149.81746,"2018","Pseudocheilinus hexataenia",5.35397228561136
"1218",1239,"Moorea","FareAute1","B23","Forereef","3/10/18",13.5,290,"MOO18","10","MOO18_010","Labridae","Pseudocheilinus","tetrataenia","PSEUTETR",25.9,31.3,0.531,"MOO18_010_PSEUTETR_25.9",-17.60699,-149.81746,"2018","Pseudocheilinus tetrataenia",5.35397228561136
"1219",1240,"Moorea","FareAute1","B23","Forereef","3/10/18",13.5,290,"MOO18","11","MOO18_011","Muraenidae","Gymnothorax","melatremus","GYMNMELA",75.5,76.8,0.788,"MOO18_011_GYMNMELA_75.5",-17.60699,-149.81746,"2018","Gymnothorax melatremus",5.35397228561136
"1220",1241,"Moorea","FareAute1","B23","Forereef","3/10/18",13.5,290,"MOO18","12","MOO18_012","Serranidae","Pseudogramma","polyacanthum","PSEUPOLY",29.3,34.4,0.622,"MOO18_012_PSEUPOLY_29.3",-17.60699,-149.81746,"2018","Pseudogramma polyacanthum",5.35397228561136
"1221",1242,"Moorea","FareAute1","B23","Forereef","3/10/18",13.5,290,"MOO18","13","MOO18_013","Serranidae","Pseudogramma","polyacanthum","PSEUPOLY",22.8,27.2,0.288,"MOO18_013_PSEUPOLY_22.8",-17.60699,-149.81746,"2018","Pseudogramma polyacanthum",5.35397228561136
"1222",1243,"Moorea","FareAute1","B23","Forereef","3/10/18",13.5,290,"MOO18","14","MOO18_014","Apogonidae","Apogon","susanae","APOGSUSA",25.2,32.9,0.582,"MOO18_014_APOGSUSA_25.2",-17.60699,-149.81746,"2018","Apogon susanae",5.35397228561136
"1223",1244,"Moorea","FareAute1","B23","Forereef","3/10/18",13.5,290,"MOO18","15","MOO18_015","Pseudochromidae","Pseudoplesiops","revellei","PSEUREVE",26.1,30,0.333,"MOO18_015_PSEUREVE_26.1",-17.60699,-149.81746,"2018","Pseudoplesiops revellei",5.35397228561136
"1224",1245,"Moorea","FareAute1","B23","Forereef","3/10/18",13.5,290,"MOO18","16","MOO18_016","Scorpaenidae","Scorpaenodes","speA","SCORSPEA",23,28.5,0.458,"MOO18_016_SCORSPEA_23",-17.60699,-149.81746,"2018","Scorpaenodes speA",5.35397228561136
"1225",1246,"Moorea","FareAute1","B23","Forereef","3/10/18",13.5,290,"MOO18","17","MOO18_017","Scorpaenidae","Sebastapistes","fowleri","SEBAFOWL",18.1,22.3,0.273,"MOO18_017_SEBAFOWL_18.1",-17.60699,-149.81746,"2018","Sebastapistes fowleri",5.35397228561136
"1226",1247,"Moorea","FareAute1","B23","Forereef","3/10/18",13.5,290,"MOO18","18","MOO18_018","Scorpaenidae","Sebastapistes","fowleri","SEBAFOWL",15.5,18.7,0.161,"MOO18_018_SEBAFOWL_15.5",-17.60699,-149.81746,"2018","Sebastapistes fowleri",5.35397228561136
"1227",1248,"Moorea","FareAute1","B23","Forereef","3/10/18",13.5,290,"MOO18","19","MOO18_019","Tripterygiidae","Enneapterygius","pyramis","ENNEPYRA",15.1,18.5,0.073,"MOO18_019_ENNEPYRA_15.1",-17.60699,-149.81746,"2018","Enneapterygius pyramis",5.35397228561136
"1228",1249,"Moorea","FareAute1","B23","Forereef","3/10/18",13.5,290,"MOO18","20","MOO18_020","Scorpaenidae","Scorpaenodes","parvipinnis","SCORPARV",9.6,12.6,0.046,"MOO18_020_SCORPARV_9.6",-17.60699,-149.81746,"2018","Scorpaenodes parvipinnis",5.35397228561136
"1229",1250,"Moorea","FareDhote1","B24","Forereef","3/10/18",16,270,"MOO18","21","MOO18_021","Pomacanthidae","Centropyge","flavissima","CENTFLAV",48.6,62.6,7.018,"MOO18_021_CENTFLAV_48.6",-17.58797,-149.87004,"2018","Centropyge flavissima",4.64095814055967
"1230",1251,"Moorea","FareDhote1","B24","Forereef","3/10/18",16,270,"MOO18","22","MOO18_022","Blenniidae","Cirripectes","variolosus","CIRRVARI",49.9,62.8,4.92,"MOO18_022_CIRRVARI_49.9",-17.58797,-149.87004,"2018","Cirripectes variolosus",4.64095814055967
"1231",1252,"Moorea","FareDhote1","B24","Forereef","3/10/18",16,270,"MOO18","23","MOO18_023","Blenniidae","Cirripectes","variolosus","CIRRVARI",45,56.6,3.163,"MOO18_023_CIRRVARI_45",-17.58797,-149.87004,"2018","Cirripectes variolosus",4.64095814055967
"1232",1253,"Moorea","FareDhote1","B24","Forereef","3/10/18",16,270,"MOO18","24","MOO18_024","Blenniidae","Cirripectes","variolosus","CIRRVARI",37.5,47.6,1.765,"MOO18_024_CIRRVARI_37.5",-17.58797,-149.87004,"2018","Cirripectes variolosus",4.64095814055967
"1233",1254,"Moorea","FareDhote1","B24","Forereef","3/10/18",16,270,"MOO18","25","MOO18_025","Apogonidae","Ostorhinchus","angustatus","OSTOANGU",45.5,58.2,2.384,"MOO18_025_OSTOANGU_45.5",-17.58797,-149.87004,"2018","Ostorhinchus angustatus",4.64095814055967
"1234",1255,"Moorea","FareDhote1","B24","Forereef","3/10/18",16,270,"MOO18","26","MOO18_026","Apogonidae","Ostorhinchus","angustatus","OSTOANGU",38.1,49.3,1.409,"MOO18_026_OSTOANGU_38.1",-17.58797,-149.87004,"2018","Ostorhinchus angustatus",4.64095814055967
"1235",1256,"Moorea","FareDhote1","B24","Forereef","3/10/18",16,270,"MOO18","27","MOO18_027","Cirrhitidae","Neocirrhites","armatus","NEOCARMA",32.8,40.9,1.385,"MOO18_027_NEOCARMA_32.8",-17.58797,-149.87004,"2018","Neocirrhites armatus",4.64095814055967
"1236",1257,"Moorea","FareDhote1","B24","Forereef","3/10/18",16,270,"MOO18","28","MOO18_028","Cirrhitidae","Paracirrhites","arcatus","PARAARCA",26.4,34.2,0.53,"MOO18_028_PARAARCA_26.4",-17.58797,-149.87004,"2018","Paracirrhites arcatus",4.64095814055967
"1237",1258,"Moorea","FareDhote1","B24","Forereef","3/10/18",16,270,"MOO18","29","MOO18_029","Cirrhitidae","Paracirrhites","arcatus","PARAARCA",25.9,33.3,0.6,"MOO18_029_PARAARCA_25.9",-17.58797,-149.87004,"2018","Paracirrhites arcatus",4.64095814055967
"1238",1259,"Moorea","FareDhote1","B24","Forereef","3/10/18",16,270,"MOO18","30","MOO18_030","Labridae","Pseudocheilinus","hexataenia","PSEUHEXA",39.7,50.6,2.32,"MOO18_030_PSEUHEXA_39.7",-17.58797,-149.87004,"2018","Pseudocheilinus hexataenia",4.64095814055967
"1239",1260,"Moorea","FareDhote1","B24","Forereef","3/10/18",16,270,"MOO18","31","MOO18_031","Gobiidae","Callogobius","sclateri","CALLSCLA",27.7,34.8,0.58,"MOO18_031_CALLSCLA_27.7",-17.58797,-149.87004,"2018","Callogobius sclateri",4.64095814055967
"1240",1261,"Moorea","FareDhote1","B24","Forereef","3/10/18",16,270,"MOO18","32","MOO18_032","Scorpaenidae","Caracanthus","maculatus","CARAMACU",17.6,22.9,0.533,"MOO18_032_CARAMACU_17.6",-17.58797,-149.87004,"2018","Caracanthus maculatus",4.64095814055967
"1241",1262,"Moorea","FareDhote1","B24","Forereef","3/10/18",16,270,"MOO18","33","MOO18_033","Tripterygiidae","Enneapterygius","pyramis","ENNEPYRA",22.4,27.7,0.212,"MOO18_033_ENNEPYRA_22.4",-17.58797,-149.87004,"2018","Enneapterygius pyramis",4.64095814055967
"1242",1263,"Moorea","FareDhote1","B24","Forereef","3/10/18",16,270,"MOO18","34","MOO18_034","Tripterygiidae","Enneapterygius","pyramis","ENNEPYRA",18.3,22.8,0.129,"MOO18_034_ENNEPYRA_18.3",-17.58797,-149.87004,"2018","Enneapterygius pyramis",4.64095814055967
"1243",1264,"Moorea","FareDhote1","B24","Forereef","3/10/18",16,270,"MOO18","35","MOO18_035","Tripterygiidae","Enneapterygius","pyramis","ENNEPYRA",17.7,21.5,0.103,"MOO18_035_ENNEPYRA_17.7",-17.58797,-149.87004,"2018","Enneapterygius pyramis",4.64095814055967
"1244",1265,"Moorea","FareDhote1","B24","Forereef","3/10/18",16,270,"MOO18","36","MOO18_036","Scorpaenidae","Sebastapistes","mauritiana","SEBAMAUR",15.7,20,0.201,"MOO18_036_SEBAMAUR_15.7",-17.58797,-149.87004,"2018","Sebastapistes mauritiana",4.64095814055967
"1245",1266,"Moorea","FareDhote1","B24","Forereef","3/10/18",16,270,"MOO18","37","MOO18_037","Scorpaenidae","Scorpaenodes","scaber","SCORSCAB",17.2,22.2,0.214,"MOO18_037_SCORSCAB_17.2",-17.58797,-149.87004,"2018","Scorpaenodes scaber",4.64095814055967
"1246",1267,"Moorea","FareDhote1","B24","Forereef","3/10/18",16,270,"MOO18","38","MOO18_038","Labridae","Thalassoma","amblycephalum","THALAMBL",16.9,20.9,0.104,"MOO18_038_THALAMBL_16.9",-17.58797,-149.87004,"2018","Thalassoma amblycephalum",4.64095814055967
"1247",1268,"Moorea","FareDhote1","B24","Forereef","3/10/18",16,270,"MOO18","39","MOO18_039","Tripterygiidae","Enneapterygius","speA","ENNESPEA",15.2,18.4,0.061,"MOO18_039_ENNESPEA_15.2",-17.58797,-149.87004,"2018","Enneapterygius speA",4.64095814055967
"1248",1269,"Moorea","FareDhote1","B24","Forereef","3/10/18",16,270,"MOO18","40","MOO18_040","Scorpaenidae","Scorpaenodes","speA","SCORSPEA",9.7,13.2,0.048,"MOO18_040_SCORSPEA_9.7",-17.58797,-149.87004,"2018","Scorpaenodes speA",4.64095814055967
"1249",1270,"Moorea","FareDhote1","B24","Forereef","3/10/18",16,270,"MOO18","41","MOO18_041","Serranidae","Plectranthias","nanus","PLECNANU",10.7,13.3,0.044,"MOO18_041_PLECNANU_10.7",-17.58797,-149.87004,"2018","Plectranthias nanus",4.64095814055967
"1250",1271,"Moorea","FareDhote1","B24","Forereef","3/10/18",16,270,"MOO18","42","MOO18_042","Gobiidae","Paragobiodon","modestus","PARAMODE",8.9,11.3,0.031,"MOO18_042_PARAMODE_8.9",-17.58797,-149.87004,"2018","Paragobiodon modestus",4.64095814055967
"1251",1272,"Moorea","FareDhote1","B24","Forereef","3/10/18",16,270,"MOO18","43","MOO18_043","Muraenidae","Gymnothorax","speA","GYMNSPEA",179,180,13.16,"MOO18_043_GYMNSPEA_179",-17.58797,-149.87004,"2018","Gymnothorax speA",4.64095814055967
"1252",1278,"Moorea","Vaiare1","B25","Forereef","3/11/18",14,300,"MOO18","49","MOO18_049","Gobiidae","Paragobiodon","modestus","PARAMODE",18.5,23.6,0.305,"MOO18_049_PARAMODE_18.5",-17.5317,-149.76135,"2018","Paragobiodon modestus",5.72957795130823
"1253",1279,"Moorea","Vaiare1","B25","Forereef","3/11/18",14,300,"MOO18","50","MOO18_050","Gobiidae","Paragobiodon","modestus","PARAMODE",20.8,26.5,0.4,"MOO18_050_PARAMODE_20.8",-17.5317,-149.76135,"2018","Paragobiodon modestus",5.72957795130823
"1254",1280,"Moorea","Vaiare1","B25","Forereef","3/11/18",14,300,"MOO18","51","MOO18_051","Scorpaenidae","Caracanthus","unipinna","CARAUNIP",21.2,28.9,0.618,"MOO18_051_CARAUNIP_21.2",-17.5317,-149.76135,"2018","Caracanthus unipinna",5.72957795130823
"1255",1281,"Moorea","Vaiare1","B25","Forereef","3/11/18",14,300,"MOO18","52","MOO18_052","Scorpaenidae","Caracanthus","maculatus","CARAMACU",18.7,24.3,0.49,"MOO18_052_CARAMACU_18.7",-17.5317,-149.76135,"2018","Caracanthus maculatus",5.72957795130823
"1256",1282,"Moorea","Vaiare1","B25","Forereef","3/11/18",14,300,"MOO18","53","MOO18_053","Scorpaenidae","Caracanthus","unipinna","CARAUNIP",21.4,27.6,0.512,"MOO18_053_CARAUNIP_21.4",-17.5317,-149.76135,"2018","Caracanthus unipinna",5.72957795130823
"1257",1283,"Moorea","Vaiare1","B25","Forereef","3/11/18",14,300,"MOO18","54","MOO18_054","Gobiidae","Trimmatom","eviotops","TRIMEVIO",12.2,14.5,0.032,"MOO18_054_TRIMEVIO_12.2",-17.5317,-149.76135,"2018","Trimmatom eviotops",5.72957795130823
"1258",1284,"Moorea","Vaiare1","B25","Forereef","3/11/18",14,300,"MOO18","55","MOO18_055","Gobiidae","Gobiodon","rivulatus","GOBIRIVU",17.3,21.4,0.205,"MOO18_055_GOBIRIVU_17.3",-17.5317,-149.76135,"2018","Gobiodon rivulatus",5.72957795130823
"1259",1285,"Moorea","Vaiare1","B25","Forereef","3/11/18",14,300,"MOO18","56","MOO18_056","Gobiidae","Gobiodon","rivulatus","GOBIRIVU",17.9,23,0.23,"MOO18_056_GOBIRIVU_17.9",-17.5317,-149.76135,"2018","Gobiodon rivulatus",5.72957795130823
"1260",1286,"Moorea","Vaiare1","B25","Forereef","3/11/18",14,300,"MOO18","57","MOO18_057","Soleidae","Aseraggodes","whitakeri","ASERWHIT",29.8,35.6,0.588,"MOO18_057_ASERWHIT_29.8",-17.5317,-149.76135,"2018","Aseraggodes whitakeri",5.72957795130823
"1261",1287,"Moorea","Vaiare1","B25","Forereef","3/11/18",14,300,"MOO18","58","MOO18_058","Soleidae","Aseraggodes","whitakeri","ASERWHIT",30.6,35.8,0.622,"MOO18_058_ASERWHIT_30.6",-17.5317,-149.76135,"2018","Aseraggodes whitakeri",5.72957795130823
"1262",1288,"Moorea","Vaiare1","B25","Forereef","3/11/18",14,300,"MOO18","59","MOO18_059","Gobiidae","Trimmatom","eviotops","TRIMEVIO",11.9,13.7,0.028,"MOO18_059_TRIMEVIO_11.9",-17.5317,-149.76135,"2018","Trimmatom eviotops",5.72957795130823
"1263",1289,"Moorea","Vaiare1","B25","Forereef","3/11/18",14,300,"MOO18","60","MOO18_060","Scorpaenidae","Parascorpaena","mossambica","PARAMOSS",24.1,30.6,0.662,"MOO18_060_PARAMOSS_24.1",-17.5317,-149.76135,"2018","Parascorpaena mossambica",5.72957795130823
"1264",1290,"Moorea","Vaiare1","B25","Forereef","3/11/18",14,300,"MOO18","61","MOO18_061","Tripterygiidae","Enneapterygius","pyramis","ENNEPYRA",22.4,28.1,0.225,"MOO18_061_ENNEPYRA_22.4",-17.5317,-149.76135,"2018","Enneapterygius pyramis",5.72957795130823
"1265",1291,"Moorea","Vaiare1","B25","Forereef","3/11/18",14,300,"MOO18","62","MOO18_062","Serranidae","Plectranthias","nanus","PLECNANU",28.8,36.6,0.669,"MOO18_062_PLECNANU_28.8",-17.5317,-149.76135,"2018","Plectranthias nanus",5.72957795130823
"1266",1292,"Moorea","Vaiare1","B25","Forereef","3/11/18",14,300,"MOO18","63","MOO18_063","Serranidae","Plectranthias","nanus","PLECNANU",26.6,33.5,0.586,"MOO18_063_PLECNANU_26.6",-17.5317,-149.76135,"2018","Plectranthias nanus",5.72957795130823
"1267",1293,"Moorea","Vaiare1","B25","Forereef","3/11/18",14,300,"MOO18","64","MOO18_064","Scorpaenidae","Caracanthus","maculatus","CARAMACU",34.5,43.5,3.552,"MOO18_064_CARAMACU_34.5",-17.5317,-149.76135,"2018","Caracanthus maculatus",5.72957795130823
"1268",1294,"Moorea","Vaiare1","B25","Forereef","3/11/18",14,300,"MOO18","65","MOO18_065","Scorpaenidae","Caracanthus","maculatus","CARAMACU",32,38.9,2.188,"MOO18_065_CARAMACU_32",-17.5317,-149.76135,"2018","Caracanthus maculatus",5.72957795130823
"1269",1295,"Moorea","Vaiare1","B25","Forereef","3/11/18",14,300,"MOO18","66","MOO18_066","Scorpaenidae","Caracanthus","maculatus","CARAMACU",23,29.6,1.047,"MOO18_066_CARAMACU_23",-17.5317,-149.76135,"2018","Caracanthus maculatus",5.72957795130823
"1270",1296,"Moorea","Vaiare1","B25","Forereef","3/11/18",14,300,"MOO18","67","MOO18_067","Tripterygiidae","Enneapterygius","pyramis","ENNEPYRA",21.3,26.1,0.197,"MOO18_067_ENNEPYRA_21.3",-17.5317,-149.76135,"2018","Enneapterygius pyramis",5.72957795130823
"1271",1297,"Moorea","Vaiare1","B25","Forereef","3/11/18",14,300,"MOO18","68","MOO18_068","Serranidae","Pseudogramma","polyacanthum","PSEUPOLY",17.4,21.2,0.12,"MOO18_068_PSEUPOLY_17.4",-17.5317,-149.76135,"2018","Pseudogramma polyacanthum",5.72957795130823
"1272",1298,"Moorea","Vaiare1","B25","Forereef","3/11/18",14,300,"MOO18","69","MOO18_069","Apogonidae","Apogon","susanae","APOGSUSA",26.5,35.5,0.585,"MOO18_069_APOGSUSA_26.5",-17.5317,-149.76135,"2018","Apogon susanae",5.72957795130823
"1273",1299,"Moorea","Vaiare1","B25","Forereef","3/11/18",14,300,"MOO18","70","MOO18_070","Labridae","Pseudocheilinus","hexataenia","PSEUHEXA",26.3,33,0.66,"MOO18_070_PSEUHEXA_26.3",-17.5317,-149.76135,"2018","Pseudocheilinus hexataenia",5.72957795130823
"1274",1300,"Moorea","Vaiare1","B25","Forereef","3/11/18",14,300,"MOO18","71","MOO18_071","Labridae","Pseudocheilinus","hexataenia","PSEUHEXA",22.4,28.2,0.413,"MOO18_071_PSEUHEXA_22.4",-17.5317,-149.76135,"2018","Pseudocheilinus hexataenia",5.72957795130823
"1275",1301,"Moorea","Vaiare1","B25","Forereef","3/11/18",14,300,"MOO18","72","MOO18_072","Labridae","Pseudocheilinus","hexataenia","PSEUHEXA",20.7,26.8,0.334,"MOO18_072_PSEUHEXA_20.7",-17.5317,-149.76135,"2018","Pseudocheilinus hexataenia",5.72957795130823
"1276",1302,"Moorea","Vaiare1","B25","Forereef","3/11/18",14,300,"MOO18","73","MOO18_073","Labridae","Pseudocheilinus","tetrataenia","PSEUTETR",29.4,26.5,0.973,"MOO18_073_PSEUTETR_29.4",-17.5317,-149.76135,"2018","Pseudocheilinus tetrataenia",5.72957795130823
"1277",1303,"Moorea","Vaiare1","B25","Forereef","3/11/18",14,300,"MOO18","74","MOO18_074","Serranidae","Pseudogramma","polyacanthum","PSEUPOLY",14.8,18.1,0.082,"MOO18_074_PSEUPOLY_14.8",-17.5317,-149.76135,"2018","Pseudogramma polyacanthum",5.72957795130823
"1278",1304,"Moorea","Vaiare1","B25","Forereef","3/11/18",14,300,"MOO18","75","MOO18_075","Gobiidae","Eviota","albolineata","EVIOALBO",18.5,22.7,0.131,"MOO18_075_EVIOALBO_18.5",-17.5317,-149.76135,"2018","Eviota albolineata",5.72957795130823
"1279",1305,"Moorea","Vaiare1","B25","Forereef","3/11/18",14,300,"MOO18","76","MOO18_076","Gobiidae","Eviota","albolineata","EVIOALBO",10.5,10.5,0.085,"MOO18_076_EVIOALBO_10.5",-17.5317,-149.76135,"2018","Eviota albolineata",5.72957795130823
"1280",1306,"Moorea","Vaiare1","B25","Forereef","3/11/18",14,300,"MOO18","77","MOO18_077","Gobiidae","Paragobiodon","modestus","PARAMODE",11.3,15,0.078,"MOO18_077_PARAMODE_11.3",-17.5317,-149.76135,"2018","Paragobiodon modestus",5.72957795130823
"1281",1307,"Moorea","Vaiare1","B25","Forereef","3/11/18",14,300,"MOO18","78","MOO18_078","Gobiidae","Paragobiodon","modestus","PARAMODE",7.2,9.5,0.014,"MOO18_078_PARAMODE_7.2",-17.5317,-149.76135,"2018","Paragobiodon modestus",5.72957795130823
"1282",1308,"Moorea","Vaiare1","B25","Forereef","3/11/18",14,300,"MOO18","79","MOO18_079","Cirrhitidae","Paracirrhites","arcatus","PARAARCA",67.3,85.5,9.494,"MOO18_079_PARAARCA_67.3",-17.5317,-149.76135,"2018","Paracirrhites arcatus",5.72957795130823
"1283",1309,"Moorea","Vaiare1","B25","Forereef","3/11/18",14,300,"MOO18","80","MOO18_080","Cirrhitidae","Neocirrhites","armatus","NEOCARMA",83.2,66.6,6.755,"MOO18_080_NEOCARMA_83.2",-17.5317,-149.76135,"2018","Neocirrhites armatus",5.72957795130823
"1284",1310,"Moorea","Vaiare1","B25","Forereef","3/11/18",14,300,"MOO18","81","MOO18_081","Cirrhitidae","Neocirrhites","armatus","NEOCARMA",46.6,58.5,4.965,"MOO18_081_NEOCARMA_46.6",-17.5317,-149.76135,"2018","Neocirrhites armatus",5.72957795130823
"1285",1311,"Moorea","Vaiare1","B25","Forereef","3/11/18",14,300,"MOO18","82","MOO18_082","Cirrhitidae","Neocirrhites","armatus","NEOCARMA",40.4,51.4,2.76,"MOO18_082_NEOCARMA_40.4",-17.5317,-149.76135,"2018","Neocirrhites armatus",5.72957795130823
"1286",1312,"Moorea","Vaiare1","B25","Forereef","3/11/18",14,300,"MOO18","83","MOO18_083","Blenniidae","Cirripectes","variolosus","CIRRVARI",153.1,67.4,5.206,"MOO18_083_CIRRVARI_153.1",-17.5317,-149.76135,"2018","Cirripectes variolosus",5.72957795130823
"1287",1313,"Moorea","Vaiare1","B25","Forereef","3/11/18",14,300,"MOO18","84","MOO18_084","Pomacanthidae","Centropyge","bispinosa","CENTBISP",50.4,65.8,7.245,"MOO18_084_CENTBISP_50.4",-17.5317,-149.76135,"2018","Centropyge bispinosa",5.72957795130823
"1288",1314,"Moorea","Vaiare1","B25","Forereef","3/11/18",14,300,"MOO18","85","MOO18_085","Pomacanthidae","Centropyge","bispinosa","CENTBISP",41.6,53.4,4.364,"MOO18_085_CENTBISP_41.6",-17.5317,-149.76135,"2018","Centropyge bispinosa",5.72957795130823
"1289",1315,"Moorea","Vaiare1","B25","Forereef","3/11/18",14,300,"MOO18","86","MOO18_086","Platycephalidae","Onigocia","bimacula","ONIGBIMA",13.6,17.4,0.042,"MOO18_086_ONIGBIMA_13.6",-17.5317,-149.76135,"2018","Onigocia bimaculata",5.72957795130823
"1290",1316,"Moorea","Vaiare1","B25","Forereef","3/11/18",14,300,"MOO18","87","MOO18_087","Pomacentridae","Chromis","iomelas","CHROIOME",43.3,62.4,3.61,"MOO18_087_CHROIOME_43.3",-17.5317,-149.76135,"2018","Chromis iomelas",5.72957795130823
"1291",1317,"Moorea","Vaiare1","B25","Forereef","3/11/18",14,300,"MOO18","88","MOO18_088","Pomacentridae","Chromis","iomelas","CHROIOME",28.3,43.6,1.05,"MOO18_088_CHROIOME_28.3",-17.5317,-149.76135,"2018","Chromis iomelas",5.72957795130823
"1292",1318,"Moorea","Vaiare1","B25","Forereef","3/11/18",14,300,"MOO18","89","MOO18_089","Pomacentridae","Chromis","vanderbilti","CHROVAND",34.8,52.2,1.911,"MOO18_089_CHROVAND_34.8",-17.5317,-149.76135,"2018","Chromis vanderbilti",5.72957795130823
"1293",1319,"Moorea","Vaiare1","B25","Forereef","3/11/18",14,300,"MOO18","90","MOO18_090","Muraenidae","Gymnothorax","melatremus","GYMNMELA",68.4,68.9,0.402,"MOO18_090_GYMNMELA_68.4",-17.5317,-149.76135,"2018","Gymnothorax melatremus",5.72957795130823
"1294",1320,"Moorea","Vaiare1","B25","Forereef","3/11/18",14,300,"MOO18","91","MOO18_091","Muraenidae","Uropterygius","speA","UROPSPEA",62.9,63,0.271,"MOO18_091_UROPSPEA_62.9",-17.5317,-149.76135,"2018","Uropterygius speA",5.72957795130823
"1295",1321,"Moorea","Haumi1","B26","Forereef","3/11/18",13.5,270,"MOO18","92","MOO18_092","Tetraodontidae","Canthigaster","solandri","CANTSOLA",22.1,28.3,0.612,"MOO18_092_CANTSOLA_22.1",-17.56716,-149.7834,"2018","Canthigaster solandri",4.64095814055967
"1296",1322,"Moorea","Haumi1","B26","Forereef","3/11/18",13.5,270,"MOO18","93","MOO18_093","Labridae","Labroides","bicolor","LABRBICO",32.9,40.4,0.686,"MOO18_093_LABRBICO_32.9",-17.56716,-149.7834,"2018","Labroides bicolor",4.64095814055967
"1297",1323,"Moorea","Haumi1","B26","Forereef","3/11/18",13.5,270,"MOO18","94","MOO18_094","Pseudochromidae","Pseudoplesiops","revellei","PSEUREVE",30.8,37.7,0.607,"MOO18_094_PSEUREVE_30.8",-17.56716,-149.7834,"2018","Pseudoplesiops revellei",4.64095814055967
"1298",1324,"Moorea","Haumi1","B26","Forereef","3/11/18",13.5,270,"MOO18","95","MOO18_095","Pomacentridae","Chromis","iomelas","CHROIOME",34,54.7,1.704,"MOO18_095_CHROIOME_34",-17.56716,-149.7834,"2018","Chromis iomelas",4.64095814055967
"1299",1325,"Moorea","Haumi1","B26","Forereef","3/11/18",13.5,270,"MOO18","96","MOO18_096","Labridae","Pseudocheilinus","hexataenia","PSEUHEXA",25,33.1,0.644,"MOO18_096_PSEUHEXA_25",-17.56716,-149.7834,"2018","Pseudocheilinus hexataenia",4.64095814055967
"1300",1326,"Moorea","Haumi1","B26","Forereef","3/11/18",13.5,270,"MOO18","97","MOO18_097","Labridae","Pseudogramma","polyacanthum","PSEUPOLY",31.4,37.7,0.77,"MOO18_097_PSEUPOLY_31.4",-17.56716,-149.7834,"2018","Pseudogramma polyacanthum",4.64095814055967
"1301",1327,"Moorea","Haumi1","B26","Forereef","3/11/18",13.5,270,"MOO18","98","MOO18_098","Pomacanthidae","Centropyge","loricula","CENTLORI",20.4,27.2,0.56,"MOO18_098_CENTLORI_20.4",-17.56716,-149.7834,"2018","Centropyge loricula",4.64095814055967
"1302",1328,"Moorea","Haumi1","B26","Forereef","3/11/18",13.5,270,"MOO18","99","MOO18_099","Serranidae","Plectranthias","nanus","PLECNANU",14.2,18.2,0.093,"MOO18_099_PLECNANU_14.2",-17.56716,-149.7834,"2018","Plectranthias nanus",4.64095814055967
"1303",1329,"Moorea","Haumi1","B26","Forereef","3/11/18",13.5,270,"MOO18","100","MOO18_100","Serranidae","Pseudogramma","polyacanthum","PSEUPOLY",12.5,15.1,0.04,"MOO18_100_PSEUPOLY_12.5",-17.56716,-149.7834,"2018","Pseudogramma polyacanthum",4.64095814055967
"1304",1330,"Moorea","Haumi1","B26","Forereef","3/11/18",13.5,270,"MOO18","101","MOO18_101","Serranidae","Plectranthias","nanus","PLECNANU",10.6,13.7,0.042,"MOO18_101_PLECNANU_10.6",-17.56716,-149.7834,"2018","Plectranthias nanus",4.64095814055967
"1305",1331,"Moorea","Haumi1","B26","Forereef","3/11/18",13.5,270,"MOO18","102","MOO18_102","Gobiidae","Priolepis","compita","PRIOCOMP",11.4,14.9,0.031,"MOO18_102_PRIOCOMP_11.4",-17.56716,-149.7834,"2018","Priolepis compita",4.64095814055967
"1306",1332,"Moorea","Haumi1","B26","Forereef","3/11/18",13.5,270,"MOO18","103","MOO18_103","Gobiidae","Priolepis","compita","PRIOCOMP",11.2,14.2,0.028,"MOO18_103_PRIOCOMP_11.2",-17.56716,-149.7834,"2018","Priolepis compita",4.64095814055967
"1307",1333,"Moorea","Haumi1","B26","Forereef","3/11/18",13.5,270,"MOO18","104","MOO18_104","Gobiidae","Gobiidae","speA","GOBISPEA",10.6,12.9,0.026,"MOO18_104_GOBISPEA_10.6",-17.56716,-149.7834,"2018","Gobiidae speA",4.64095814055967
"1308",1334,"Moorea","Haumi1","B26","Forereef","3/11/18",13.5,270,"MOO18","105","MOO18_105","Gobiidae","Priolepis","compita","PRIOCOMP",10.3,12.5,0.018,"MOO18_105_PRIOCOMP_10.3",-17.56716,-149.7834,"2018","Priolepis compita",4.64095814055967
"1309",1335,"Moorea","Haumi1","B26","Forereef","3/11/18",13.5,270,"MOO18","106","MOO18_106","Tripterygiidae","Enneapterygius","pyramis","ENNEPYRA",11.7,14.1,0.032,"MOO18_106_ENNEPYRA_11.7",-17.56716,-149.7834,"2018","Enneapterygius pyramis",4.64095814055967
"1310",1336,"Moorea","Haumi1","B26","Forereef","3/11/18",13.5,270,"MOO18","107","MOO18_107","Holocentridae","Sargocentron","tiere","SARGTIER",81.1,106.9,20.704,"MOO18_107_SARGTIER_81.1",-17.56716,-149.7834,"2018","Sargocentron tiere",4.64095814055967
"1311",1337,"Moorea","Haumi1","B26","Forereef","3/11/18",13.5,270,"MOO18","108","MOO18_108","Holocentridae","Sargocentron","microstoma","SARGMICR",84.6,110.1,17.771,"MOO18_108_SARGMICR_84.6",-17.56716,-149.7834,"2018","Sargocentron microstoma",4.64095814055967
"1312",1339,"Moorea","Opunohu1","B27","Forereef","3/13/18",13.5,270,"MOO18","110","MOO18_110","Moringuidae","Moringua","speA","MORISPEA",102.6,103.6,1.005,"MOO18_110_MORISPEA_102.6",-17.48498,-149.85851,"2018","Moringua speA",4.64095814055967
"1313",1340,"Moorea","Opunohu1","B27","Forereef","3/13/18",13.5,270,"MOO18","111","MOO18_111","Gobiidae","Paragobiodon","modestus","PARAMODE",21,26.9,0.405,"MOO18_111_PARAMODE_21",-17.48498,-149.85851,"2018","Paragobiodon modestus",4.64095814055967
"1314",1341,"Moorea","Opunohu1","B27","Forereef","3/13/18",13.5,270,"MOO18","112","MOO18_112","Gobiidae","Paragobiodon","modestus","PARAMODE",20.8,26.4,0.418,"MOO18_112_PARAMODE_20.8",-17.48498,-149.85851,"2018","Paragobiodon modestus",4.64095814055967
"1315",1342,"Moorea","Opunohu1","B27","Forereef","3/13/18",13.5,270,"MOO18","113","MOO18_113","Gobiidae","Callogobius","speA","CALLSPEA",28.7,34.9,0.53,"MOO18_113_CALLSPEA_28.7",-17.48498,-149.85851,"2018","Callogobius speA",4.64095814055967
"1316",1343,"Moorea","Opunohu1","B27","Forereef","3/13/18",13.5,270,"MOO18","114","MOO18_114","Serranidae","Pseudogramma","polyacanthum","PSEUPOLY",38,46.5,1.247,"MOO18_114_PSEUPOLY_38",-17.48498,-149.85851,"2018","Pseudogramma polyacanthum",4.64095814055967
"1317",1344,"Moorea","Opunohu1","B27","Forereef","3/13/18",13.5,270,"MOO18","115","MOO18_115","Labridae","Pseudocheilinus","hexataenia","PSEUHEXA",25.8,34,0.666,"MOO18_115_PSEUHEXA_25.8",-17.48498,-149.85851,"2018","Pseudocheilinus hexataenia",4.64095814055967
"1318",1345,"Moorea","Opunohu1","B27","Forereef","3/13/18",13.5,270,"MOO18","116","MOO18_116","Scorpaenidae","Parascorpaena","mossambica","PARAMOSS",23.9,29.2,0.577,"MOO18_116_PARAMOSS_23.9",-17.48498,-149.85851,"2018","Parascorpaena mossambica",4.64095814055967
"1319",1346,"Moorea","Opunohu1","B27","Forereef","3/13/18",13.5,270,"MOO18","117","MOO18_117","Pomacanthidae","Centropyge","bispinosa","CENTBISP",23.8,31.2,0.69,"MOO18_117_CENTBISP_23.8",-17.48498,-149.85851,"2018","Centropyge bispinosa",4.64095814055967
"1320",1347,"Moorea","Opunohu1","B27","Forereef","3/13/18",13.5,270,"MOO18","118","MOO18_118","Serranidae","Plectranthias","nanus","PLECNANU",19.3,25,0.25,"MOO18_118_PLECNANU_19.3",-17.48498,-149.85851,"2018","Plectranthias nanus",4.64095814055967
"1321",1348,"Moorea","Opunohu1","B27","Forereef","3/13/18",13.5,270,"MOO18","119","MOO18_119","Scorpaenidae","Parascorpaena","mossambica","PARAMOSS",21.1,26.9,0.458,"MOO18_119_PARAMOSS_21.1",-17.48498,-149.85851,"2018","Parascorpaena mossambica",4.64095814055967
"1322",1349,"Moorea","Opunohu1","B27","Forereef","3/13/18",13.5,270,"MOO18","120","MOO18_120","Gobiidae","Paragobiodon","modestus","PARAMODE",18.1,23.2,0.277,"MOO18_120_PARAMODE_18.1",-17.48498,-149.85851,"2018","Paragobiodon modestus",4.64095814055967
"1323",1350,"Moorea","Opunohu1","B27","Forereef","3/13/18",13.5,270,"MOO18","121","MOO18_121","Gobiidae","Priolepis","compita","PRIOCOMP",11.6,14.6,0.037,"MOO18_121_PRIOCOMP_11.6",-17.48498,-149.85851,"2018","Priolepis compita",4.64095814055967
"1324",1351,"Moorea","Opunohu1","B27","Forereef","3/13/18",13.5,270,"MOO18","122","MOO18_122","Serranidae","Pseudogramma","polyacanthum","PSEUPOLY",14.6,17.8,0.066,"MOO18_122_PSEUPOLY_14.6",-17.48498,-149.85851,"2018","Pseudogramma polyacanthum",4.64095814055967
"1325",1352,"Moorea","Opunohu1","B27","Forereef","3/13/18",13.5,270,"MOO18","123","MOO18_123","Serranidae","Plectranthias","nanus","PLECNANU",11.3,14.5,0.051,"MOO18_123_PLECNANU_11.3",-17.48498,-149.85851,"2018","Plectranthias nanus",4.64095814055967
"1326",1353,"Moorea","Opunohu2","B28","Backreef","3/13/18",2,320,"MOO18","124","MOO18_124","Platycephalidae","Onigocia","bimacula","ONIGBIMA",97.4,121,12.286,"MOO18_124_ONIGBIMA_97.4",-17.49011,-149.8553,"2018","Onigocia bimaculata",6.51898646904403
"1327",1354,"Moorea","Opunohu2","B28","Backreef","3/13/18",2,320,"MOO18","125","MOO18_125","Soleidae","Aseraggodes","speA","ASERSPEA",55.4,69,3.337,"MOO18_125_ASERSPEA_55.4",-17.49011,-149.8553,"2018","Aseraggodes whitakeri",6.51898646904403
"1328",1355,"Moorea","Opunohu2","B28","Backreef","3/13/18",2,320,"MOO18","126","MOO18_126","Samaridae","Samariscus","triocellatus","SAMATRIO",25,31.5,0.285,"MOO18_126_SAMATRIO_25",-17.49011,-149.8553,"2018","Samariscus triocellatus",6.51898646904403
"1329",1356,"Moorea","Opunohu2","B28","Backreef","3/13/18",2,320,"MOO18","127","MOO18_127","Pomacentridae","Chromis","margaritifer","CHROMARG",51.3,78.1,5.953,"MOO18_127_CHROMARG_51.3",-17.49011,-149.8553,"2018","Chromis margaritifer",6.51898646904403
"1330",1357,"Moorea","Opunohu2","B28","Backreef","3/13/18",2,320,"MOO18","128","MOO18_128","Gobiidae","Priolepis","compita","PRIOCOMP",11.8,15,0.036,"MOO18_128_PRIOCOMP_11.8",-17.49011,-149.8553,"2018","Priolepis compita",6.51898646904403
"1331",1358,"Moorea","Opunohu2","B28","Backreef","3/13/18",2,320,"MOO18","129","MOO18_129","Gobiidae","Trimmatom","eviotops","TRIMEVIO",12.9,15.8,0.039,"MOO18_129_TRIMEVIO_12.9",-17.49011,-149.8553,"2018","Trimmatom eviotops",6.51898646904403
"1332",1359,"Moorea","Opunohu2","B28","Backreef","3/13/18",2,320,"MOO18","130","MOO18_130","Gobiidae","Trimmatom","eviotops","TRIMEVIO",12.9,15.8,0.04,"MOO18_130_TRIMEVIO_12.9",-17.49011,-149.8553,"2018","Trimmatom eviotops",6.51898646904403
"1333",1360,"Moorea","Opunohu2","B28","Backreef","3/13/18",2,320,"MOO18","131","MOO18_131","Gobiidae","Fusigobius","neophytus","FUSINEOP",31.2,40.9,0.66,"MOO18_131_FUSINEOP_31.2",-17.49011,-149.8553,"2018","Fusigobius neophytus",6.51898646904403
"1334",1361,"Moorea","Opunohu2","B28","Backreef","3/13/18",2,320,"MOO18","132","MOO18_132","Tripterygiidae","Enneapterygius","pyramis","ENNEPYRA",20.6,25.7,0.17,"MOO18_132_ENNEPYRA_20.6",-17.49011,-149.8553,"2018","Enneapterygius pyramis",6.51898646904403
"1335",1362,"Moorea","Opunohu2","B28","Backreef","3/13/18",2,320,"MOO18","133","MOO18_133","Gobiidae","Callogobius","speA","CALLSPEA",18.77,23.8,0.145,"MOO18_133_CALLSPEA_18.77",-17.49011,-149.8553,"2018","Callogobius speA",6.51898646904403
"1336",1363,"Moorea","Opunohu2","B28","Backreef","3/13/18",2,320,"MOO18","134","MOO18_134","Blenniidae","Glyptoparus","delicatulus","GLYPDELI",22.3,26.3,0.18,"MOO18_134_GLYPDELI_22.3",-17.49011,-149.8553,"2018","Glyptoparus delicatulus",6.51898646904403
"1337",1364,"Moorea","Opunohu2","B28","Backreef","3/13/18",2,320,"MOO18","135","MOO18_135","Scorpaenidae","Scorpaenodes","parvipinnis","SCORPARV",11.5,14.3,0.088,"MOO18_135_SCORPARV_11.5",-17.49011,-149.8553,"2018","Scorpaenodes parvipinnis",6.51898646904403
"1338",1365,"Moorea","Opunohu2","B28","Backreef","3/13/18",2,320,"MOO18","136","MOO18_136","Scorpaenidae","Scorpaenodes","scaber","SCORSCAB",11.4,14.9,0.061,"MOO18_136_SCORSCAB_11.4",-17.49011,-149.8553,"2018","Scorpaenodes scaber",6.51898646904403
"1339",1366,"Moorea","Opunohu2","B28","Backreef","3/13/18",2,320,"MOO18","137","MOO18_137","Gobiidae","Eviota","distigma","EVIODIST",13.5,18.7,0.082,"MOO18_137_EVIODIST_13.5",-17.49011,-149.8553,"2018","Eviota distigma",6.51898646904403
"1340",1367,"Moorea","Opunohu2","B28","Backreef","3/13/18",2,320,"MOO18","138","MOO18_138","Gobiidae","Eviota","distigma","EVIODIST",13.12,16.7,0.056,"MOO18_138_EVIODIST_13.12",-17.49011,-149.8553,"2018","Eviota distigma",6.51898646904403
"1341",1368,"Moorea","Opunohu2","B28","Backreef","3/13/18",2,320,"MOO18","139","MOO18_139","Gobiidae","Eviota","distigma","EVIODIST",11.6,16,0.051,"MOO18_139_EVIODIST_11.6",-17.49011,-149.8553,"2018","Eviota distigma",6.51898646904403
"1342",1369,"Moorea","Opunohu2","B28","Backreef","3/13/18",2,320,"MOO18","140","MOO18_140","Gobiidae","Pleurosicya","labiata","PLEULABI",13.3,16.8,0.049,"MOO18_140_PLEULABI_13.3",-17.49011,-149.8553,"2018","Pleurosicya labiata",6.51898646904403
"1343",1370,"Moorea","Opunohu2","B28","Backreef","3/13/18",2,320,"MOO18","141","MOO18_141","Gobiidae","Pleurosicya","labiata","PLEULABI",12.3,15.8,0.038,"MOO18_141_PLEULABI_12.3",-17.49011,-149.8553,"2018","Pleurosicya labiata",6.51898646904403
"1344",1371,"Moorea","Opunohu2","B28","Backreef","3/13/18",2,320,"MOO18","142","MOO18_142","Gobiidae","Pleurosicya","labiata","PLEULABI",11.3,13.1,0.023,"MOO18_142_PLEULABI_11.3",-17.49011,-149.8553,"2018","Pleurosicya labiata",6.51898646904403
"1345",1372,"Moorea","Opunohu2","B28","Backreef","3/13/18",2,320,"MOO18","143","MOO18_143","Gobiidae","Eviota","albolineata","EVIOALBO",16.9,21.4,0.112,"MOO18_143_EVIOALBO_16.9",-17.49011,-149.8553,"2018","Eviota albolineata",6.51898646904403
"1346",1373,"Moorea","Opunohu2","B28","Backreef","3/13/18",2,320,"MOO18","144","MOO18_144","Gobiidae","Eviota","albolineata","EVIOALBO",17.3,21.8,0.119,"MOO18_144_EVIOALBO_17.3",-17.49011,-149.8553,"2018","Eviota albolineata",6.51898646904403
"1347",1374,"Moorea","Opunohu2","B28","Backreef","3/13/18",2,320,"MOO18","145","MOO18_145","Blenniidae","Glyptoparus","delicatulus","GLYPDELI",16.7,20.2,0.081,"MOO18_145_GLYPDELI_16.7",-17.49011,-149.8553,"2018","Glyptoparus delicatulus",6.51898646904403
"1348",1375,"Moorea","Opunohu2","B28","Backreef","3/13/18",2,320,"MOO18","146","MOO18_146","Blenniidae","Glyptoparus","delicatulus","GLYPDELI",15.8,19.3,0.071,"MOO18_146_GLYPDELI_15.8",-17.49011,-149.8553,"2018","Glyptoparus delicatulus",6.51898646904403
"1349",1376,"Moorea","Opunohu2","B28","Backreef","3/13/18",2,320,"MOO18","147","MOO18_147","Tripterygiidae","Enneapterygius","pyramis","ENNEPYRA",12.3,15.5,0.028,"MOO18_147_ENNEPYRA_12.3",-17.49011,-149.8553,"2018","Enneapterygius pyramis",6.51898646904403
"1350",1377,"Moorea","Opunohu2","B28","Backreef","3/13/18",2,320,"MOO18","148","MOO18_148","Blenniidae","Glyptoparus","delicatulus","GLYPDELI",11,15.5,0.022,"MOO18_148_GLYPDELI_11",-17.49011,-149.8553,"2018","Glyptoparus delicatulus",6.51898646904403
"1351",1378,"Moorea","Opunohu2","B28","Backreef","3/13/18",2,320,"MOO18","149","MOO18_149","Tripterygiidae","Enneapterygius","pyramis","ENNEPYRA",20.5,24.9,0.17,"MOO18_149_ENNEPYRA_20.5",-17.49011,-149.8553,"2018","Enneapterygius pyramis",6.51898646904403
"1352",1379,"Moorea","Opunohu2","B28","Backreef","3/13/18",2,320,"MOO18","150","MOO18_150","Tripterygiidae","Enneapterygius","pyramis","ENNEPYRA",20.2,24.8,0.18,"MOO18_150_ENNEPYRA_20.2",-17.49011,-149.8553,"2018","Enneapterygius pyramis",6.51898646904403
"1353",1380,"Moorea","Opunohu2","B28","Backreef","3/13/18",2,320,"MOO18","151","MOO18_151","Tripterygiidae","Enneapterygius","pyramis","ENNEPYRA",20.3,26.3,0.174,"MOO18_151_ENNEPYRA_20.3",-17.49011,-149.8553,"2018","Enneapterygius pyramis",6.51898646904403
"1354",1381,"Moorea","Opunohu2","B28","Backreef","3/13/18",2,320,"MOO18","152","MOO18_152","Tripterygiidae","Enneapterygius","pyramis","ENNEPYRA",20.9,25.2,0.157,"MOO18_152_ENNEPYRA_20.9",-17.49011,-149.8553,"2018","Enneapterygius pyramis",6.51898646904403
"1355",1382,"Moorea","Opunohu2","B28","Backreef","3/13/18",2,320,"MOO18","153","MOO18_153","Tripterygiidae","Enneapterygius","pyramis","ENNEPYRA",19.7,24.3,0.144,"MOO18_153_ENNEPYRA_19.7",-17.49011,-149.8553,"2018","Enneapterygius pyramis",6.51898646904403
"1356",1383,"Moorea","Opunohu2","B28","Backreef","3/13/18",2,320,"MOO18","154","MOO18_154","Tripterygiidae","Enneapterygius","pyramis","ENNEPYRA",16.7,20.9,0.092,"MOO18_154_ENNEPYRA_16.7",-17.49011,-149.8553,"2018","Enneapterygius pyramis",6.51898646904403
"1357",1384,"Moorea","Opunohu2","B28","Backreef","3/13/18",2,320,"MOO18","155","MOO18_155","Syngnathidae","Doryrhamphus","excisus","DORYEXCI",41.7,47,0.123,"MOO18_155_DORYEXCI_41.7",-17.49011,-149.8553,"2018","Doryrhamphus excisus",6.51898646904403
"1358",1385,"Moorea","Opunohu2","B28","Backreef","3/13/18",2,320,"MOO18","156","MOO18_156","Syngnathidae","Doryrhamphus","excisus","DORYEXCI",38,43.5,0.1,"MOO18_156_DORYEXCI_38",-17.49011,-149.8553,"2018","Doryrhamphus excisus",6.51898646904403
"1359",1386,"Moorea","Opunohu2","B28","Backreef","3/13/18",2,320,"MOO18","157","MOO18_157","Syngnathidae","Choeroichthys ","speA","CHOESPEA",20.7,21.4,0.02,"MOO18_157_CHOESPEA_20.7",-17.49011,-149.8553,"2018","Choeroichthys brachysoma",6.51898646904403
"1360",1387,"Moorea","Opunohu2","B28","Backreef","3/13/18",2,320,"MOO18","158","MOO18_158","Gobiidae","Eviota","infulata","EVIOINFU",11.35,13.3,0.026,"MOO18_158_EVIOINFU_11.35",-17.49011,-149.8553,"2018","Eviota infulata",6.51898646904403
"1361",1388,"Moorea","Opunohu2","B28","Backreef","3/13/18",2,320,"MOO18","159","MOO18_159","Gobiidae","Eviota","afelei","EVIOAFEL",12.4,16,0.043,"MOO18_159_EVIOAFEL_12.4",-17.49011,-149.8553,"2018","Eviota afelei",6.51898646904403
"1362",1389,"Moorea","Opunohu2","B28","Backreef","3/13/18",2,320,"MOO18","160","MOO18_160","Gobiidae","Eviota","afelei","EVIOAFEL",11.3,14.1,0.031,"MOO18_160_EVIOAFEL_11.3",-17.49011,-149.8553,"2018","Eviota afelei",6.51898646904403
"1363",1390,"Moorea","Opunohu2","B28","Backreef","3/13/18",2,320,"MOO18","161","MOO18_161","Gobiidae","Eviota","cflatifasciata","EVIOCFLA",10.6,12.8,0.022,"MOO18_161_EVIOCFLA_10.6",-17.49011,-149.8553,"2018","Eviota cflatifasciata",6.51898646904403
"1364",1391,"Moorea","Opunohu2","B28","Backreef","3/13/18",2,320,"MOO18","162","MOO18_162","Gobiidae","Eviota","cflatifasciata","EVIOCFLA",10.7,12.8,0.028,"MOO18_162_EVIOCFLA_10.7",-17.49011,-149.8553,"2018","Eviota cflatifasciata",6.51898646904403
"1365",1392,"Moorea","Opunohu2","B28","Backreef","3/13/18",2,320,"MOO18","163","MOO18_163","Gobiidae","Eviota","cflatifasciata","EVIOCFLA",12.2,14.9,0.04,"MOO18_163_EVIOCFLA_12.2",-17.49011,-149.8553,"2018","Eviota cflatifasciata",6.51898646904403
"1366",1393,"Moorea","Opunohu2","B28","Backreef","3/13/18",2,320,"MOO18","164","MOO18_164","Gobiidae","Eviota","afelei","EVIOAFEL",11.2,13.9,0.037,"MOO18_164_EVIOAFEL_11.2",-17.49011,-149.8553,"2018","Eviota afelei",6.51898646904403
"1367",1394,"Moorea","Opunohu2","B28","Backreef","3/13/18",2,320,"MOO18","165","MOO18_165","Gobiidae","Eviota","cflatifasciata","EVIOCFLA",10.8,13,0.027,"MOO18_165_EVIOCFLA_10.8",-17.49011,-149.8553,"2018","Eviota cflatifasciata",6.51898646904403
"1368",1395,"Moorea","Opunohu2","B28","Backreef","3/13/18",2,320,"MOO18","166","MOO18_166","Gobiidae","Eviota","cflatifasciata","EVIOCFLA",11,13.3,0.027,"MOO18_166_EVIOCFLA_11",-17.49011,-149.8553,"2018","Eviota cflatifasciata",6.51898646904403
"1369",1396,"Moorea","Opunohu2","B28","Backreef","3/13/18",2,320,"MOO18","167","MOO18_167","Gobiidae","Eviota","speA","EVIOSPEA",7.7,9.6,0.07,"MOO18_167_EVIOSPEA_7.7",-17.49011,-149.8553,"2018","Eviota speA",6.51898646904403
"1370",1397,"Moorea","Opunohu2","B28","Backreef","3/13/18",2,320,"MOO18","168","MOO18_168","Gobiidae","Eviota","speA","EVIOSPEA",7.3,8.6,0.06,"MOO18_168_EVIOSPEA_7.3",-17.49011,-149.8553,"2018","Eviota speA",6.51898646904403
"1371",1398,"Moorea","Opunohu2","B28","Backreef","3/13/18",2,320,"MOO18","169","MOO18_169","Gobiidae","Eviota","speA","EVIOSPEA",6.5,7.7,0.05,"MOO18_169_EVIOSPEA_6.5",-17.49011,-149.8553,"2018","Eviota speA",6.51898646904403
"1372",1399,"Moorea","Opunohu2","B28","Backreef","3/13/18",2,320,"MOO18","170","MOO18_170","Muraenidae","Gymnothorax","speA","GYMNSPEA",112.6,113.8,2.9,"MOO18_170_GYMNSPEA_112.6",-17.49011,-149.8553,"2018","Gymnothorax speA",6.51898646904403
"1373",1400,"Moorea","Opunohu2","B28","Backreef","3/13/18",2,320,"MOO18","171","MOO18_171","Muraenidae","Gymnothorax","speA","GYMNSPEA",103.2,104.7,0.915,"MOO18_171_GYMNSPEA_103.2",-17.49011,-149.8553,"2018","Gymnothorax speA",6.51898646904403
"1374",1401,"Moorea","Opunohu2","B28","Backreef","3/13/18",2,320,"MOO18","172","MOO18_172","Muraenidae","Uropterygius","speA","UROPSPEA",45.5,46.3,0.118,"MOO18_172_UROPSPEA_45.5",-17.49011,-149.8553,"2018","Uropterygius speA",6.51898646904403
"1375",1403,"Moorea","FareAute2","B29","Backreef","3/14/18",2.1,300,"MOO18","174","MOO18_174","Syngnathidae","Corythoichthys","flavofasciatus","CORYFLAV",59.7,61.3,0.122,"MOO18_174_CORYFLAV_59.7",-17.60074,-149.82327,"2018","Corythoichthys flavofasciatus",5.72957795130823
"1376",1404,"Moorea","FareAute2","B29","Backreef","3/14/18",2.1,300,"MOO18","175","MOO18_175","Serranidae","Pseudogramma","polyacanthum","PSEUPOLY",34.4,42.7,1.192,"MOO18_175_PSEUPOLY_34.4",-17.60074,-149.82327,"2018","Pseudogramma polyacanthum",5.72957795130823
"1377",1405,"Moorea","FareAute2","B29","Backreef","3/14/18",2.1,300,"MOO18","176","MOO18_176","Blenniidae","Enchelyurus","ater","ENCHATER",23.4,28.8,0.228,"MOO18_176_ENCHATER_23.4",-17.60074,-149.82327,"2018","Enchelyurus ater",5.72957795130823
"1378",1406,"Moorea","FareAute2","B29","Backreef","3/14/18",2.1,300,"MOO18","177","MOO18_177","Blenniidae","Enchelyurus","ater","ENCHATER",23.1,28.2,0.23,"MOO18_177_ENCHATER_23.1",-17.60074,-149.82327,"2018","Enchelyurus ater",5.72957795130823
"1379",1407,"Moorea","FareAute2","B29","Backreef","3/14/18",2.1,300,"MOO18","178","MOO18_178","Apogonidae","Ostorhinchus","angustatus","OSTOANGU",37.3,45.1,1.268,"MOO18_178_OSTOANGU_37.3",-17.60074,-149.82327,"2018","Ostorhinchus angustatus",5.72957795130823
"1380",1408,"Moorea","FareAute2","B29","Backreef","3/14/18",2.1,300,"MOO18","179","MOO18_179","Apogonidae","Ostorhinchus","angustatus","OSTOANGU",30.1,38,0.666,"MOO18_179_OSTOANGU_30.1",-17.60074,-149.82327,"2018","Ostorhinchus angustatus",5.72957795130823
"1381",1409,"Moorea","FareAute2","B29","Backreef","3/14/18",2.1,300,"MOO18","180","MOO18_180","Labridae","Pseudocheilinus","hexataenia","PSEUHEXA",21.7,27.1,0.345,"MOO18_180_PSEUHEXA_21.7",-17.60074,-149.82327,"2018","Pseudocheilinus hexataenia",5.72957795130823
"1382",1410,"Moorea","FareAute2","B29","Backreef","3/14/18",2.1,300,"MOO18","181","MOO18_181","Tetraodontidae","Canthigaster","solandri","CANTSOLA",37.8,49.2,2.473,"MOO18_181_CANTSOLA_37.8",-17.60074,-149.82327,"2018","Canthigaster solandri",5.72957795130823
"1383",1411,"Moorea","FareAute2","B29","Backreef","3/14/18",2.1,300,"MOO18","182","MOO18_182","Gobiidae","Priolepis","squamogena","PRIOSQUA",24.5,31.4,0.343,"MOO18_182_PRIOSQUA_24.5",-17.60074,-149.82327,"2018","Priolepis squamogena",5.72957795130823
"1384",1412,"Moorea","FareAute2","B29","Backreef","3/14/18",2.1,300,"MOO18","183","MOO18_183","Gobiidae","Priolepis","squamogena","PRIOSQUA",24.2,31.2,0.352,"MOO18_183_PRIOSQUA_24.2",-17.60074,-149.82327,"2018","Priolepis squamogena",5.72957795130823
"1385",1413,"Moorea","FareAute2","B29","Backreef","3/14/18",2.1,300,"MOO18","184","MOO18_184","Scorpaenidae","Scorpaenodes","scaber","SCORSCAB",18.9,25,0.271,"MOO18_184_SCORSCAB_18.9",-17.60074,-149.82327,"2018","Scorpaenodes scaber",5.72957795130823
"1386",1414,"Moorea","FareAute2","B29","Backreef","3/14/18",2.1,300,"MOO18","185","MOO18_185","Scorpaenidae","Sebastapistes","strongia","SEBASTRO",13,17,0.103,"MOO18_185_SEBASTRO_13",-17.60074,-149.82327,"2018","Sebastapistes strongia",5.72957795130823
"1387",1415,"Moorea","FareAute2","B29","Backreef","3/14/18",2.1,300,"MOO18","186","MOO18_186","Scorpaenidae","Scorpaenodes","scaber","SCORSCAB",16.5,21.9,0.175,"MOO18_186_SCORSCAB_16.5",-17.60074,-149.82327,"2018","Scorpaenodes scaber",5.72957795130823
"1388",1416,"Moorea","FareAute2","B29","Backreef","3/14/18",2.1,300,"MOO18","187","MOO18_187","Apogonidae","Apogon","crassiceps","APOGCRAS",19.5,26,0.234,"MOO18_187_APOGCRAS_19.5",-17.60074,-149.82327,"2018","Apogon crassiceps",5.72957795130823
"1389",1417,"Moorea","FareAute2","B29","Backreef","3/14/18",2.1,300,"MOO18","188","MOO18_188","Syngnathidae","Corythoichthys","flavofasciatus","CORYFLAV",54,56.4,0.072,"MOO18_188_CORYFLAV_54",-17.60074,-149.82327,"2018","Corythoichthys flavofasciatus",5.72957795130823
"1390",1418,"Moorea","FareAute2","B29","Backreef","3/14/18",2.1,300,"MOO18","189","MOO18_189","Tripterygiidae","Enneapterygius","pyramis","ENNEPYRA",22.3,27.7,0.248,"MOO18_189_ENNEPYRA_22.3",-17.60074,-149.82327,"2018","Enneapterygius pyramis",5.72957795130823
"1391",1419,"Moorea","FareAute2","B29","Backreef","3/14/18",2.1,300,"MOO18","190","MOO18_190","Gobiidae","Cabillus","tongarevae","CABITONG",20.4,25.3,0.182,"MOO18_190_CABITONG_20.4",-17.60074,-149.82327,"2018","Cabillus tongarevae",5.72957795130823
"1392",1420,"Moorea","FareAute2","B29","Backreef","3/14/18",2.1,300,"MOO18","191","MOO18_191","Syngnathidae","Choeroichthys ","speA","CHOESPEA",16.5,17.7,0.006,"MOO18_191_CHOESPEA_16.5",-17.60074,-149.82327,"2018","Choeroichthys brachysoma",5.72957795130823
"1393",1421,"Moorea","FareAute2","B29","Backreef","3/14/18",2.1,300,"MOO18","192","MOO18_192","Apogonidae","Ostorhinchus","angustatus","OSTOANGU",15.9,20.7,0.094,"MOO18_192_OSTOANGU_15.9",-17.60074,-149.82327,"2018","Ostorhinchus angustatus",5.72957795130823
"1394",1422,"Moorea","FareAute2","B29","Backreef","3/14/18",2.1,300,"MOO18","193","MOO18_193","Gobiidae","Gnatholepis","cauerensis","GNATCAUE",23.2,30.2,0.261,"MOO18_193_GNATCAUE_23.2",-17.60074,-149.82327,"2018","Gnatholepis cauerensis",5.72957795130823
"1395",1423,"Moorea","FareAute2","B29","Backreef","3/14/18",2.1,300,"MOO18","194","MOO18_194","Gobiidae","Priolepis","triops","PRIOTRIO",13.9,17.9,0.056,"MOO18_194_PRIOTRIO_13.9",-17.60074,-149.82327,"2018","Priolepis triops",5.72957795130823
"1396",1424,"Moorea","FareAute2","B29","Backreef","3/14/18",2.1,300,"MOO18","195","MOO18_195","Gobiidae","Eviota","albolineata","EVIOALBO",16.5,21.4,0.119,"MOO18_195_EVIOALBO_16.5",-17.60074,-149.82327,"2018","Eviota albolineata",5.72957795130823
"1397",1425,"Moorea","FareAute2","B29","Backreef","3/14/18",2.1,300,"MOO18","196","MOO18_196","Creediidae","Limnichthys","nitidus","LIMNNITI",17.4,20.5,0.043,"MOO18_196_LIMNNITI_17.4",-17.60074,-149.82327,"2018","Limnichthys nitidus",5.72957795130823
"1398",1426,"Moorea","FareAute2","B29","Backreef","3/14/18",2.1,300,"MOO18","197","MOO18_197","Gobiidae","Pleurosicya","labiata","PLEULABI",12.6,15.7,0.041,"MOO18_197_PLEULABI_12.6",-17.60074,-149.82327,"2018","Pleurosicya labiata",5.72957795130823
"1399",1427,"Moorea","FareAute2","B29","Backreef","3/14/18",2.1,300,"MOO18","198","MOO18_198","Blenniidae","Glyptoparus","delicatulus","GLYPDELI",24.8,29.4,0.236,"MOO18_198_GLYPDELI_24.8",-17.60074,-149.82327,"2018","Glyptoparus delicatulus",5.72957795130823
"1400",1428,"Moorea","FareAute2","B29","Backreef","3/14/18",2.1,300,"MOO18","199","MOO18_199","Gobiidae","Fusigobius","neophytus","FUSINEOP",52.6,30.5,0.286,"MOO18_199_FUSINEOP_23.9",-17.60074,-149.82327,"2018","Fusigobius neophytus",5.72957795130823
"1401",1429,"Moorea","FareAute2","B29","Backreef","3/14/18",2.1,300,"MOO18","200","MOO18_200","Muraenidae","Uropterygius","xanthopterus","UROPALBO",16.8,53.7,0.23,"MOO18_200_UROPALBO_18.4",-17.60074,-149.82327,"2018","Uropterygius xanthopterus",5.72957795130823
"1402",1430,"Moorea","FareAute2","B29","Backreef","3/14/18",2.1,300,"MOO18","201","MOO18_201","Gobiidae","Fusigobius","neophytus","FUSINEOP",16.9,20.5,0.084,"MOO18_201_FUSINEOP_11.7",-17.60074,-149.82327,"2018","Fusigobius neophytus",5.72957795130823
"1403",1431,"Moorea","FareAute2","B29","Backreef","3/14/18",2.1,300,"MOO18","202","MOO18_202","Gobiidae","Eviota","albolineata","EVIOALBO",21.8,20.6,0.11,"MOO18_202_EVIOALBO_10",-17.60074,-149.82327,"2018","Eviota albolineata",5.72957795130823
"1404",1432,"Moorea","FareAute2","B29","Backreef","3/14/18",2.1,300,"MOO18","203","MOO18_203","Tripterygiidae","Enneapterygius","pyramis","ENNEPYRA",23.9,26.6,0.205,"MOO18_203_ENNEPYRA_23.9",-17.60074,-149.82327,"2018","Enneapterygius pyramis",5.72957795130823
"1405",1433,"Moorea","FareAute2","B29","Backreef","3/14/18",2.1,300,"MOO18","204","MOO18_204","Tripterygiidae","Enneapterygius","pyramis","ENNEPYRA",23.9,29.7,0.319,"MOO18_204_ENNEPYRA_23.9",-17.60074,-149.82327,"2018","Enneapterygius pyramis",5.72957795130823
"1406",1434,"Moorea","FareAute2","B29","Backreef","3/14/18",2.1,300,"MOO18","205","MOO18_205","Tripterygiidae","Enneapterygius","pyramis","ENNEPYRA",18.4,23.3,0.13,"MOO18_205_ENNEPYRA_18.4",-17.60074,-149.82327,"2018","Enneapterygius pyramis",5.72957795130823
"1407",1435,"Moorea","FareAute2","B29","Backreef","3/14/18",2.1,300,"MOO18","206","MOO18_206","Gobiidae","Eviota","cflatifasciata","EVIOCFLA",11.7,14.5,0.033,"MOO18_206_EVIOCFLA_11.7",-17.60074,-149.82327,"2018","Eviota cflatifasciata",5.72957795130823
"1408",1436,"Moorea","FareAute2","B29","Backreef","3/14/18",2.1,300,"MOO18","207","MOO18_207","Gobiidae","Eviota","afelei","EVIOAFEL",10,12.9,0.029,"MOO18_207_EVIOAFEL_10",-17.60074,-149.82327,"2018","Eviota afelei",5.72957795130823
"1409",1437,"Moorea","FareAute2","B29","Backreef","3/14/18",2.1,300,"MOO18","208","MOO18_208","Gobiidae","Eviota","speA","EVIOSPEA",10.4,13.6,0.025,"MOO18_208_EVIOSPEA_10.4",-17.60074,-149.82327,"2018","Eviota speA",5.72957795130823
"1410",1438,"Moorea","FareAute2","B29","Backreef","3/14/18",2.1,300,"MOO18","209","MOO18_209","Gobiidae","Eviota","afelei","EVIOAFEL",11.7,14.4,0.039,"MOO18_209_EVIOAFEL_11.7",-17.60074,-149.82327,"2018","Eviota afelei",5.72957795130823
"1411",1439,"Moorea","FareAute2","B29","Backreef","3/14/18",2.1,300,"MOO18","210","MOO18_210","Gobiidae","Eviota","afelei","EVIOAFEL",11.8,15,0.043,"MOO18_210_EVIOAFEL_11.8",-17.60074,-149.82327,"2018","Eviota afelei",5.72957795130823
"1412",1440,"Moorea","FareAute2","B29","Backreef","3/14/18",2.1,300,"MOO18","211","MOO18_211","Gobiidae","Eviota","afelei","EVIOAFEL",11.2,13.6,0.036,"MOO18_211_EVIOAFEL_11.2",-17.60074,-149.82327,"2018","Eviota afelei",5.72957795130823
"1413",1441,"Moorea","FareAute2","B29","Backreef","3/14/18",2.1,300,"MOO18","212","MOO18_212","Gobiidae","Eviota","afelei","EVIOAFEL",11.7,14.5,0.036,"MOO18_212_EVIOAFEL_11.8",-17.60074,-149.82327,"2018","Eviota afelei",5.72957795130823
"1414",1442,"Moorea","FareAute2","B29","Backreef","3/14/18",2.1,300,"MOO18","213","MOO18_213","Gobiidae","Eviota","afelei","EVIOAFEL",11.8,15,0.043,"MOO18_213_EVIOAFEL_10.5",-17.60074,-149.82327,"2018","Eviota afelei",5.72957795130823
"1415",1443,"Moorea","FareAute2","B29","Backreef","3/14/18",2.1,300,"MOO18","214","MOO18_214","Gobiidae","Eviota","afelei","EVIOAFEL",10.5,13.3,0.028,"MOO18_214_EVIOAFEL_10.3",-17.60074,-149.82327,"2018","Eviota afelei",5.72957795130823
"1416",1444,"Moorea","FareAute2","B29","Backreef","3/14/18",2.1,300,"MOO18","215","MOO18_215","Gobiidae","Eviota","afelei","EVIOAFEL",10.3,13.6,0.03,"MOO18_215_EVIOAFEL_10.5",-17.60074,-149.82327,"2018","Eviota afelei",5.72957795130823
"1417",1445,"Moorea","FareAute2","B29","Backreef","3/14/18",2.1,300,"MOO18","216","MOO18_216","Gobiidae","Eviota","afelei","EVIOAFEL",10.5,13.1,0.028,"MOO18_216_EVIOAFEL_6.8",-17.60074,-149.82327,"2018","Eviota afelei",5.72957795130823
"1418",1446,"Moorea","FareAute2","B29","Backreef","3/14/18",2.1,300,"MOO18","217","MOO18_217","Gobiidae","Eviota","afelei","EVIOAFEL",6.8,8.5,0.006,"MOO18_217_EVIOAFEL_6.5",-17.60074,-149.82327,"2018","Eviota afelei",5.72957795130823
"1419",1447,"Moorea","FareAute2","B29","Backreef","3/14/18",2.1,300,"MOO18","218","MOO18_218","Gobiidae","Eviota","afelei","EVIOAFEL",6.5,7.6,0.002,"MOO18_218_EVIOAFEL_22.7",-17.60074,-149.82327,"2018","Eviota afelei",5.72957795130823
"1420",1448,"Moorea","FareAute2","B29","Backreef","3/14/18",2.1,300,"MOO18","219","MOO18_219","Blenniidae","Glyptoparus","delicatulus","GLYPDELI",22.7,27.4,0.222,"MOO18_219_GLYPDELI_20.4",-17.60074,-149.82327,"2018","Glyptoparus delicatulus",5.72957795130823
"1421",1449,"Moorea","FareAute2","B29","Backreef","3/14/18",2.1,300,"MOO18","220","MOO18_220","Blenniidae","Glyptoparus","delicatulus","GLYPDELI",20.4,24.2,0.148,"MOO18_220_GLYPDELI_25.4",-17.60074,-149.82327,"2018","Glyptoparus delicatulus",5.72957795130823
"1422",1450,"Moorea","FareAute2","B29","Backreef","3/14/18",2.1,300,"MOO18","221","MOO18_221","Blenniidae","Glyptoparus","delicatulus","GLYPDELI",25.4,30.7,0.329,"MOO18_221_GLYPDELI_20.8",-17.60074,-149.82327,"2018","Glyptoparus delicatulus",5.72957795130823
"1423",1451,"Moorea","FareAute2","B29","Backreef","3/14/18",2.1,300,"MOO18","222","MOO18_222","Blenniidae","Glyptoparus","delicatulus","GLYPDELI",20.8,24.4,0.169,"MOO18_222_GLYPDELI_26.8",-17.60074,-149.82327,"2018","Glyptoparus delicatulus",5.72957795130823
"1424",1452,"Moorea","FareAute2","B29","Backreef","3/14/18",2.1,300,"MOO18","223","MOO18_223","Blenniidae","Glyptoparus","delicatulus","GLYPDELI",26.8,30.8,0.308,"MOO18_223_GLYPDELI_22.9",-17.60074,-149.82327,"2018","Glyptoparus delicatulus",5.72957795130823
"1425",1453,"Moorea","FareAute2","B29","Backreef","3/14/18",2.1,300,"MOO18","224","MOO18_224","Blenniidae","Glyptoparus","delicatulus","GLYPDELI",22.9,27.8,0.22,"MOO18_224_GLYPDELI_19.1",-17.60074,-149.82327,"2018","Glyptoparus delicatulus",5.72957795130823
"1426",1454,"Moorea","FareAute2","B29","Backreef","3/14/18",2.1,300,"MOO18","225","MOO18_225","Blenniidae","Glyptoparus","delicatulus","GLYPDELI",21.2,25.5,0.188,"MOO18_225_GLYPDELI_19.8",-17.60074,-149.82327,"2018","Glyptoparus delicatulus",5.72957795130823
"1427",1455,"Moorea","FareAute2","B29","Backreef","3/14/18",2.1,300,"MOO18","226","MOO18_226","Blenniidae","Glyptoparus","delicatulus","GLYPDELI",22.9,27.5,0.186,"MOO18_226_GLYPDELI_20.4",-17.60074,-149.82327,"2018","Glyptoparus delicatulus",5.72957795130823
"1428",1456,"Moorea","FareAute2","B29","Backreef","3/14/18",2.1,300,"MOO18","227","MOO18_227","Blenniidae","Glyptoparus","delicatulus","GLYPDELI",19.1,23.4,0.122,"MOO18_227_GLYPDELI_18.8",-17.60074,-149.82327,"2018","Glyptoparus delicatulus",5.72957795130823
"1429",1457,"Moorea","FareAute2","B29","Backreef","3/14/18",2.1,300,"MOO18","228","MOO18_228","Blenniidae","Glyptoparus","delicatulus","GLYPDELI",19.8,24,0.142,"MOO18_228_GLYPDELI_21.3",-17.60074,-149.82327,"2018","Glyptoparus delicatulus",5.72957795130823
"1430",1458,"Moorea","FareAute2","B29","Backreef","3/14/18",2.1,300,"MOO18","229","MOO18_229","Blenniidae","Glyptoparus","delicatulus","GLYPDELI",20.4,23.9,0.146,"MOO18_229_GLYPDELI_16.1",-17.60074,-149.82327,"2018","Glyptoparus delicatulus",5.72957795130823
"1431",1459,"Moorea","FareAute2","B29","Backreef","3/14/18",2.1,300,"MOO18","230","MOO18_230","Blenniidae","Glyptoparus","delicatulus","GLYPDELI",18.8,23.2,0.144,"MOO18_230_GLYPDELI_11.4",-17.60074,-149.82327,"2018","Glyptoparus delicatulus",5.72957795130823
"1432",1460,"Moorea","FareAute2","B29","Backreef","3/14/18",2.1,300,"MOO18","231","MOO18_231","Blenniidae","Glyptoparus","delicatulus","GLYPDELI",21.3,25.1,0.173,"MOO18_231_GLYPDELI_10.3",-17.60074,-149.82327,"2018","Glyptoparus delicatulus",5.72957795130823
"1433",1461,"Moorea","FareAute2","B29","Backreef","3/14/18",2.1,300,"MOO18","232","MOO18_232","Blenniidae","Glyptoparus","delicatulus","GLYPDELI",16.1,19.1,0.081,"MOO18_232_GLYPDELI_18.5",-17.60074,-149.82327,"2018","Glyptoparus delicatulus",5.72957795130823
"1434",1462,"Moorea","FareAute2","B29","Backreef","3/14/18",2.1,300,"MOO18","233","MOO18_233","Blenniidae","Glyptoparus","delicatulus","GLYPDELI",11.4,13.7,0.02,"MOO18_233_GLYPDELI_19.9",-17.60074,-149.82327,"2018","Glyptoparus delicatulus",5.72957795130823
"1435",1463,"Moorea","FareAute2","B29","Backreef","3/14/18",2.1,300,"MOO18","234","MOO18_234","Blenniidae","Glyptoparus","delicatulus","GLYPDELI",10.3,13,0.021,"MOO18_234_GLYPDELI_17.5",-17.60074,-149.82327,"2018","Glyptoparus delicatulus",5.72957795130823
"1436",1464,"Moorea","FareAute2","B29","Backreef","3/14/18",2.1,300,"MOO18","235","MOO18_235","Gobiidae","Eviota","albolineata","EVIOALBO",18.5,23.4,0.136,"MOO18_235_EVIOALBO_14.9",-17.60074,-149.82327,"2018","Eviota albolineata",5.72957795130823
"1437",1465,"Moorea","FareAute2","B29","Backreef","3/14/18",2.1,300,"MOO18","236","MOO18_236","Gobiidae","Eviota","albolineata","EVIOALBO",19.9,25,0.193,"MOO18_236_EVIOALBO_17",-17.60074,-149.82327,"2018","Eviota albolineata",5.72957795130823
"1438",1466,"Moorea","FareAute2","B29","Backreef","3/14/18",2.1,300,"MOO18","237","MOO18_237","Gobiidae","Eviota","albolineata","EVIOALBO",17.5,23.1,0.16,"MOO18_237_EVIOALBO_18.6",-17.60074,-149.82327,"2018","Eviota albolineata",5.72957795130823
"1439",1467,"Moorea","FareAute2","B29","Backreef","3/14/18",2.1,300,"MOO18","238","MOO18_238","Gobiidae","Eviota","albolineata","EVIOALBO",14.9,18.4,0.072,"MOO18_238_EVIOALBO_18.5",-17.60074,-149.82327,"2018","Eviota albolineata",5.72957795130823
"1440",1468,"Moorea","FareAute2","B29","Backreef","3/14/18",2.1,300,"MOO18","239","MOO18_239","Gobiidae","Eviota","albolineata","EVIOALBO",17,21.9,0.134,"MOO18_239_EVIOALBO_19.8",-17.60074,-149.82327,"2018","Eviota albolineata",5.72957795130823
"1441",1469,"Moorea","FareAute2","B29","Backreef","3/14/18",2.1,300,"MOO18","240","MOO18_240","Gobiidae","Eviota","albolineata","EVIOALBO",18.6,22.7,0.141,"MOO18_240_EVIOALBO_13.3",-17.60074,-149.82327,"2018","Eviota albolineata",5.72957795130823
"1442",1470,"Moorea","FareAute2","B29","Backreef","3/14/18",2.1,300,"MOO18","241","MOO18_241","Gobiidae","Eviota","albolineata","EVIOALBO",18.5,24.8,0.185,"MOO18_241_EVIOALBO_12",-17.60074,-149.82327,"2018","Eviota albolineata",5.72957795130823
"1443",1471,"Moorea","FareAute2","B29","Backreef","3/14/18",2.1,300,"MOO18","242","MOO18_242","Gobiidae","Eviota","albolineata","EVIOALBO",19.8,25.7,0.199,"MOO18_242_EVIOALBO_17.7",-17.60074,-149.82327,"2018","Eviota albolineata",5.72957795130823
"1444",1472,"Moorea","FareAute2","B29","Backreef","3/14/18",2.1,300,"MOO18","243","MOO18_243","Gobiidae","Eviota","albolineata","EVIOALBO",13.3,15.2,0.029,"MOO18_243_EVIOALBO_13.3",-17.60074,-149.82327,"2018","Eviota albolineata",5.72957795130823
"1445",1473,"Moorea","FareAute2","B29","Backreef","3/14/18",2.1,300,"MOO18","244","MOO18_244","Gobiidae","Eviota","albolineata","EVIOALBO",12,15.2,0.032,"MOO18_244_EVIOALBO_12",-17.60074,-149.82327,"2018","Eviota albolineata",5.72957795130823
"1446",1474,"Moorea","FareAute2","B29","Backreef","3/14/18",2.1,300,"MOO18","245","MOO18_245","Gobiidae","Eviota","albolineata","EVIOALBO",17.7,21.4,0.112,"MOO18_245_EVIOALBO_17.7",-17.60074,-149.82327,"2018","Eviota albolineata",5.72957795130823
"1447",1475,"Moorea","FareAute2","B29","Backreef","3/14/18",2.1,300,"MOO18","246","MOO18_246","Gobiidae","Eviota","albolineata","EVIOALBO",16.7,21.7,0.112,"MOO18_246_EVIOALBO_16.7",-17.60074,-149.82327,"2018","Eviota albolineata",5.72957795130823
"1448",1476,"Moorea","FareAute2","B29","Backreef","3/14/18",2.1,300,"MOO18","247","MOO18_247","Gobiidae","Eviota","albolineata","EVIOALBO",18,21.9,0.122,"MOO18_247_EVIOALBO_18",-17.60074,-149.82327,"2018","Eviota albolineata",5.72957795130823
"1449",1477,"Moorea","FareAute2","B29","Backreef","3/14/18",2.1,300,"MOO18","248","MOO18_248","Gobiidae","Eviota","albolineata","EVIOALBO",18.5,23.3,0.155,"MOO18_248_EVIOALBO_18.5",-17.60074,-149.82327,"2018","Eviota albolineata",5.72957795130823
"1450",1478,"Moorea","FareAute2","B29","Backreef","3/14/18",2.1,300,"MOO18","249","MOO18_249","Gobiidae","Eviota","albolineata","EVIOALBO",17.6,22.1,0.132,"MOO18_249_EVIOALBO_17.6",-17.60074,-149.82327,"2018","Eviota albolineata",5.72957795130823
"1451",1479,"Moorea","FareAute2","B29","Backreef","3/14/18",2.1,300,"MOO18","250","MOO18_250","Gobiidae","Eviota","albolineata","EVIOALBO",16.8,20.3,0.111,"MOO18_250_EVIOALBO_16.8",-17.60074,-149.82327,"2018","Eviota albolineata",5.72957795130823
"1452",1480,"Moorea","FareAute2","B29","Backreef","3/14/18",2.1,300,"MOO18","251","MOO18_251","Gobiidae","Eviota","albolineata","EVIOALBO",18.8,22.6,0.151,"MOO18_251_EVIOALBO_18.8",-17.60074,-149.82327,"2018","Eviota albolineata",5.72957795130823
"1453",1481,"Moorea","FareAute2","B29","Backreef","3/14/18",2.1,300,"MOO18","252","MOO18_252","Gobiidae","Eviota","albolineata","EVIOALBO",17,21.8,0.114,"MOO18_252_EVIOALBO_17",-17.60074,-149.82327,"2018","Eviota albolineata",5.72957795130823
"1454",1482,"Moorea","FareAute2","B29","Backreef","3/14/18",2.1,300,"MOO18","253","MOO18_253","Gobiidae","Eviota","albolineata","EVIOALBO",19.7,23.9,0.195,"MOO18_253_EVIOALBO_19.7",-17.60074,-149.82327,"2018","Eviota albolineata",5.72957795130823
"1455",1483,"Moorea","FareAute2","B29","Backreef","3/14/18",2.1,300,"MOO18","254","MOO18_254","Gobiidae","Eviota","albolineata","EVIOALBO",16.7,20.9,0.12,"MOO18_254_EVIOALBO_16.7",-17.60074,-149.82327,"2018","Eviota albolineata",5.72957795130823
"1456",1484,"Moorea","FareAute2","B29","Backreef","3/14/18",2.1,300,"MOO18","255","MOO18_255","Gobiidae","Eviota","albolineata","EVIOALBO",15.8,19.4,0.083,"MOO18_255_EVIOALBO_15.8",-17.60074,-149.82327,"2018","Eviota albolineata",5.72957795130823
"1457",1485,"Moorea","FareAute2","B29","Backreef","3/14/18",2.1,300,"MOO18","256","MOO18_256","Gobiidae","Eviota","albolineata","EVIOALBO",17.4,21.9,0.13,"MOO18_256_EVIOALBO_17.4",-17.60074,-149.82327,"2018","Eviota albolineata",5.72957795130823
"1458",1486,"Moorea","FareAute2","B29","Backreef","3/14/18",2.1,300,"MOO18","257","MOO18_257","Gobiidae","Eviota","albolineata","EVIOALBO",16.2,20,0.085,"MOO18_257_EVIOALBO_16.2",-17.60074,-149.82327,"2018","Eviota albolineata",5.72957795130823
"1459",1487,"Moorea","FareDhote2","B30","Backreef","3/14/18",1.9,295,"MOO18","258","MOO18_258","Gobiidae","Priolepis","squamogena","PRIOSQUA",27.8,36.8,0.495,"MOO18_258_PRIOSQUA_27.8",-17.58641,-149.86295,"2018","Priolepis squamogena",5.54018356902888
"1460",1488,"Moorea","FareDhote2","B30","Backreef","3/14/18",1.9,295,"MOO18","259","MOO18_259","Gobiidae","Fusigobius","neophytus","FUSINEOP",28.3,38.1,0.626,"MOO18_259_FUSINEOP_28.3",-17.58641,-149.86295,"2018","Fusigobius neophytus",5.54018356902888
"1461",1489,"Moorea","FareDhote2","B30","Backreef","3/14/18",1.9,295,"MOO18","260","MOO18_260","Apogonidae","Apogon","susanae","APOGSUSA",25.9,35.8,0.634,"MOO18_260_APOGSUSA_25.9",-17.58641,-149.86295,"2018","Apogon susanae",5.54018356902888
"1462",1490,"Moorea","FareDhote2","B30","Backreef","3/14/18",1.9,295,"MOO18","261","MOO18_261","Gobiidae","Priolepis","squamogena","PRIOSQUA",26.6,22.9,0.447,"MOO18_261_PRIOSQUA_26.6",-17.58641,-149.86295,"2018","Priolepis squamogena",5.54018356902888
"1463",1491,"Moorea","FareDhote2","B30","Backreef","3/14/18",1.9,295,"MOO18","262","MOO18_262","Creediidae","Limnichthys","nitidus","LIMNNITI",16.2,19.3,0.03,"MOO18_262_LIMNNITI_16.2",-17.58641,-149.86295,"2018","Limnichthys nitidus",5.54018356902888
"1464",1492,"Moorea","FareDhote2","B30","Backreef","3/14/18",1.9,295,"MOO18","263","MOO18_263","Gobiidae","Fusigobius","humeralis","FUSIHUME",29.4,31.8,0.312,"MOO18_263_FUSIHUME_29.4",-17.58641,-149.86295,"2018","Fusigobius humeralis",5.54018356902888
"1465",1493,"Moorea","FareDhote2","B30","Backreef","3/14/18",1.9,295,"MOO18","264","MOO18_264","Gobiidae","Priolepis","semidoliata","PRIOSEMI",18.3,24.4,0.156,"MOO18_264_PRIOSEMI_18.3",-17.58641,-149.86295,"2018","Priolepis semidoliata",5.54018356902888
"1466",1494,"Moorea","FareDhote2","B30","Backreef","3/14/18",1.9,295,"MOO18","265","MOO18_265","Apogonidae","Fowleria","speA","FOWLSPEA",13.5,17.2,0.09,"MOO18_265_FOWLSPEA_13.5",-17.58641,-149.86295,"2018","Fowleria marmorata",5.54018356902888
"1467",1495,"Moorea","FareDhote2","B30","Backreef","3/14/18",1.9,295,"MOO18","266","MOO18_266","Apogonidae","Ostorhinchus","nigrofasciatus","OSTONIGR",37.2,46.8,1.393,"MOO18_266_OSTONIGR_37.2",-17.58641,-149.86295,"2018","Ostorhinchus nigrofasciatus",5.54018356902888
"1468",1496,"Moorea","FareDhote2","B30","Backreef","3/14/18",1.9,295,"MOO18","267","MOO18_267","Apogonidae","Ostorhinchus","nigrofasciatus","OSTONIGR",27.6,35.2,0.548,"MOO18_267_OSTONIGR_27.6",-17.58641,-149.86295,"2018","Ostorhinchus nigrofasciatus",5.54018356902888
"1469",1497,"Moorea","FareDhote2","B30","Backreef","3/14/18",1.9,295,"MOO18","268","MOO18_268","Apogonidae","Pristiapogon","exostigma","PRISEXOS",17,22,0.115,"MOO18_268_PRISEXOS_17",-17.58641,-149.86295,"2018","Pristiapogon exostigma",5.54018356902888
"1470",1498,"Moorea","FareDhote2","B30","Backreef","3/14/18",1.9,295,"MOO18","269","MOO18_269","Apogonidae","Pristiapogon","exostigma","PRISEXOS",17.2,22.1,0.114,"MOO18_269_PRISEXOS_17.2",-17.58641,-149.86295,"2018","Pristiapogon exostigma",5.54018356902888
"1471",1499,"Moorea","FareDhote2","B30","Backreef","3/14/18",1.9,295,"MOO18","270","MOO18_270","Apogonidae","Pristiapogon","exostigma","PRISEXOS",17,22.3,0.105,"MOO18_270_PRISEXOS_17",-17.58641,-149.86295,"2018","Pristiapogon exostigma",5.54018356902888
"1472",1500,"Moorea","FareDhote2","B30","Backreef","3/14/18",1.9,295,"MOO18","271","MOO18_271","Apogonidae","Pristiapogon","exostigma","PRISEXOS",16.6,21.6,0.09,"MOO18_271_PRISEXOS_16.6",-17.58641,-149.86295,"2018","Pristiapogon exostigma",5.54018356902888
"1473",1501,"Moorea","FareDhote2","B30","Backreef","3/14/18",1.9,295,"MOO18","272","MOO18_272","Apogonidae","Ostorhinchus","nigrofasciatus","OSTONIGR",26.6,34.4,0.472,"MOO18_272_OSTONIGR_26.6",-17.58641,-149.86295,"2018","Ostorhinchus nigrofasciatus",5.54018356902888
"1474",1502,"Moorea","FareDhote2","B30","Backreef","3/14/18",1.9,295,"MOO18","273","MOO18_273","Tripterygiidae","Enneapterygius","pyramis","ENNEPYRA",22.2,27.5,0.235,"MOO18_273_ENNEPYRA_22.2",-17.58641,-149.86295,"2018","Enneapterygius pyramis",5.54018356902888
"1475",1503,"Moorea","FareDhote2","B30","Backreef","3/14/18",1.9,295,"MOO18","274","MOO18_274","Apogonidae","Nectamia","savayensis","NECTSAVA",16.6,21.5,0.185,"MOO18_274_NECTSAVA_16.6",-17.58641,-149.86295,"2018","Nectamia savayensis",5.54018356902888
"1476",1504,"Moorea","FareDhote2","B30","Backreef","3/14/18",1.9,295,"MOO18","275","MOO18_275","Gobiidae","Pleurosicya","labiata","PLEULABI",12.3,16.3,0.041,"MOO18_275_PLEULABI_12.3",-17.58641,-149.86295,"2018","Pleurosicya labiata",5.54018356902888
"1477",1505,"Moorea","FareDhote2","B30","Backreef","3/14/18",1.9,295,"MOO18","276","MOO18_276","Gobiidae","Cabillus","tongarevae","CABITONG",15.9,21.2,0.087,"MOO18_276_CABITONG_15.9",-17.58641,-149.86295,"2018","Cabillus tongarevae",5.54018356902888
"1478",1506,"Moorea","FareDhote2","B30","Backreef","3/14/18",1.9,295,"MOO18","277","MOO18_277","Apogonidae","Nectamia","savayensis","NECTSAVA",11.8,16,0.066,"MOO18_277_NECTSAVA_11.8",-17.58641,-149.86295,"2018","Nectamia savayensis",5.54018356902888
"1479",1507,"Moorea","FareDhote2","B30","Backreef","3/14/18",1.9,295,"MOO18","278","MOO18_278","Scorpaenidae","Scorpaenodes","speA","SCORSPEA",6.7,9.3,0.02,"MOO18_278_SCORSPEA_6.7",-17.58641,-149.86295,"2018","Scorpaenodes speA",5.54018356902888
"1480",1508,"Moorea","FareDhote2","B30","Backreef","3/14/18",1.9,295,"MOO18","279","MOO18_279","Gobiidae","Fusigobius","neophytus","FUSINEOP",21.2,27.1,0.193,"MOO18_279_FUSINEOP_21.2",-17.58641,-149.86295,"2018","Fusigobius neophytus",5.54018356902888
"1481",1509,"Moorea","FareDhote2","B30","Backreef","3/14/18",1.9,295,"MOO18","280","MOO18_280","Gobiidae","Gnatholepis","cauerensis","GNATCAUE",18.5,22.3,0.113,"MOO18_280_GNATCAUE_18.5",-17.58641,-149.86295,"2018","Gnatholepis cauerensis",5.54018356902888
"1482",1510,"Moorea","FareDhote2","B30","Backreef","3/14/18",1.9,295,"MOO18","281","MOO18_281","Gobiidae","Priolepis","semidoliata","PRIOSEMI",13.1,17.1,0.052,"MOO18_281_PRIOSEMI_13.1",-17.58641,-149.86295,"2018","Priolepis semidoliata",5.54018356902888
"1483",1511,"Moorea","FareDhote2","B30","Backreef","3/14/18",1.9,295,"MOO18","282","MOO18_282","Gobiidae","Fusigobius","neophytus","FUSINEOP",21.6,31.4,0.281,"MOO18_282_FUSINEOP_21.6",-17.58641,-149.86295,"2018","Fusigobius neophytus",5.54018356902888
"1484",1512,"Moorea","FareDhote2","B30","Backreef","3/14/18",1.9,295,"MOO18","283","MOO18_283","Gobiidae","Fusigobius","neophytus","FUSINEOP",19,24.2,0.122,"MOO18_283_FUSINEOP_19",-17.58641,-149.86295,"2018","Fusigobius neophytus",5.54018356902888
"1485",1513,"Moorea","FareDhote2","B30","Backreef","3/14/18",1.9,295,"MOO18","284","MOO18_284","Gobiidae","Fusigobius","neophytus","FUSINEOP",22.6,29,0.218,"MOO18_284_FUSINEOP_22.6",-17.58641,-149.86295,"2018","Fusigobius neophytus",5.54018356902888
"1486",1514,"Moorea","FareDhote2","B30","Backreef","3/14/18",1.9,295,"MOO18","285","MOO18_285","Gobiidae","Fusigobius","neophytus","FUSINEOP",15.8,20.1,0.061,"MOO18_285_FUSINEOP_15.8",-17.58641,-149.86295,"2018","Fusigobius neophytus",5.54018356902888
"1487",1515,"Moorea","FareDhote2","B30","Backreef","3/14/18",1.9,295,"MOO18","286","MOO18_286","Gobiidae","Pleurosicya","labiata","PLEULABI",12.6,111.4,0.029,"MOO18_286_PLEULABI_12.6",-17.58641,-149.86295,"2018","Pleurosicya labiata",5.54018356902888
"1488",1516,"Moorea","FareDhote2","B30","Backreef","3/14/18",1.9,295,"MOO18","287","MOO18_287","Gobiidae","Pleurosicya","labiata","PLEULABI",15.5,16.1,0.036,"MOO18_287_PLEULABI_15.5",-17.58641,-149.86295,"2018","Pleurosicya labiata",5.54018356902888
"1489",1517,"Moorea","FareDhote2","B30","Backreef","3/14/18",1.9,295,"MOO18","288","MOO18_288","Gobiidae","Priolepis","semidoliata","PRIOSEMI",10.8,13.2,0.024,"MOO18_288_PRIOSEMI_10.8",-17.58641,-149.86295,"2018","Priolepis semidoliata",5.54018356902888
"1490",1518,"Moorea","FareDhote2","B30","Backreef","3/14/18",1.9,295,"MOO18","289","MOO18_289","Gobiidae","Eviota","albolineata","EVIOALBO",22,27.4,0.25,"MOO18_289_EVIOALBO_22",-17.58641,-149.86295,"2018","Eviota albolineata",5.54018356902888
"1491",1519,"Moorea","FareDhote2","B30","Backreef","3/14/18",1.9,295,"MOO18","290","MOO18_290","Gobiidae","Eviota","albolineata","EVIOALBO",21.5,27.5,0.222,"MOO18_290_EVIOALBO_21.5",-17.58641,-149.86295,"2018","Eviota albolineata",5.54018356902888
"1492",1520,"Moorea","FareDhote2","B30","Backreef","3/14/18",1.9,295,"MOO18","291","MOO18_291","Gobiidae","Eviota","albolineata","EVIOALBO",21.3,27.8,0.244,"MOO18_291_EVIOALBO_21.3",-17.58641,-149.86295,"2018","Eviota albolineata",5.54018356902888
"1493",1521,"Moorea","FareDhote2","B30","Backreef","3/14/18",1.9,295,"MOO18","292","MOO18_292","Gobiidae","Eviota","albolineata","EVIOALBO",19.2,23.8,0.149,"MOO18_292_EVIOALBO_19.2",-17.58641,-149.86295,"2018","Eviota albolineata",5.54018356902888
"1494",1522,"Moorea","FareDhote2","B30","Backreef","3/14/18",1.9,295,"MOO18","293","MOO18_293","Gobiidae","Eviota","albolineata","EVIOALBO",18.7,23.4,0.149,"MOO18_293_EVIOALBO_18.7",-17.58641,-149.86295,"2018","Eviota albolineata",5.54018356902888
"1495",1523,"Moorea","FareDhote2","B30","Backreef","3/14/18",1.9,295,"MOO18","294","MOO18_294","Gobiidae","Eviota","albolineata","EVIOALBO",17.5,20.9,0.104,"MOO18_294_EVIOALBO_17.5",-17.58641,-149.86295,"2018","Eviota albolineata",5.54018356902888
"1496",1524,"Moorea","FareDhote2","B30","Backreef","3/14/18",1.9,295,"MOO18","295","MOO18_295","Blenniidae","Glyptoparus","delicatulus","GLYPDELI",26.4,31.3,0.35,"MOO18_295_GLYPDELI_26.4",-17.58641,-149.86295,"2018","Glyptoparus delicatulus",5.54018356902888
"1497",1525,"Moorea","FareDhote2","B30","Backreef","3/14/18",1.9,295,"MOO18","296","MOO18_296","Blenniidae","Glyptoparus","delicatulus","GLYPDELI",23.7,27.5,0.238,"MOO18_296_GLYPDELI_23.7",-17.58641,-149.86295,"2018","Glyptoparus delicatulus",5.54018356902888
"1498",1526,"Moorea","FareDhote2","B30","Backreef","3/14/18",1.9,295,"MOO18","297","MOO18_297","Blenniidae","Glyptoparus","delicatulus","GLYPDELI",24.1,30.2,0.306,"MOO18_297_GLYPDELI_24.1",-17.58641,-149.86295,"2018","Glyptoparus delicatulus",5.54018356902888
"1499",1527,"Moorea","FareDhote2","B30","Backreef","3/14/18",1.9,295,"MOO18","298","MOO18_298","Blenniidae","Glyptoparus","delicatulus","GLYPDELI",25.2,30.1,0.274,"MOO18_298_GLYPDELI_25.2",-17.58641,-149.86295,"2018","Glyptoparus delicatulus",5.54018356902888
"1500",1528,"Moorea","FareDhote2","B30","Backreef","3/14/18",1.9,295,"MOO18","299","MOO18_299","Blenniidae","Glyptoparus","delicatulus","GLYPDELI",23.4,28.9,0.253,"MOO18_299_GLYPDELI_23.4",-17.58641,-149.86295,"2018","Glyptoparus delicatulus",5.54018356902888
"1501",1529,"Moorea","FareDhote2","B30","Backreef","3/14/18",1.9,295,"MOO18","300","MOO18_300","Blenniidae","Glyptoparus","delicatulus","GLYPDELI",22.3,27.5,0.228,"MOO18_300_GLYPDELI_22.3",-17.58641,-149.86295,"2018","Glyptoparus delicatulus",5.54018356902888
"1502",1530,"Moorea","FareDhote2","B30","Backreef","3/14/18",1.9,295,"MOO18","301","MOO18_301","Blenniidae","Glyptoparus","delicatulus","GLYPDELI",23,27.8,0.234,"MOO18_301_GLYPDELI_23",-17.58641,-149.86295,"2018","Glyptoparus delicatulus",5.54018356902888
"1503",1531,"Moorea","FareDhote2","B30","Backreef","3/14/18",1.9,295,"MOO18","302","MOO18_302","Blenniidae","Glyptoparus","delicatulus","GLYPDELI",23.8,27.6,0.256,"MOO18_302_GLYPDELI_23.8",-17.58641,-149.86295,"2018","Glyptoparus delicatulus",5.54018356902888
"1504",1532,"Moorea","FareDhote2","B30","Backreef","3/14/18",1.9,295,"MOO18","303","MOO18_303","Blenniidae","Glyptoparus","delicatulus","GLYPDELI",21.9,27.6,0.208,"MOO18_303_GLYPDELI_21.9",-17.58641,-149.86295,"2018","Glyptoparus delicatulus",5.54018356902888
"1505",1533,"Moorea","FareDhote2","B30","Backreef","3/14/18",1.9,295,"MOO18","304","MOO18_304","Blenniidae","Glyptoparus","delicatulus","GLYPDELI",21.8,26.2,0.183,"MOO18_304_GLYPDELI_21.8",-17.58641,-149.86295,"2018","Glyptoparus delicatulus",5.54018356902888
"1506",1534,"Moorea","FareDhote2","B30","Backreef","3/14/18",1.9,295,"MOO18","305","MOO18_305","Gobiidae","Pleurosicya","labiata","PLEULABI",13.7,16.5,0.04,"MOO18_305_PLEULABI_13.7",-17.58641,-149.86295,"2018","Pleurosicya labiata",5.54018356902888
"1507",1535,"Moorea","FareDhote2","B30","Backreef","3/14/18",1.9,295,"MOO18","306","MOO18_306","Gobiidae","Eviota","afelei","EVIOAFEL",13.6,17.7,0.07,"MOO18_306_EVIOAFEL_13.6",-17.58641,-149.86295,"2018","Eviota afelei",5.54018356902888
"1508",1536,"Moorea","FareDhote2","B30","Backreef","3/14/18",1.9,295,"MOO18","307","MOO18_307","Gobiidae","Eviota","afelei","EVIOAFEL",12.6,15.3,0.039,"MOO18_307_EVIOAFEL_12.6",-17.58641,-149.86295,"2018","Eviota afelei",5.54018356902888
"1509",1537,"Moorea","FareDhote2","B30","Backreef","3/14/18",1.9,295,"MOO18","308","MOO18_308","Gobiidae","Eviota","afelei","EVIOAFEL",14.1,17.6,0.063,"MOO18_308_EVIOAFEL_14.1",-17.58641,-149.86295,"2018","Eviota afelei",5.54018356902888
"1510",1538,"Moorea","FareDhote2","B30","Backreef","3/14/18",1.9,295,"MOO18","309","MOO18_309","Gobiidae","Eviota","afelei","EVIOAFEL",13.2,16.7,0.052,"MOO18_309_EVIOAFEL_13.2",-17.58641,-149.86295,"2018","Eviota afelei",5.54018356902888
"1511",1539,"Moorea","FareDhote2","B30","Backreef","3/14/18",1.9,295,"MOO18","310","MOO18_310","Blenniidae","Glyptoparus","delicatulus","GLYPDELI",11.2,13.4,0.02,"MOO18_310_GLYPDELI_11.2",-17.58641,-149.86295,"2018","Glyptoparus delicatulus",5.54018356902888
"1512",1540,"Moorea","FareDhote2","B30","Backreef","3/14/18",1.9,295,"MOO18","311","MOO18_311","Gobiidae","Eviota","afelei","EVIOAFEL",11.8,14.5,0.035,"MOO18_311_EVIOAFEL_11.8",-17.58641,-149.86295,"2018","Eviota afelei",5.54018356902888
"1513",1541,"Moorea","FareDhote2","B30","Backreef","3/14/18",1.9,295,"MOO18","312","MOO18_312","Gobiidae","Eviota","afelei","EVIOAFEL",10.7,14.4,0.034,"MOO18_312_EVIOAFEL_10.7",-17.58641,-149.86295,"2018","Eviota afelei",5.54018356902888
"1514",1542,"Moorea","FareDhote2","B30","Backreef","3/14/18",1.9,295,"MOO18","313","MOO18_313","Gobiidae","Eviota","afelei","EVIOAFEL",12.6,15.1,0.045,"MOO18_313_EVIOAFEL_12.6",-17.58641,-149.86295,"2018","Eviota afelei",5.54018356902888
"1515",1543,"Moorea","FareDhote2","B30","Backreef","3/14/18",1.9,295,"MOO18","314","MOO18_314","Gobiidae","Eviota","afelei","EVIOAFEL",11.8,15,0.038,"MOO18_314_EVIOAFEL_11.8",-17.58641,-149.86295,"2018","Eviota afelei",5.54018356902888
"1516",1544,"Moorea","FareDhote2","B30","Backreef","3/14/18",1.9,295,"MOO18","315","MOO18_315","Gobiidae","Eviota","afelei","EVIOAFEL",11.9,15,0.039,"MOO18_315_EVIOAFEL_11.9",-17.58641,-149.86295,"2018","Eviota afelei",5.54018356902888
"1517",1545,"Moorea","FareDhote2","B30","Backreef","3/14/18",1.9,295,"MOO18","316","MOO18_316","Gobiidae","Eviota","afelei","EVIOAFEL",11.8,14.4,0.038,"MOO18_316_EVIOAFEL_11.8",-17.58641,-149.86295,"2018","Eviota afelei",5.54018356902888
"1518",1546,"Moorea","FareDhote2","B30","Backreef","3/14/18",1.9,295,"MOO18","317","MOO18_317","Gobiidae","Eviota","afelei","EVIOAFEL",12.3,15.1,0.036,"MOO18_317_EVIOAFEL_12.3",-17.58641,-149.86295,"2018","Eviota afelei",5.54018356902888
"1519",1547,"Moorea","FareDhote2","B30","Backreef","3/14/18",1.9,295,"MOO18","318","MOO18_318","Gobiidae","Eviota","afelei","EVIOAFEL",10.5,13.9,0.029,"MOO18_318_EVIOAFEL_10.5",-17.58641,-149.86295,"2018","Eviota afelei",5.54018356902888
"1520",1548,"Moorea","FareDhote2","B30","Backreef","3/14/18",1.9,295,"MOO18","319","MOO18_319","Gobiidae","Eviota","afelei","EVIOAFEL",12.9,16.4,0.049,"MOO18_319_EVIOAFEL_12.9",-17.58641,-149.86295,"2018","Eviota afelei",5.54018356902888
"1521",1549,"Moorea","FareDhote2","B30","Backreef","3/14/18",1.9,295,"MOO18","320","MOO18_320","Gobiidae","Eviota","afelei","EVIOAFEL",11.2,13.7,0.029,"MOO18_320_EVIOAFEL_11.2",-17.58641,-149.86295,"2018","Eviota afelei",5.54018356902888
"1522",1550,"Moorea","FareDhote2","B30","Backreef","3/14/18",1.9,295,"MOO18","321","MOO18_321","Gobiidae","Eviota","afelei","EVIOAFEL",11.8,13.9,0.026,"MOO18_321_EVIOAFEL_11.8",-17.58641,-149.86295,"2018","Eviota afelei",5.54018356902888
"1523",1551,"Moorea","FareDhote2","B30","Backreef","3/14/18",1.9,295,"MOO18","322","MOO18_322","Gobiidae","Eviota","afelei","EVIOAFEL",10.7,13.1,0.029,"MOO18_322_EVIOAFEL_10.7",-17.58641,-149.86295,"2018","Eviota afelei",5.54018356902888
"1524",1552,"Moorea","FareDhote2","B30","Backreef","3/14/18",1.9,295,"MOO18","323","MOO18_323","Gobiidae","Eviota","afelei","EVIOAFEL",10.9,13.5,0.032,"MOO18_323_EVIOAFEL_10.9",-17.58641,-149.86295,"2018","Eviota afelei",5.54018356902888
"1525",1553,"Moorea","FareDhote2","B30","Backreef","3/14/18",1.9,295,"MOO18","324","MOO18_324","Gobiidae","Eviota","afelei","EVIOAFEL",11.3,13.8,0.03,"MOO18_324_EVIOAFEL_11.3",-17.58641,-149.86295,"2018","Eviota afelei",5.54018356902888
"1526",1554,"Moorea","FareDhote2","B30","Backreef","3/14/18",1.9,295,"MOO18","325","MOO18_325","Gobiidae","Eviota","afelei","EVIOAFEL",11.6,13.9,0.032,"MOO18_325_EVIOAFEL_11.6",-17.58641,-149.86295,"2018","Eviota afelei",5.54018356902888
"1527",1555,"Moorea","FareDhote2","B30","Backreef","3/14/18",1.9,295,"MOO18","326","MOO18_326","Gobiidae","Eviota","afelei","EVIOAFEL",10.3,13.4,0.029,"MOO18_326_EVIOAFEL_10.3",-17.58641,-149.86295,"2018","Eviota afelei",5.54018356902888
"1528",1556,"Moorea","FareDhote2","B30","Backreef","3/14/18",1.9,295,"MOO18","327","MOO18_327","Gobiidae","Eviota","afelei","EVIOAFEL",10.9,12.9,0.025,"MOO18_327_EVIOAFEL_10.9",-17.58641,-149.86295,"2018","Eviota afelei",5.54018356902888
"1529",1557,"Moorea","FareDhote2","B30","Backreef","3/14/18",1.9,295,"MOO18","328","MOO18_328","Gobiidae","Eviota","afelei","EVIOAFEL",12,14.7,0.037,"MOO18_328_EVIOAFEL_12",-17.58641,-149.86295,"2018","Eviota afelei",5.54018356902888
"1530",1558,"Moorea","FareDhote2","B30","Backreef","3/14/18",1.9,295,"MOO18","329","MOO18_329","Gobiidae","Eviota","afelei","EVIOAFEL",7.4,9.2,0.008,"MOO18_329_EVIOAFEL_7.4",-17.58641,-149.86295,"2018","Eviota afelei",5.54018356902888
"1531",1559,"Moorea","FareDhote2","B30","Backreef","3/14/18",1.9,295,"MOO18","330","MOO18_330","Gobiidae","Eviota","afelei","EVIOAFEL",7.1,8.5,0.007,"MOO18_330_EVIOAFEL_7.1",-17.58641,-149.86295,"2018","Eviota afelei",5.54018356902888
"1532",1560,"Moorea","FareDhote2","B30","Backreef","3/14/18",1.9,295,"MOO18","331","MOO18_331","Gobiidae","Eviota","afelei","EVIOAFEL",6.7,8.1,0.006,"MOO18_331_EVIOAFEL_6.7",-17.58641,-149.86295,"2018","Eviota afelei",5.54018356902888
"1533",1561,"Moorea","FareDhote2","B30","Backreef","3/14/18",1.9,295,"MOO18","332","MOO18_332","Gobiidae","Eviota","afelei","EVIOAFEL",6.8,8.4,0.006,"MOO18_332_EVIOAFEL_6.8",-17.58641,-149.86295,"2018","Eviota afelei",5.54018356902888
"1534",1562,"Moorea","FareDhote2","B30","Backreef","3/14/18",1.9,295,"MOO18","333","MOO18_333","Gobiidae","Fusigobius","humeralis","FUSIHUME",21.9,27.9,0.242,"MOO18_333_FUSIHUME_21.9",-17.58641,-149.86295,"2018","Fusigobius humeralis",5.54018356902888
"1535",1567,"Moorea","Haumi2","B31","Backreef","3/17/18",2,260,"MOO18","338","MOO18_338","Apogonidae","Apogonidae","speA","APOGSPEA",17.5,22.7,0.192,"MOO18_338_APOGSPEA_34.1",-17.56388,-149.78566,"2018","Apogon speA",4.30354966120485
"1536",1568,"Moorea","Haumi2","B31","Backreef","3/17/18",2,260,"MOO18","339","MOO18_339","Labridae","Thalassoma","speA","THALSPEA",36.6,46.18,1.538,"MOO18_339_THALSPEA_34.9",-17.56388,-149.78566,"2018","Thalassoma lutescens",4.30354966120485
"1537",1569,"Moorea","Haumi2","B31","Backreef","3/17/18",2,260,"MOO18","340","MOO18_340","Blenniidae","Enchelyurus","ater","ENCHATER",24.3,30.5,0.314,"MOO18_340_ENCHATER_28.9",-17.56388,-149.78566,"2018","Enchelyurus ater",4.30354966120485
"1538",1570,"Moorea","Haumi2","B31","Backreef","3/17/18",2,260,"MOO18","341","MOO18_341","Blenniidae","Cirripectes","variolosus","CIRRVARI",36,45.9,1.578,"MOO18_341_CIRRVARI_24.5",-17.56388,-149.78566,"2018","Cirripectes variolosus",4.30354966120485
"1539",1571,"Moorea","Haumi2","B31","Backreef","3/17/18",2,260,"MOO18","342","MOO18_342","Pomacentridae","Chrysiptera","brownriggi","CHRYBROW",34.1,46.2,1.7,"MOO18_342_CHRYBROW_22.2",-17.56388,-149.78566,"2018","Chrysiptera brownriggi",4.30354966120485
"1540",1572,"Moorea","Haumi2","B31","Backreef","3/17/18",2,260,"MOO18","343","MOO18_343","Pomacentridae","Chrysiptera","brownriggi","CHRYBROW",34.9,46.9,1.856,"MOO18_343_CHRYBROW_25.1",-17.56388,-149.78566,"2018","Chrysiptera brownriggi",4.30354966120485
"1541",1573,"Moorea","Haumi2","B31","Backreef","3/17/18",2,260,"MOO18","344","MOO18_344","Pomacentridae","Chrysiptera","brownriggi","CHRYBROW",28.9,37.2,1.005,"MOO18_344_CHRYBROW_30.7",-17.56388,-149.78566,"2018","Chrysiptera brownriggi",4.30354966120485
"1542",1574,"Moorea","Haumi2","B31","Backreef","3/17/18",2,260,"MOO18","345","MOO18_345","Pomacentridae","Stegastes","nigricans","STEGNIGR",24.5,33.4,0.789,"MOO18_345_STEGNIGR_20.8",-17.56388,-149.78566,"2018","Stegastes nigricans",4.30354966120485
"1543",1575,"Moorea","Haumi2","B31","Backreef","3/17/18",2,260,"MOO18","346","MOO18_346","Pomacentridae","Stegastes","nigricans","STEGNIGR",22.2,30.2,0.604,"MOO18_346_STEGNIGR_24",-17.56388,-149.78566,"2018","Stegastes nigricans",4.30354966120485
"1544",1576,"Moorea","Haumi2","B31","Backreef","3/17/18",2,260,"MOO18","347","MOO18_347","Gobiidae","Gnatholepis","cauerensis","GNATCAUE",25.1,33.8,0.366,"MOO18_347_GNATCAUE_16.2",-17.56388,-149.78566,"2018","Gnatholepis cauerensis",4.30354966120485
"1545",1577,"Moorea","Haumi2","B31","Backreef","3/17/18",2,260,"MOO18","348","MOO18_348","Gobiidae","Gnatholepis","cauerensis","GNATCAUE",30.7,39.2,0.613,"MOO18_348_GNATCAUE_15.5",-17.56388,-149.78566,"2018","Gnatholepis cauerensis",4.30354966120485
"1546",1578,"Moorea","Haumi2","B31","Backreef","3/17/18",2,260,"MOO18","349","MOO18_349","Gobiidae","Eviota","albolineata","EVIOALBO",20.8,26.2,0.232,"MOO18_349_EVIOALBO_11",-17.56388,-149.78566,"2018","Eviota albolineata",4.30354966120485
"1547",1579,"Moorea","Haumi2","B31","Backreef","3/17/18",2,260,"MOO18","350","MOO18_350","Apogonidae","Ostorhinchus","nigrofasciatus","OSTONIGR",24,30.8,0.378,"MOO18_350_OSTONIGR_23.9",-17.56388,-149.78566,"2018","Ostorhinchus nigrofasciatus",4.30354966120485
"1548",1580,"Moorea","Haumi2","B31","Backreef","3/17/18",2,260,"MOO18","351","MOO18_351","Apogonidae","Ostorhinchus","nigrofasciatus","OSTONIGR",16.2,21.7,0.12,"MOO18_351_OSTONIGR_21.7",-17.56388,-149.78566,"2018","Ostorhinchus nigrofasciatus",4.30354966120485
"1549",1581,"Moorea","Haumi2","B31","Backreef","3/17/18",2,260,"MOO18","352","MOO18_352","Apogonidae","Ostorhinchus","nigrofasciatus","OSTONIGR",15.5,21,0.108,"MOO18_352_OSTONIGR_16",-17.56388,-149.78566,"2018","Ostorhinchus nigrofasciatus",4.30354966120485
"1550",1582,"Moorea","Haumi2","B31","Backreef","3/17/18",2,260,"MOO18","353","MOO18_353","Apogonidae","Apogonidae","speA","APOGSPEA",11,14.1,0.04,"MOO18_353_APOGSPEA_23.7",-17.56388,-149.78566,"2018","Apogon speA",4.30354966120485
"1551",1583,"Moorea","Haumi2","B31","Backreef","3/17/18",2,260,"MOO18","354","MOO18_354","Gobiidae","Gnatholepis","cauerensis","GNATCAUE",23.9,29,0.26,"MOO18_354_GNATCAUE_23.5",-17.56388,-149.78566,"2018","Gnatholepis cauerensis",4.30354966120485
"1552",1584,"Moorea","Haumi2","B31","Backreef","3/17/18",2,260,"MOO18","355","MOO18_355","Gobiidae","Fusigobius","neophytus","FUSINEOP",21.7,28.3,0.225,"MOO18_355_FUSINEOP_22.5",-17.56388,-149.78566,"2018","Fusigobius neophytus",4.30354966120485
"1553",1585,"Moorea","Haumi2","B31","Backreef","3/17/18",2,260,"MOO18","356","MOO18_356","Gobiidae","Fusigobius","neophytus","FUSINEOP",16,20.5,0.083,"MOO18_356_FUSINEOP_22.1",-17.56388,-149.78566,"2018","Fusigobius neophytus",4.30354966120485
"1554",1586,"Moorea","Haumi2","B31","Backreef","3/17/18",2,260,"MOO18","357","MOO18_357","Blenniidae","Glyptoparus","delicatulus","GLYPDELI",23.7,28.1,0.215,"MOO18_357_GLYPDELI_12.8",-17.56388,-149.78566,"2018","Glyptoparus delicatulus",4.30354966120485
"1555",1587,"Moorea","Haumi2","B31","Backreef","3/17/18",2,260,"MOO18","358","MOO18_358","Blenniidae","Glyptoparus","delicatulus","GLYPDELI",23.5,28.9,0.235,"MOO18_358_GLYPDELI_12",-17.56388,-149.78566,"2018","Glyptoparus delicatulus",4.30354966120485
"1556",1588,"Moorea","Haumi2","B31","Backreef","3/17/18",2,260,"MOO18","359","MOO18_359","Blenniidae","Glyptoparus","delicatulus","GLYPDELI",22.5,27.3,0.201,"MOO18_359_GLYPDELI_11.7",-17.56388,-149.78566,"2018","Glyptoparus delicatulus",4.30354966120485
"1557",1589,"Moorea","Haumi2","B31","Backreef","3/17/18",2,260,"MOO18","360","MOO18_360","Blenniidae","Glyptoparus","delicatulus","GLYPDELI",22.1,26.2,0.178,"MOO18_360_GLYPDELI_11.8",-17.56388,-149.78566,"2018","Glyptoparus delicatulus",4.30354966120485
"1558",1590,"Moorea","Haumi2","B31","Backreef","3/17/18",2,260,"MOO18","361","MOO18_361","Gobiidae","Eviota","afelei","EVIOAFEL",12.8,17.2,0.068,"MOO18_361_EVIOAFEL_11.2",-17.56388,-149.78566,"2018","Eviota afelei",4.30354966120485
"1559",1591,"Moorea","Haumi2","B31","Backreef","3/17/18",2,260,"MOO18","362","MOO18_362","Gobiidae","Eviota","afelei","EVIOAFEL",12,15.1,0.044,"MOO18_362_EVIOAFEL_20.3",-17.56388,-149.78566,"2018","Eviota afelei",4.30354966120485
"1560",1592,"Moorea","Haumi2","B31","Backreef","3/17/18",2,260,"MOO18","363","MOO18_363","Gobiidae","Eviota","afelei","EVIOAFEL",11.7,15.2,0.043,"MOO18_363_EVIOAFEL_20",-17.56388,-149.78566,"2018","Eviota afelei",4.30354966120485
"1561",1593,"Moorea","Haumi2","B31","Backreef","3/17/18",2,260,"MOO18","364","MOO18_364","Gobiidae","Eviota","afelei","EVIOAFEL",11.8,14.5,0.04,"MOO18_364_EVIOAFEL_138.2",-17.56388,-149.78566,"2018","Eviota afelei",4.30354966120485
"1562",1594,"Moorea","Haumi2","B31","Backreef","3/17/18",2,260,"MOO18","365","MOO18_365","Gobiidae","Eviota","afelei","EVIOAFEL",11.2,14.2,0.039,"MOO18_365_EVIOAFEL_190",-17.56388,-149.78566,"2018","Eviota afelei",4.30354966120485
"1563",1595,"Moorea","Haumi2","B31","Backreef","3/17/18",2,260,"MOO18","366","MOO18_366","Gobiidae","Eviota","albolineata","EVIOALBO",20.3,26,0.207,"MOO18_366_EVIOALBO_20",-17.56388,-149.78566,"2018","Eviota albolineata",4.30354966120485
"1564",1596,"Moorea","Haumi2","B31","Backreef","3/17/18",2,260,"MOO18","367","MOO18_367","Gobiidae","Eviota","albolineata","EVIOALBO",20,25.2,0.21,"MOO18_367_EVIOALBO_12.8",-17.56388,-149.78566,"2018","Eviota albolineata",4.30354966120485
"1565",1597,"Moorea","Haumi2","B31","Backreef","3/17/18",2,260,"MOO18","368","MOO18_368","Muraenidae","Gymnothorax","melatremus","GYMNMELA",138.2,149.3,0.703,"MOO18_368_GYMNMELA_10.4",-17.56388,-149.78566,"2018","Gymnothorax melatremus",4.30354966120485
"1566",1598,"Moorea","Haumi2","B31","Backreef","3/17/18",2,260,"MOO18","369","MOO18_369","Muraenidae","Gymnothorax","melatremus","GYMNMELA",190,195,13.63,"MOO18_369_GYMNMELA_17.3",-17.56388,-149.78566,"2018","Gymnothorax melatremus",4.30354966120485
"1567",1599,"Moorea","Haumi2","B31","Backreef","3/17/18",2,260,"MOO18","370","MOO18_370","Blenniidae","Glyptoparus","delicatulus","GLYPDELI",20,24.2,0.131,"MOO18_370_GLYPDELI_16.3",-17.56388,-149.78566,"2018","Glyptoparus delicatulus",4.30354966120485
"1568",1600,"Moorea","Haumi2","B31","Backreef","3/17/18",2,260,"MOO18","371","MOO18_371","Gobiidae","Eviota","albolineata","EVIOALBO",12.8,15.5,0.034,"MOO18_371_EVIOALBO_17.9",-17.56388,-149.78566,"2018","Eviota albolineata",4.30354966120485
"1569",1601,"Moorea","Haumi2","B31","Backreef","3/17/18",2,260,"MOO18","372","MOO18_372","Gobiidae","Eviota","afelei","EVIOAFEL",10.4,12.6,0.024,"MOO18_372_EVIOAFEL_16.6",-17.56388,-149.78566,"2018","Eviota afelei",4.30354966120485
"1570",1602,"Moorea","Haumi2","B31","Backreef","3/17/18",2,260,"MOO18","373","MOO18_373","Gobiidae","Eviota","albolineata","EVIOALBO",17.3,22.1,0.126,"MOO18_373_EVIOALBO_17.3",-17.56388,-149.78566,"2018","Eviota albolineata",4.30354966120485
"1571",1603,"Moorea","Haumi2","B31","Backreef","3/17/18",2,260,"MOO18","374","MOO18_374","Gobiidae","Eviota","albolineata","EVIOALBO",16.3,21.5,0.142,"MOO18_374_EVIOALBO_16.3",-17.56388,-149.78566,"2018","Eviota albolineata",4.30354966120485
"1572",1604,"Moorea","Haumi2","B31","Backreef","3/17/18",2,260,"MOO18","375","MOO18_375","Gobiidae","Eviota","albolineata","EVIOALBO",17.9,22.8,0.166,"MOO18_375_EVIOALBO_17.9",-17.56388,-149.78566,"2018","Eviota albolineata",4.30354966120485
"1573",1605,"Moorea","Haumi2","B31","Backreef","3/17/18",2,260,"MOO18","376","MOO18_376","Gobiidae","Eviota","albolineata","EVIOALBO",16.6,20.9,0.107,"MOO18_376_EVIOALBO_16.6",-17.56388,-149.78566,"2018","Eviota albolineata",4.30354966120485
"1574",1606,"Moorea","Haumi2","B31","Backreef","3/17/18",2,260,"MOO18","377","MOO18_377","Gobiidae","Eviota","albolineata","EVIOALBO",18.6,22.9,0.154,"MOO18_377_EVIOALBO_18.6",-17.56388,-149.78566,"2018","Eviota albolineata",4.30354966120485
"1575",1607,"Moorea","Haumi2","B31","Backreef","3/17/18",2,260,"MOO18","378","MOO18_378","Gobiidae","Eviota","afelei","EVIOAFEL",11.1,13.8,0.034,"MOO18_378_EVIOAFEL_11.1",-17.56388,-149.78566,"2018","Eviota afelei",4.30354966120485
"1576",1608,"Moorea","Haumi2","B31","Backreef","3/17/18",2,260,"MOO18","379","MOO18_379","Gobiidae","Eviota","afelei","EVIOAFEL",11.6,14.7,0.04,"MOO18_379_EVIOAFEL_11.6",-17.56388,-149.78566,"2018","Eviota afelei",4.30354966120485
"1577",1609,"Moorea","Haumi2","B31","Backreef","3/17/18",2,260,"MOO18","380","MOO18_380","Gobiidae","Eviota","afelei","EVIOAFEL",12.2,15.3,0.046,"MOO18_380_EVIOAFEL_12.2",-17.56388,-149.78566,"2018","Eviota afelei",4.30354966120485
"1578",1610,"Moorea","Haumi2","B31","Backreef","3/17/18",2,260,"MOO18","381","MOO18_381","Gobiidae","Eviota","afelei","EVIOAFEL",11.6,15,0.043,"MOO18_381_EVIOAFEL_11.6",-17.56388,-149.78566,"2018","Eviota afelei",4.30354966120485
"1579",1611,"Moorea","Haumi2","B31","Backreef","3/17/18",2,260,"MOO18","382","MOO18_382","Gobiidae","Eviota","afelei","EVIOAFEL",11.3,14.1,0.038,"MOO18_382_EVIOAFEL_11.3",-17.56388,-149.78566,"2018","Eviota afelei",4.30354966120485
"1580",1612,"Moorea","Haumi2","B31","Backreef","3/17/18",2,260,"MOO18","383","MOO18_383","Gobiidae","Eviota","afelei","EVIOAFEL",12.4,15.6,0.048,"MOO18_383_EVIOAFEL_12.4",-17.56388,-149.78566,"2018","Eviota afelei",4.30354966120485
"1581",1613,"Moorea","Haumi2","B31","Backreef","3/17/18",2,260,"MOO18","384","MOO18_384","Gobiidae","Eviota","afelei","EVIOAFEL",11.4,14.2,0.038,"MOO18_384_EVIOAFEL_11.4",-17.56388,-149.78566,"2018","Eviota afelei",4.30354966120485
"1582",1614,"Moorea","Haumi2","B31","Backreef","3/17/18",2,260,"MOO18","385","MOO18_385","Gobiidae","Eviota","afelei","EVIOAFEL",11.4,14.6,0.04,"MOO18_385_EVIOAFEL_11.4",-17.56388,-149.78566,"2018","Eviota afelei",4.30354966120485
"1583",1615,"Moorea","Haumi2","B31","Backreef","3/17/18",2,260,"MOO18","386","MOO18_386","Gobiidae","Eviota","afelei","EVIOAFEL",11,13.8,0.033,"MOO18_386_EVIOAFEL_11",-17.56388,-149.78566,"2018","Eviota afelei",4.30354966120485
"1584",1616,"Moorea","Haumi2","B31","Backreef","3/17/18",2,260,"MOO18","387","MOO18_387","Gobiidae","Eviota","afelei","EVIOAFEL",13.8,17.4,0.067,"MOO18_387_EVIOAFEL_13.8",-17.56388,-149.78566,"2018","Eviota afelei",4.30354966120485
"1585",1617,"Moorea","Haumi2","B31","Backreef","3/17/18",2,260,"MOO18","388","MOO18_388","Gobiidae","Eviota","afelei","EVIOAFEL",10.3,12.9,0.027,"MOO18_388_EVIOAFEL_10.3",-17.56388,-149.78566,"2018","Eviota afelei",4.30354966120485
"1586",1618,"Moorea","Haumi2","B31","Backreef","3/17/18",2,260,"MOO18","389","MOO18_389","Gobiidae","Eviota","afelei","EVIOAFEL",12.9,15,0.05,"MOO18_389_EVIOAFEL_12.9",-17.56388,-149.78566,"2018","Eviota afelei",4.30354966120485
"1587",1619,"Moorea","Haumi2","B31","Backreef","3/17/18",2,260,"MOO18","390","MOO18_390","Gobiidae","Eviota","cflatifasciata","EVIOCFLA",11.4,14.3,0.038,"MOO18_390_EVIOCFLA_11.4",-17.56388,-149.78566,"2018","Eviota cflatifasciata",4.30354966120485
"1588",1620,"Moorea","Haumi2","B31","Backreef","3/17/18",2,260,"MOO18","391","MOO18_391","Gobiidae","Eviota","afelei","EVIOAFEL",9.9,13,0.024,"MOO18_391_EVIOAFEL_9.9",-17.56388,-149.78566,"2018","Eviota afelei",4.30354966120485
"1589",1621,"Moorea","Haumi2","B31","Backreef","3/17/18",2,260,"MOO18","392","MOO18_392","Gobiidae","Eviota","afelei","EVIOAFEL",8.5,10.1,0.012,"MOO18_392_EVIOAFEL_8.5",-17.56388,-149.78566,"2018","Eviota afelei",4.30354966120485
"1590",1622,"Moorea","Haumi2","B31","Backreef","3/17/18",2,260,"MOO18","393","MOO18_393","Gobiidae","Eviota","afelei","EVIOAFEL",7.8,9.6,0.009,"MOO18_393_EVIOAFEL_7.8",-17.56388,-149.78566,"2018","Eviota afelei",4.30354966120485
"1591",1623,"Moorea","Haumi2","B31","Backreef","3/17/18",2,260,"MOO18","394","MOO18_394","Gobiidae","Eviota","afelei","EVIOAFEL",7,8.6,0.005,"MOO18_394_EVIOAFEL_7",-17.56388,-149.78566,"2018","Eviota afelei",4.30354966120485
"1592",1630,"Moorea","Vaiare2","B32","Backreef","3/17/18",2.4,250,"MOO18","401","MOO18_401","Cirrhitidae","Paracirrhites","arcatus","PARAARCA",44.1,57.4,3.086,"MOO18_401_PARAARCA_44.1",-17.53411,-149.76744,"2018","Paracirrhites arcatus",3.97887357729738
"1593",1631,"Moorea","Vaiare2","B32","Backreef","3/17/18",2.4,250,"MOO18","402","MOO18_402","Scorpaenidae","Caracanthus","maculatus","CARAMACU",26.7,34.6,1.59,"MOO18_402_CARAMACU_26.7",-17.53411,-149.76744,"2018","Caracanthus maculatus",3.97887357729738
"1594",1632,"Moorea","Vaiare2","B32","Backreef","3/17/18",2.4,250,"MOO18","403","MOO18_403","Scorpaenidae","Caracanthus","maculatus","CARAMACU",24.6,32.8,1.583,"MOO18_403_CARAMACU_24.6",-17.53411,-149.76744,"2018","Caracanthus maculatus",3.97887357729738
"1595",1633,"Moorea","Vaiare2","B32","Backreef","3/17/18",2.4,250,"MOO18","404","MOO18_404","Blenniidae","Plagiotremus","tapeinosoma","PLAGTAPE",46.5,55.3,0.868,"MOO18_404_PLAGTAPE_46.5",-17.53411,-149.76744,"2018","Plagiotremus tapeinosoma",3.97887357729738
"1596",1634,"Moorea","Vaiare2","B32","Backreef","3/17/18",2.4,250,"MOO18","405","MOO18_405","Blenniidae","Enchelyurus","ater","ENCHATER",29.2,35.4,0.407,"MOO18_405_ENCHATER_29.2",-17.53411,-149.76744,"2018","Enchelyurus ater",3.97887357729738
"1597",1635,"Moorea","Vaiare2","B32","Backreef","3/17/18",2.4,250,"MOO18","406","MOO18_406","Blenniidae","Enchelyurus","ater","ENCHATER",22.1,27.7,0.307,"MOO18_406_ENCHATER_22.1",-17.53411,-149.76744,"2018","Enchelyurus ater",3.97887357729738
"1598",1636,"Moorea","Vaiare2","B32","Backreef","3/17/18",2.4,250,"MOO18","407","MOO18_407","Labridae","Pseudocheilinus","hexataenia","PSEUHEXA",23.6,29.9,0.523,"MOO18_407_PSEUHEXA_23.6",-17.53411,-149.76744,"2018","Pseudocheilinus hexataenia",3.97887357729738
"1599",1637,"Moorea","Vaiare2","B32","Backreef","3/17/18",2.4,250,"MOO18","408","MOO18_408","Pomacentridae","Stegastes","nigricans","STEGNIGR",44.2,61.4,4.557,"MOO18_408_STEGNIGR_44.2",-17.53411,-149.76744,"2018","Stegastes nigricans",3.97887357729738
"1600",1638,"Moorea","Vaiare2","B32","Backreef","3/17/18",2.4,250,"MOO18","409","MOO18_409","Pomacentridae","Stegastes","nigricans","STEGNIGR",25.6,35.3,0.951,"MOO18_409_STEGNIGR_25.6",-17.53411,-149.76744,"2018","Stegastes nigricans",3.97887357729738
"1601",1639,"Moorea","Vaiare2","B32","Backreef","3/17/18",2.4,250,"MOO18","410","MOO18_410","Labridae","Chlorurus","speA","CHLOSPEA",28.8,36.8,0.909,"MOO18_410_CHLOSPEA_28.8",-17.53411,-149.76744,"2018","Chlorurus speA",3.97887357729738
"1602",1640,"Moorea","Vaiare2","B32","Backreef","3/17/18",2.4,250,"MOO18","411","MOO18_411","Gobiidae","Fusigobius","neophytus","FUSINEOP",20.3,26.3,0.202,"MOO18_411_FUSINEOP_20.3",-17.53411,-149.76744,"2018","Fusigobius neophytus",3.97887357729738
"1603",1641,"Moorea","Vaiare2","B32","Backreef","3/17/18",2.4,250,"MOO18","412","MOO18_412","Gobiidae","Fusigobius","neophytus","FUSINEOP",18.2,24.2,0.129,"MOO18_412_FUSINEOP_18.2",-17.53411,-149.76744,"2018","Fusigobius neophytus",3.97887357729738
"1604",1642,"Moorea","Vaiare2","B32","Backreef","3/17/18",2.4,250,"MOO18","413","MOO18_413","Gobiidae","Eviota","albolineata","EVIOALBO",18.3,22.6,0.12,"MOO18_413_EVIOALBO_18.3",-17.53411,-149.76744,"2018","Eviota albolineata",3.97887357729738
"1605",1643,"Moorea","Vaiare2","B32","Backreef","3/17/18",2.4,250,"MOO18","414","MOO18_414","Gobiidae","Eviota","albolineata","EVIOALBO",18.8,24.8,0.143,"MOO18_414_EVIOALBO_18.8",-17.53411,-149.76744,"2018","Eviota albolineata",3.97887357729738
"1606",1644,"Moorea","Vaiare2","B32","Backreef","3/17/18",2.4,250,"MOO18","415","MOO18_415","Gobiidae","Eviota","albolineata","EVIOALBO",16.8,20.8,0.105,"MOO18_415_EVIOALBO_16.8",-17.53411,-149.76744,"2018","Eviota albolineata",3.97887357729738
"1607",1645,"Moorea","Vaiare2","B32","Backreef","3/17/18",2.4,250,"MOO18","416","MOO18_416","Blenniidae","Glyptoparus","delicatulus","GLYPDELI",18.9,22.7,0.13,"MOO18_416_GLYPDELI_18.9",-17.53411,-149.76744,"2018","Glyptoparus delicatulus",3.97887357729738
"1608",1646,"Moorea","Vaiare2","B32","Backreef","3/17/18",2.4,250,"MOO18","417","MOO18_417","Gobiidae","Eviota","distigma","EVIODIST",14.1,19.1,0.08,"MOO18_417_EVIODIST_14.1",-17.53411,-149.76744,"2018","Eviota distigma",3.97887357729738
"1609",1647,"Moorea","Vaiare2","B32","Backreef","3/17/18",2.4,250,"MOO18","418","MOO18_418","Gobiidae","Eviota","distigma","EVIODIST",14.1,19,0.08,"MOO18_418_EVIODIST_14.1",-17.53411,-149.76744,"2018","Eviota distigma",3.97887357729738
"1610",1648,"Moorea","Vaiare2","B32","Backreef","3/17/18",2.4,250,"MOO18","419","MOO18_419","Gobiidae","Eviota","cfnebulosa","EVIOCFNE",8.9,12.3,0.02,"MOO18_419_EVIOCFNE_8.9",-17.53411,-149.76744,"2018","Eviota cfnebulosa",3.97887357729738
"1611",1649,"Moorea","Vaiare2","B32","Backreef","3/17/18",2.4,250,"MOO18","420","MOO18_420","Gobiidae","Eviota","cfnebulosa","EVIOCFNE",9.8,13.4,0.022,"MOO18_420_EVIOCFNE_9.8",-17.53411,-149.76744,"2018","Eviota cfnebulosa",3.97887357729738
"1612",1650,"Moorea","Vaiare2","B32","Backreef","3/17/18",2.4,250,"MOO18","421","MOO18_421","Gobiidae","Eviota","afelei","EVIOAFEL",9.4,11.6,0.018,"MOO18_421_EVIOAFEL_9.4",-17.53411,-149.76744,"2018","Eviota afelei",3.97887357729738
"1613",1651,"Moorea","Vaiare2","B32","Backreef","3/17/18",2.4,250,"MOO18","422","MOO18_422","Gobiidae","Eviota","afelei","EVIOAFEL",10,12.2,0.022,"MOO18_422_EVIOAFEL_10",-17.53411,-149.76744,"2018","Eviota afelei",3.97887357729738
"1614",1652,"Moorea","Vaiare2","B32","Backreef","3/17/18",2.4,250,"MOO18","423","MOO18_423","Gobiidae","Eviota","afelei","EVIOAFEL",7.9,9.6,0.012,"MOO18_423_EVIOAFEL_7.9",-17.53411,-149.76744,"2018","Eviota afelei",3.97887357729738
"1615",1653,"Moorea","Vaiare2","B32","Backreef","3/17/18",2.4,250,"MOO18","424","MOO18_424","Gobiidae","Eviota","afelei","EVIOAFEL",7.1,8.5,0.004,"MOO18_424_EVIOAFEL_7.1",-17.53411,-149.76744,"2018","Eviota afelei",3.97887357729738
"1616",2,"Moorea","Tiahura","BB1","Forereef","6/4/19",14.4,270,"MOO19","2","MOO19_002","Pomacentridae","Dascyllus","flavicaudus","DASCFLAV",60.4,72.2,11.2,"MOO19_Dascyllus_flavicaudus",-17.482588,-149.898381,"2019","Dascyllus flavicaudus",4.64095814055967
"1617",3,"Moorea","Tiahura","BB1","Forereef","6/4/19",14.4,270,"MOO19","3","MOO19_003","Pomacanthidae","Centropyge","bispinosa","CENTBISP",60.5,74.8,9.513,"MOO19_Centropyge_bispinosa",-17.482588,-149.898381,"2019","Centropyge bispinosa",4.64095814055967
"1618",4,"Moorea","Tiahura","BB1","Forereef","6/4/19",14.4,270,"MOO19","4","MOO19_004","Pomacanthidae","Centropyge","bispinosa","CENTBISP",52.3,65.1,6.649,"MOO19_Centropyge_bispinosa",-17.482588,-149.898381,"2019","Centropyge bispinosa",4.64095814055967
"1619",5,"Moorea","Tiahura","BB1","Forereef","6/4/19",14.4,270,"MOO19","5","MOO19_005","Pomacanthidae","Centropyge","bispinosa","CENTBISP",42.5,54.3,4.063,"MOO19_Centropyge_bispinosa",-17.482588,-149.898381,"2019","Centropyge bispinosa",4.64095814055967
"1620",6,"Moorea","Tiahura","BB1","Forereef","6/4/19",14.4,270,"MOO19","6","MOO19_006","Cirrhitidae","Paracirrhites","arcatus","PARAARCA",64.8,81.1,8.222,"MOO19_Paracirrhites_arcatus",-17.482588,-149.898381,"2019","Paracirrhites arcatus",4.64095814055967
"1621",7,"Moorea","Tiahura","BB1","Forereef","6/4/19",14.4,270,"MOO19","7","MOO19_007","Cirrhitidae","Neocirrhites","armatus","NEOCARMA",47,59.1,4.315,"MOO19_Neocirrhites_armatus",-17.482588,-149.898381,"2019","Neocirrhites armatus",4.64095814055967
"1622",8,"Moorea","Tiahura","BB1","Forereef","6/4/19",14.4,270,"MOO19","8","MOO19_008","Cirrhitidae","Neocirrhites","armatus","NEOCARMA",37.9,48.5,2.346,"MOO19_Neocirrhites_armatus",-17.482588,-149.898381,"2019","Neocirrhites armatus",4.64095814055967
"1623",9,"Moorea","Tiahura","BB1","Forereef","6/4/19",14.4,270,"MOO19","9","MOO19_009","Cirrhitidae","Neocirrhites","armatus","NEOCARMA",36.8,46.1,1.716,"MOO19_Neocirrhites_armatus",-17.482588,-149.898381,"2019","Neocirrhites armatus",4.64095814055967
"1624",10,"Moorea","Tiahura","BB1","Forereef","6/4/19",14.4,270,"MOO19","10","MOO19_010","Pomacentridae","Chromis","iomelas","CHROIOME",43.9,61.8,3.647,"MOO19_Chromis_iomelas",-17.482588,-149.898381,"2019","Chromis iomelas",4.64095814055967
"1625",11,"Moorea","Tiahura","BB1","Forereef","6/4/19",14.4,270,"MOO19","11","MOO19_011","Pomacentridae","Chromis","iomelas","CHROIOME",43.5,60.7,3.332,"MOO19_Chromis_iomelas",-17.482588,-149.898381,"2019","Chromis iomelas",4.64095814055967
"1626",12,"Moorea","Tiahura","BB1","Forereef","6/4/19",14.4,270,"MOO19","12","MOO19_012","Labridae","Pseudocheilinus","hexataenia","PSEUHEXA",42.7,51,2.102,"MOO19_Pseudocheilinus_hexataenia",-17.482588,-149.898381,"2019","Pseudocheilinus hexataenia",4.64095814055967
"1627",13,"Moorea","Tiahura","BB1","Forereef","6/4/19",14.4,270,"MOO19","13","MOO19_013","Labridae","Pseudocheilinus","hexataenia","PSEUHEXA",31.7,39.6,0.959,"MOO19_Pseudocheilinus_hexataenia",-17.482588,-149.898381,"2019","Pseudocheilinus hexataenia",4.64095814055967
"1628",14,"Moorea","Tiahura","BB1","Forereef","6/4/19",14.4,270,"MOO19","14","MOO19_014","Labridae","Pseudocheilinus","hexataenia","PSEUHEXA",26,34.7,0.701,"MOO19_Pseudocheilinus_hexataenia",-17.482588,-149.898381,"2019","Pseudocheilinus hexataenia",4.64095814055967
"1629",15,"Moorea","Tiahura","BB1","Forereef","6/4/19",14.4,270,"MOO19","15","MOO19_015","Gobiidae","Eviota","albolineata","EVIOALBO",17.4,22.5,0.116,"MOO19_Eviota_albolineata",-17.482588,-149.898381,"2019","Eviota albolineata",4.64095814055967
"1630",16,"Moorea","Tiahura","BB1","Forereef","6/4/19",14.4,270,"MOO19","16","MOO19_016","Apogonidae","Apogon","speA","APOGSPEA",17,20.8,0.115,"MOO19_Apogon_speA",-17.482588,-149.898381,"2019","Apogon speA",4.64095814055967
"1631",17,"Moorea","Tiahura","BB1","Forereef","6/4/19",14.4,270,"MOO19","17","MOO19_017","Tripterygiidae","Enneapterygius","speA","ENNESPEA",14.6,16.8,0.053,"MOO19_Enneapterygius_speA",-17.482588,-149.898381,"2019","Enneapterygius speA",4.64095814055967
"1632",18,"Moorea","Tiahura","BB1","Forereef","6/4/19",14.4,270,"MOO19","18","MOO19_018","Moringuidae","Moringua","speA","MORISPEA",67,67.3,0.224,"MOO19_Moringua_speA",-17.482588,-149.898381,"2019","Moringua speA",4.64095814055967
"1633",19,"Moorea","Tiahura","BB1","Forereef","6/4/19",14.4,270,"MOO19","19","MOO19_019","Serranidae","Pseudogramma","polyacanthum","PSEUPOLY",15.8,17.5,0.066,"MOO19_Pseudogramma_polyacanthum",-17.482588,-149.898381,"2019","Pseudogramma polyacanthum",4.64095814055967
"1634",20,"Moorea","Tiahura","BB1","Forereef","6/4/19",14.4,270,"MOO19","20","MOO19_020","Serranidae","Plectranthias","nanus","PLECNANU",23.5,27.7,0.37,"MOO19_Plectranthias_nanus",-17.482588,-149.898381,"2019","Plectranthias nanus",4.64095814055967
"1635",21,"Moorea","Tiahura","BB1","Forereef","6/4/19",14.4,270,"MOO19","21","MOO19_021","Scorpaenidae","Sebastapistes","fowleri","SEBAFOWL",22.4,27.4,0.418,"MOO19_Sebastapistes_fowleri",-17.482588,-149.898381,"2019","Sebastapistes fowleri",4.64095814055967
"1636",22,"Moorea","Tiahura","BB1","Forereef","6/4/19",14.4,270,"MOO19","22","MOO19_022","Scorpaenidae","Sebastapistes","fowleri","SEBAFOWL",23.2,29.1,0.554,"MOO19_Sebastapistes_fowleri",-17.482588,-149.898381,"2019","Sebastapistes fowleri",4.64095814055967
"1637",23,"Moorea","Tiahura","BB1","Forereef","6/4/19",14.4,270,"MOO19","23","MOO19_023","Scorpaenidae","Sebastapistes","fowleri","SEBAFOWL",20.2,26,0.401,"MOO19_Sebastapistes_fowleri",-17.482588,-149.898381,"2019","Sebastapistes fowleri",4.64095814055967
"1638",24,"Moorea","Tiahura","BB1","Forereef","6/4/19",14.4,270,"MOO19","24","MOO19_024","Scorpaenidae","Sebastapistes","fowleri","SEBAFOWL",22.6,26.8,0.417,"MOO19_Sebastapistes_fowleri",-17.482588,-149.898381,"2019","Sebastapistes fowleri",4.64095814055967
"1639",25,"Moorea","Tiahura","BB1","Forereef","6/4/19",14.4,270,"MOO19","25","MOO19_025","Scorpaenidae","Sebastapistes","fowleri","SEBAFOWL",19.7,25,0.37,"MOO19_Sebastapistes_fowleri",-17.482588,-149.898381,"2019","Sebastapistes fowleri",4.64095814055967
"1640",26,"Moorea","Tiahura","BB1","Forereef","6/4/19",14.4,270,"MOO19","26","MOO19_026","Scorpaenidae","Sebastapistes","fowleri","SEBAFOWL",20,24.8,0.374,"MOO19_Sebastapistes_fowleri",-17.482588,-149.898381,"2019","Sebastapistes fowleri",4.64095814055967
"1641",27,"Moorea","Tiahura","BB1","Forereef","6/4/19",14.4,270,"MOO19","27","MOO19_027","Scorpaenidae","Sebastapistes","fowleri","SEBAFOWL",17,22.2,0.238,"MOO19_Sebastapistes_fowleri",-17.482588,-149.898381,"2019","Sebastapistes fowleri",4.64095814055967
"1642",30,"Moorea","DiveBuoy","BB2","Forereef","6/4/19",12.6,250,"MOO19","30","MOO19_030","Pomacentridae","Dascyllus","flavicaudus","DASCFLAV",57.4,71.1,9.618,"MOO19_Dascyllus_flavicaudus",-17.478533,-149.883128,"2019","Dascyllus flavicaudus",3.97887357729738
"1643",31,"Moorea","DiveBuoy","BB2","Forereef","6/4/19",12.6,250,"MOO19","31","MOO19_031","Pomacentridae","Dascyllus","flavicaudus","DASCFLAV",62.6,73.5,1.101,"MOO19_Dascyllus_flavicaudus",-17.478533,-149.883128,"2019","Dascyllus flavicaudus",3.97887357729738
"1644",32,"Moorea","DiveBuoy","BB2","Forereef","6/4/19",12.6,250,"MOO19","32","MOO19_032","Pomacentridae","Chromis","iomelas","CHROIOME",37.9,54.8,2.757,"MOO19_Chromis_iomelas",-17.478533,-149.883128,"2019","Chromis iomelas",3.97887357729738
"1645",33,"Moorea","DiveBuoy","BB2","Forereef","6/4/19",12.6,250,"MOO19","33","MOO19_033","Pomacentridae","Chromis","iomelas","CHROIOME",32.1,51.7,1.815,"MOO19_Chromis_iomelas",-17.478533,-149.883128,"2019","Chromis iomelas",3.97887357729738
"1646",34,"Moorea","DiveBuoy","BB2","Forereef","6/4/19",12.6,250,"MOO19","34","MOO19_034","Pomacanthidae","Centropyge","bispinosa","CENTBISP",40,50.4,3.151,"MOO19_Centropyge_bispinosa",-17.478533,-149.883128,"2019","Centropyge bispinosa",3.97887357729738
"1647",35,"Moorea","DiveBuoy","BB2","Forereef","6/4/19",12.6,250,"MOO19","35","MOO19_035","Cirrhitidae","Neocirrhites","armatus","NEOCARMA",49.6,62.3,5.892,"MOO19_Neocirrhites_armatus",-17.478533,-149.883128,"2019","Neocirrhites armatus",3.97887357729738
"1648",36,"Moorea","DiveBuoy","BB2","Forereef","6/4/19",12.6,250,"MOO19","36","MOO19_036","Labridae","Pseudocheilinus","hexataenia","PSEUHEXA",31.9,42.5,1.237,"MOO19_Pseudocheilinus_hexataenia",-17.478533,-149.883128,"2019","Pseudocheilinus hexataenia",3.97887357729738
"1649",37,"Moorea","DiveBuoy","BB2","Forereef","6/4/19",12.6,250,"MOO19","37","MOO19_037","Muraenidae","Uropterygius","fuscoguttatus","UROPFUSC",134.4,134.4,5.025,"MOO19_Uropterygius_fuscoguttatus",-17.478533,-149.883128,"2019","Uropterygius fuscoguttatus",3.97887357729738
"1650",39,"Moorea","DiveBuoy","BB2","Forereef","6/4/19",12.6,250,"MOO19","39","MOO19_039","Serranidae","Cephalopholis","urodeta","CEPHUROD",57.5,76.3,6.008,"MOO19_Cephalopholis_urodeta",-17.478533,-149.883128,"2019","Cephalopholis urodeta",3.97887357729738
"1651",40,"Moorea","DiveBuoy","BB2","Forereef","6/4/19",12.6,250,"MOO19","40","MOO19_040","Gobiidae","Priolepis","compita","PRIOCOMP",13.5,17,0.042,"MOO19_Priolepis_compita",-17.478533,-149.883128,"2019","Priolepis compita",3.97887357729738
"1652",41,"Moorea","DiveBuoy","BB2","Forereef","6/4/19",12.6,250,"MOO19","41","MOO19_041","Gobiidae","Priolepis","compita","PRIOCOMP",8.1,11.4,0.009,"MOO19_Priolepis_compita",-17.478533,-149.883128,"2019","Priolepis compita",3.97887357729738
"1653",42,"Moorea","DiveBuoy","BB2","Forereef","6/4/19",12.6,250,"MOO19","42","MOO19_042","Gobiidae","Trimmatom","speA","TRIMSPEA",8.5,10.3,0.007,"MOO19_Trimmatom_speA",-17.478533,-149.883128,"2019","Trimmatom eviotops",3.97887357729738
"1654",43,"Moorea","DiveBuoy","BB2","Forereef","6/4/19",12.6,250,"MOO19","43","MOO19_043","Gobiidae","Trimmatom","speA","TRIMSPEA",8.2,10,0.007,"MOO19_Trimmatom_speA",-17.478533,-149.883128,"2019","Trimmatom eviotops",3.97887357729738
"1655",44,"Moorea","DiveBuoy","BB2","Forereef","6/4/19",12.6,250,"MOO19","44","MOO19_044","Gobiidae","Eviota","albolineata","EVIOALBO",10.3,15,0.02,"MOO19_Eviota_albolineata",-17.478533,-149.883128,"2019","Eviota albolineata",3.97887357729738
"1656",45,"Moorea","DiveBuoy","BB2","Forereef","6/4/19",12.6,250,"MOO19","45","MOO19_045","Gobiidae","Eviota","albolineata","EVIOALBO",18.2,22.3,0.109,"MOO19_Eviota_albolineata",-17.478533,-149.883128,"2019","Eviota albolineata",3.97887357729738
"1657",46,"Moorea","DiveBuoy","BB2","Forereef","6/4/19",12.6,250,"MOO19","46","MOO19_046","Gobiidae","Eviota","albolineata","EVIOALBO",19.3,23.9,0.135,"MOO19_Eviota_albolineata",-17.478533,-149.883128,"2019","Eviota albolineata",3.97887357729738
"1658",47,"Moorea","DiveBuoy","BB2","Forereef","6/4/19",12.6,250,"MOO19","47","MOO19_047","Gobiidae","Paragobiodon","modestus","PARAMODE",15.7,23.1,0.276,"MOO19_Paragobiodon_modestus",-17.478533,-149.883128,"2019","Paragobiodon modestus",3.97887357729738
"1659",48,"Moorea","DiveBuoy","BB2","Forereef","6/4/19",12.6,250,"MOO19","48","MOO19_048","Serranidae","Pseudogramma","polyacanthum","PSEUPOLY",10.7,14.1,0.026,"MOO19_Pseudogramma_polyacanthum",-17.478533,-149.883128,"2019","Pseudogramma polyacanthum",3.97887357729738
"1660",49,"Moorea","DiveBuoy","BB2","Forereef","6/4/19",12.6,250,"MOO19","49","MOO19_049","Serranidae","Pseudogramma","polyacanthum","PSEUPOLY",19.6,22,0.129,"MOO19_Pseudogramma_polyacanthum",-17.478533,-149.883128,"2019","Pseudogramma polyacanthum",3.97887357729738
"1661",50,"Moorea","DiveBuoy","BB2","Forereef","6/4/19",12.6,250,"MOO19","50","MOO19_050","Serranidae","Plectranthias","nanus","PLECNANU",14.7,18.6,0.101,"MOO19_Plectranthias_nanus",-17.478533,-149.883128,"2019","Plectranthias nanus",3.97887357729738
"1662",51,"Moorea","DiveBuoy","BB2","Forereef","6/4/19",12.6,250,"MOO19","51","MOO19_051","Scorpaenidae","Sebastapistes","fowleri","SEBAFOWL",17.9,21.6,0.196,"MOO19_Sebastapistes_fowleri",-17.478533,-149.883128,"2019","Sebastapistes fowleri",3.97887357729738
"1663",52,"Moorea","DiveBuoy","BB2","Forereef","6/4/19",12.6,250,"MOO19","52","MOO19_052","Scorpaenidae","Sebastapistes","fowleri","SEBAFOWL",22,26.6,0.407,"MOO19_Sebastapistes_fowleri",-17.478533,-149.883128,"2019","Sebastapistes fowleri",3.97887357729738
"1664",53,"Moorea","Maharepa","BB3","Forereef","6/5/19",10.1,240,"MOO19","53","MOO19_053","Pomacentridae","Dascyllus","flavicaudus","DASCFLAV",64.1,75.6,12.267,"MOO19_Dascyllus_flavicaudus",-17.471561,-149.806091,"2019","Dascyllus flavicaudus",3.66692988883727
"1665",54,"Moorea","Maharepa","BB3","Forereef","6/5/19",10.1,240,"MOO19","54","MOO19_054","Pomacentridae","Dascyllus","flavicaudus","DASCFLAV",42.3,52.5,3.749,"MOO19_Dascyllus_flavicaudus",-17.471561,-149.806091,"2019","Dascyllus flavicaudus",3.66692988883727
"1666",55,"Moorea","Maharepa","BB3","Forereef","6/5/19",10.1,240,"MOO19","55","MOO19_055","Pomacentridae","Dascyllus","flavicaudus","DASCFLAV",28.7,39.9,1.689,"MOO19_Dascyllus_flavicaudus",-17.471561,-149.806091,"2019","Dascyllus flavicaudus",3.66692988883727
"1667",56,"Moorea","Maharepa","BB3","Forereef","6/5/19",10.1,240,"MOO19","56","MOO19_056","Cirrhitidae","Neocirrhites","armatus","NEOCARMA",59.9,72.6,8.181,"MOO19_Neocirrhites_armatus",-17.471561,-149.806091,"2019","Neocirrhites armatus",3.66692988883727
"1668",57,"Moorea","Maharepa","BB3","Forereef","6/5/19",10.1,240,"MOO19","57","MOO19_057","Cirrhitidae","Neocirrhites","armatus","NEOCARMA",50.9,61.6,4.89,"MOO19_Neocirrhites_armatus",-17.471561,-149.806091,"2019","Neocirrhites armatus",3.66692988883727
"1669",58,"Moorea","Maharepa","BB3","Forereef","6/5/19",10.1,240,"MOO19","58","MOO19_058","Cirrhitidae","Neocirrhites","armatus","NEOCARMA",36.3,45.4,1.466,"MOO19_Neocirrhites_armatus",-17.471561,-149.806091,"2019","Neocirrhites armatus",3.66692988883727
"1670",59,"Moorea","Maharepa","BB3","Forereef","6/5/19",10.1,240,"MOO19","59","MOO19_059","Cirrhitidae","Paracirrhites","arcatus","PARAARCA",68.9,83.7,9.39,"MOO19_Paracirrhites_arcatus",-17.471561,-149.806091,"2019","Paracirrhites arcatus",3.66692988883727
"1671",60,"Moorea","Maharepa","BB3","Forereef","6/5/19",10.1,240,"MOO19","60","MOO19_060","Cirrhitidae","Paracirrhites","arcatus","PARAARCA",35.2,44.8,1.264,"MOO19_Paracirrhites_arcatus",-17.471561,-149.806091,"2019","Paracirrhites arcatus",3.66692988883727
"1672",61,"Moorea","Maharepa","BB3","Forereef","6/5/19",10.1,240,"MOO19","61","MOO19_061","Labridae","Pseudocheilinus","hexataenia","PSEUHEXA",43.4,53.9,2.203,"MOO19_Pseudocheilinus_hexataenia",-17.471561,-149.806091,"2019","Pseudocheilinus hexataenia",3.66692988883727
"1673",62,"Moorea","Maharepa","BB3","Forereef","6/5/19",10.1,240,"MOO19","62","MOO19_062","Scorpaenidae","Caracanthus","maculatus","CARAMACU",38.6,48.3,4.167,"MOO19_Caracanthus_maculatus",-17.471561,-149.806091,"2019","Caracanthus maculatus",3.66692988883727
"1674",63,"Moorea","Maharepa","BB3","Forereef","6/5/19",10.1,240,"MOO19","63","MOO19_063","Labridae","Thalassoma","heiseri","THALHEIS",39.9,44.7,1.188,"MOO19_Thalassoma_heiseri",-17.471561,-149.806091,"2019","Thalassoma heiseri",3.66692988883727
"1675",64,"Moorea","Maharepa","BB3","Forereef","6/5/19",10.1,240,"MOO19","64","MOO19_064","Serranidae","Pseudogramma","polyacanthum","PSEUPOLY",22.7,24.6,0.196,"MOO19_Pseudogramma_polyacanthum",-17.471561,-149.806091,"2019","Pseudogramma polyacanthum",3.66692988883727
"1676",65,"Moorea","Maharepa","BB3","Forereef","6/5/19",10.1,240,"MOO19","65","MOO19_065","Serranidae","Pseudogramma","polyacanthum","PSEUPOLY",17.6,21.7,0.103,"MOO19_Pseudogramma_polyacanthum",-17.471561,-149.806091,"2019","Pseudogramma polyacanthum",3.66692988883727
"1677",66,"Moorea","Maharepa","BB3","Forereef","6/5/19",10.1,240,"MOO19","66","MOO19_066","Gobiidae","Eviota","albolineata","EVIOALBO",18.5,22.6,0.079,"MOO19_Eviota_albolineata",-17.471561,-149.806091,"2019","Eviota albolineata",3.66692988883727
"1678",67,"Moorea","Maharepa","BB3","Forereef","6/5/19",10.1,240,"MOO19","67","MOO19_067","Tripterygiidae","Enneapterygius","pyramis","ENNEPYRA",18.1,22.2,0.098,"MOO19_Enneapterygius_pyramis",-17.471561,-149.806091,"2019","Enneapterygius pyramis",3.66692988883727
"1679",68,"Moorea","Maharepa","BB3","Forereef","6/5/19",10.1,240,"MOO19","68","MOO19_068","Tripterygiidae","Enneapterygius","pyramis","ENNEPYRA",12.9,17.2,0.046,"MOO19_Enneapterygius_pyramis",-17.471561,-149.806091,"2019","Enneapterygius pyramis",3.66692988883727
"1680",69,"Moorea","Maharepa","BB3","Forereef","6/5/19",10.1,240,"MOO19","69","MOO19_069","Apogonidae","Ostorhinchus","angustatus","OSTOANGU",13.6,20.7,0.07,"MOO19_Ostorhinchus_angustatus",-17.471561,-149.806091,"2019","Ostorhinchus angustatus",3.66692988883727
"1681",70,"Moorea","Maharepa","BB3","Forereef","6/5/19",10.1,240,"MOO19","70","MOO19_070","Gobiidae","Priolepis","compita","PRIOCOMP",8.4,13,0.019,"MOO19_Priolepis_compita",-17.471561,-149.806091,"2019","Priolepis compita",3.66692988883727
"1682",71,"Moorea","Maharepa","BB3","Forereef","6/5/19",10.1,240,"MOO19","71","MOO19_071","Gobiidae","Trimmatom","speA","TRIMSPEA",8.8,10.7,0.009,"MOO19_Trimmatom_speA",-17.471561,-149.806091,"2019","Trimmatom eviotops",3.66692988883727
"1683",72,"Moorea","Hilton","BB4","Forereef","6/5/19",12.2,210,"MOO19","72","MOO19_072","Cirrhitidae","Neocirrhites","armatus","NEOCARMA",53.9,65.9,5.625,"MOO19_Neocirrhites_armatus",-17.475899,-149.844465,"2019","Neocirrhites armatus",2.80749319614103
"1684",73,"Moorea","Hilton","BB4","Forereef","6/5/19",12.2,210,"MOO19","73","MOO19_073","Cirrhitidae","Neocirrhites","armatus","NEOCARMA",42.1,52.8,2.261,"MOO19_Neocirrhites_armatus",-17.475899,-149.844465,"2019","Neocirrhites armatus",2.80749319614103
"1685",74,"Moorea","Hilton","BB4","Forereef","6/5/19",12.2,210,"MOO19","74","MOO19_074","Cirrhitidae","Paracirrhites","arcatus","PARAARCA",69.7,83.2,7.715,"MOO19_Paracirrhites_arcatus",-17.475899,-149.844465,"2019","Paracirrhites arcatus",2.80749319614103
"1686",75,"Moorea","Hilton","BB4","Forereef","6/5/19",12.2,210,"MOO19","75","MOO19_075","Scorpaenidae","Caracanthus","maculatus","CARAMACU",26.9,34.5,1.368,"MOO19_Caracanthus_maculatus",-17.475899,-149.844465,"2019","Caracanthus maculatus",2.80749319614103
"1687",76,"Moorea","Hilton","BB4","Forereef","6/5/19",12.2,210,"MOO19","76","MOO19_076","Scorpaenidae","Caracanthus","maculatus","CARAMACU",26.9,34,1.302,"MOO19_Caracanthus_maculatus",-17.475899,-149.844465,"2019","Caracanthus maculatus",2.80749319614103
"1688",77,"Moorea","Hilton","BB4","Forereef","6/5/19",12.2,210,"MOO19","77","MOO19_077","Labridae","Pseudocheilinus","hexataenia","PSEUHEXA",28.8,36.2,0.715,"MOO19_Pseudocheilinus_hexataenia",-17.475899,-149.844465,"2019","Pseudocheilinus hexataenia",2.80749319614103
"1689",78,"Moorea","Hilton","BB4","Forereef","6/5/19",12.2,210,"MOO19","78","MOO19_078","Pomacentridae","Plectroglyphidodon","lacrymatus","PLECLACR",38.8,50.2,2.621,"MOO19_Plectroglyphidodon_lacrymatus",-17.475899,-149.844465,"2019","Plectroglyphidodon lacrymatus",2.80749319614103
"1690",79,"Moorea","Hilton","BB4","Forereef","6/5/19",12.2,210,"MOO19","79","MOO19_079","Serranidae","Pseudogramma","polyacanthum","PSEUPOLY",31.9,38.4,0.681,"MOO19_Pseudogramma_polyacanthum",-17.475899,-149.844465,"2019","Pseudogramma polyacanthum",2.80749319614103
"1691",80,"Moorea","Hilton","BB4","Forereef","6/5/19",12.2,210,"MOO19","80","MOO19_080","Serranidae","Pseudogramma","polyacanthum","PSEUPOLY",32.2,35.7,0.548,"MOO19_Pseudogramma_polyacanthum",-17.475899,-149.844465,"2019","Pseudogramma polyacanthum",2.80749319614103
"1692",81,"Moorea","Hilton","BB4","Forereef","6/5/19",12.2,210,"MOO19","81","MOO19_081","Gobiidae","Paragobiodon","lacunicolus","PARALACU",18.5,23.8,0.249,"MOO19_Paragobiodon_lacuniculus",-17.475899,-149.844465,"2019","Paragobiodon lacunicolus",2.80749319614103
"1693",82,"Moorea","Hilton","BB4","Forereef","6/5/19",12.2,210,"MOO19","82","MOO19_082","Gobiidae","Paragobiodon","lacunicolus","PARALACU",17.4,21.7,0.261,"MOO19_Paragobiodon_lacuniculus",-17.475899,-149.844465,"2019","Paragobiodon lacunicolus",2.80749319614103
"1694",83,"Moorea","Hilton","BB4","Forereef","6/5/19",12.2,210,"MOO19","83","MOO19_083","Moringuidae","Moringua","speA","MORISPEA",67.8,67.8,0.219,"MOO19_Moringua_speA",-17.475899,-149.844465,"2019","Moringua speA",2.80749319614103
"1695",84,"Moorea","Hilton","BB4","Forereef","6/5/19",12.2,210,"MOO19","84","MOO19_084","Gobiidae","Callogobius","speA","CALLSPEA",7.4,9.7,0.008,"MOO19_Callogobius_speA",-17.475899,-149.844465,"2019","Callogobius speA",2.80749319614103
"1696",85,"Moorea","Hilton","BB4","Forereef","6/5/19",12.2,210,"MOO19","85","MOO19_085","Tripterygiidae","Enneapterygius","speA","ENNESPEA",15.9,20.2,0.065,"MOO19_Enneapterygius_speA",-17.475899,-149.844465,"2019","Enneapterygius speA",2.80749319614103
"1697",86,"Moorea","Hilton","BB4","Forereef","6/5/19",12.2,210,"MOO19","86","MOO19_086","Tripterygiidae","Enneapterygius","pyramis","ENNEPYRA",12.8,15.2,0.026,"MOO19_Enneapterygius_pyramis",-17.475899,-149.844465,"2019","Enneapterygius pyramis",2.80749319614103
"1698",87,"Moorea","TiahuraIn","BB5","Backreef","6/7/19",1.5,300,"MOO19","87","MOO19_087","Labridae","Thalassoma","hardwicke","THALHARD",37,46.2,1.363,"MOO19_Thalassoma_hardwicke",-17.485974,-149.890404,"2019","Thalassoma hardwicke",5.72957795130823
"1699",88,"Moorea","TiahuraIn","BB5","Backreef","6/7/19",1.5,300,"MOO19","88","MOO19_088","Pomacentridae","Pomacentrus","pavo","POMAPAVO",41.2,51,2.145,"MOO19_Pomacentrus_pavo",-17.485974,-149.890404,"2019","Pomacentrus pavo",5.72957795130823
"1700",89,"Moorea","TiahuraIn","BB5","Backreef","6/7/19",1.5,300,"MOO19","89","MOO19_089","Apogonidae","Fowleria","marmorata","FOWLMARM",39.2,48.4,1.855,"MOO19_Fowleria_marmorata",-17.485974,-149.890404,"2019","Fowleria marmorata",5.72957795130823
"1701",90,"Moorea","TiahuraIn","BB5","Backreef","6/7/19",1.5,300,"MOO19","90","MOO19_090","Apogonidae","Fowleria","marmorata","FOWLMARM",27.1,40,0.585,"MOO19_Fowleria_marmorata",-17.485974,-149.890404,"2019","Fowleria marmorata",5.72957795130823
"1702",91,"Moorea","TiahuraIn","BB5","Backreef","6/7/19",1.5,300,"MOO19","91","MOO19_091","Gobiidae","Priolepis","squamogena","PRIOSQUA",24.5,28.1,0.241,"MOO19_Priolepis_squamogena",-17.485974,-149.890404,"2019","Priolepis squamogena",5.72957795130823
"1703",92,"Moorea","TiahuraIn","BB5","Backreef","6/7/19",1.5,300,"MOO19","92","MOO19_092","Gobiidae","Priolepis","squamogena","PRIOSQUA",25.8,31.3,0.315,"MOO19_Priolepis_squamogena",-17.485974,-149.890404,"2019","Priolepis squamogena",5.72957795130823
"1704",93,"Moorea","TiahuraIn","BB5","Backreef","6/7/19",1.5,300,"MOO19","93","MOO19_093","Gobiidae","Priolepis","semidoliata","PRIOSEMI",15.7,24.4,0.143,"MOO19_Priolepis_semidoliata",-17.485974,-149.890404,"2019","Priolepis semidoliata",5.72957795130823
"1705",94,"Moorea","TiahuraIn","BB5","Backreef","6/7/19",1.5,300,"MOO19","94","MOO19_094","Gobiidae","Priolepis","semidoliata","PRIOSEMI",17.4,27.7,0.135,"MOO19_Priolepis_semidoliata",-17.485974,-149.890404,"2019","Priolepis semidoliata",5.72957795130823
"1706",95,"Moorea","TiahuraIn","BB5","Backreef","6/7/19",1.5,300,"MOO19","95","MOO19_095","Gobiidae","Priolepis","semidoliata","PRIOSEMI",7.3,12.1,0.02,"MOO19_Priolepis_semidoliata",-17.485974,-149.890404,"2019","Priolepis semidoliata",5.72957795130823
"1707",96,"Moorea","TiahuraIn","BB5","Backreef","6/7/19",1.5,300,"MOO19","96","MOO19_096","Gobiidae","Fusigobius","neophytus","FUSINEOP",38.8,48.8,0.96,"MOO19_Fusigobius_neophytus",-17.485974,-149.890404,"2019","Fusigobius neophytus",5.72957795130823
"1708",97,"Moorea","TiahuraIn","BB5","Backreef","6/7/19",1.5,300,"MOO19","97","MOO19_097","Gobiidae","Fusigobius","neophytus","FUSINEOP",36.2,44.8,0.79,"MOO19_Fusigobius_neophytus",-17.485974,-149.890404,"2019","Fusigobius neophytus",5.72957795130823
"1709",98,"Moorea","TiahuraIn","BB5","Backreef","6/7/19",1.5,300,"MOO19","98","MOO19_098","Gobiidae","Gnatholepis","cauerensis","GNATCAUE",26.6,31.6,0.275,"MOO19_Gnatholepis_cauerensis",-17.485974,-149.890404,"2019","Gnatholepis cauerensis",5.72957795130823
"1710",99,"Moorea","TiahuraIn","BB5","Backreef","6/7/19",1.5,300,"MOO19","99","MOO19_099","Gobiidae","Fusigobius","neophytus","FUSINEOP",26.4,32.4,0.273,"MOO19_Fusigobius_neophytus",-17.485974,-149.890404,"2019","Fusigobius neophytus",5.72957795130823
"1711",100,"Moorea","TiahuraIn","BB5","Backreef","6/7/19",1.5,300,"MOO19","100","MOO19_100","Gobiidae","Fusigobius","neophytus","FUSINEOP",26.3,36.9,0.398,"MOO19_Fusigobius_neophytus",-17.485974,-149.890404,"2019","Fusigobius neophytus",5.72957795130823
"1712",101,"Moorea","TiahuraIn","BB5","Backreef","6/7/19",1.5,300,"MOO19","101","MOO19_101","Blenniidae","Glyptoparus","delicatulus","GLYPDELI",25.9,29.3,0.2,"MOO19_Glyptoparus_delicatulus",-17.485974,-149.890404,"2019","Glyptoparus delicatulus",5.72957795130823
"1713",102,"Moorea","TiahuraIn","BB5","Backreef","6/7/19",1.5,300,"MOO19","102","MOO19_102","Blenniidae","Glyptoparus","delicatulus","GLYPDELI",22.8,24.4,0.131,"MOO19_Glyptoparus_delicatulus",-17.485974,-149.890404,"2019","Glyptoparus delicatulus",5.72957795130823
"1714",103,"Moorea","TiahuraIn","BB5","Backreef","6/7/19",1.5,300,"MOO19","103","MOO19_103","Blenniidae","Glyptoparus","delicatulus","GLYPDELI",24,28.6,0.181,"MOO19_Glyptoparus_delicatulus",-17.485974,-149.890404,"2019","Glyptoparus delicatulus",5.72957795130823
"1715",104,"Moorea","TiahuraIn","BB5","Backreef","6/7/19",1.5,300,"MOO19","104","MOO19_104","Blenniidae","Glyptoparus","delicatulus","GLYPDELI",22.3,27.7,0.211,"MOO19_Glyptoparus_delicatulus",-17.485974,-149.890404,"2019","Glyptoparus delicatulus",5.72957795130823
"1716",105,"Moorea","TiahuraIn","BB5","Backreef","6/7/19",1.5,300,"MOO19","105","MOO19_105","Gobiidae","Pleurosicya","labiata","PLEULABI",15.4,18,0.048,"MOO19_Pleurosicya_labiata",-17.485974,-149.890404,"2019","Pleurosicya labiata",5.72957795130823
"1717",106,"Moorea","TiahuraIn","BB5","Backreef","6/7/19",1.5,300,"MOO19","106","MOO19_106","Gobiidae","Pleurosicya","labiata","PLEULABI",13,14.9,0.029,"MOO19_Pleurosicya_labiata",-17.485974,-149.890404,"2019","Pleurosicya labiata",5.72957795130823
"1718",107,"Moorea","TiahuraIn","BB5","Backreef","6/7/19",1.5,300,"MOO19","107","MOO19_107","Gobiidae","Pleurosicya","labiata","PLEULABI",14,17,0.042,"MOO19_Pleurosicya_labiata",-17.485974,-149.890404,"2019","Pleurosicya labiata",5.72957795130823
"1719",108,"Moorea","TiahuraIn","BB5","Backreef","6/7/19",1.5,300,"MOO19","108","MOO19_108","Gobiidae","Pleurosicya","labiata","PLEULABI",14.1,18.1,0.057,"MOO19_Pleurosicya_labiata",-17.485974,-149.890404,"2019","Pleurosicya labiata",5.72957795130823
"1720",109,"Moorea","TiahuraIn","BB5","Backreef","6/7/19",1.5,300,"MOO19","109","MOO19_109","Gobiidae","Eviota","albolineata","EVIOALBO",19.3,23.3,0.123,"MOO19_Eviota_albolineata",-17.485974,-149.890404,"2019","Eviota albolineata",5.72957795130823
"1721",110,"Moorea","TiahuraIn","BB5","Backreef","6/7/19",1.5,300,"MOO19","110","MOO19_110","Gobiidae","Eviota","infulata","EVIOINFU",9.9,12.6,0.019,"MOO19_Eviota_infulata",-17.485974,-149.890404,"2019","Eviota infulata",5.72957795130823
"1722",111,"Moorea","TiahuraIn","BB5","Backreef","6/7/19",1.5,300,"MOO19","111","MOO19_111","Gobiidae","Eviota","infulata","EVIOINFU",10.4,13.1,0.021,"MOO19_Eviota_infulata",-17.485974,-149.890404,"2019","Eviota infulata",5.72957795130823
"1723",112,"Moorea","TiahuraIn","BB5","Backreef","6/7/19",1.5,300,"MOO19","112","MOO19_112","Gobiidae","Eviota","afelei","EVIOAFEL",14.8,18.4,0.059,"MOO19_Eviota_afelei",-17.485974,-149.890404,"2019","Eviota afelei",5.72957795130823
"1724",113,"Moorea","TiahuraIn","BB5","Backreef","6/7/19",1.5,300,"MOO19","113","MOO19_113","Gobiidae","Eviota","afelei","EVIOAFEL",15.9,19.1,0.088,"MOO19_Eviota_afelei",-17.485974,-149.890404,"2019","Eviota afelei",5.72957795130823
"1725",114,"Moorea","TiahuraIn","BB5","Backreef","6/7/19",1.5,300,"MOO19","114","MOO19_114","Gobiidae","Eviota","afelei","EVIOAFEL",13,16.2,0.044,"MOO19_Eviota_afelei",-17.485974,-149.890404,"2019","Eviota afelei",5.72957795130823
"1726",115,"Moorea","TiahuraIn","BB5","Backreef","6/7/19",1.5,300,"MOO19","115","MOO19_115","Gobiidae","Eviota","afelei","EVIOAFEL",11.06,13.8,0.03,"MOO19_Eviota_afelei",-17.485974,-149.890404,"2019","Eviota afelei",5.72957795130823
"1727",116,"Moorea","TiahuraIn","BB5","Backreef","6/7/19",1.5,300,"MOO19","116","MOO19_116","Gobiidae","Eviota","afelei","EVIOAFEL",12.1,13.6,0.038,"MOO19_Eviota_afelei",-17.485974,-149.890404,"2019","Eviota afelei",5.72957795130823
"1728",117,"Moorea","TiahuraIn","BB5","Backreef","6/7/19",1.5,300,"MOO19","117","MOO19_117","Gobiidae","Eviota","afelei","EVIOAFEL",12.8,15.5,0.033,"MOO19_Eviota_afelei",-17.485974,-149.890404,"2019","Eviota afelei",5.72957795130823
"1729",118,"Moorea","TiahuraIn","BB5","Backreef","6/7/19",1.5,300,"MOO19","118","MOO19_118","Gobiidae","Eviota","afelei","EVIOAFEL",14.3,16.2,0.061,"MOO19_Eviota_afelei",-17.485974,-149.890404,"2019","Eviota afelei",5.72957795130823
"1730",119,"Moorea","TiahuraIn","BB5","Backreef","6/7/19",1.5,300,"MOO19","119","MOO19_119","Gobiidae","Eviota","afelei","EVIOAFEL",12.6,13.6,0.031,"MOO19_Eviota_afelei",-17.485974,-149.890404,"2019","Eviota afelei",5.72957795130823
"1731",120,"Moorea","TiahuraIn","BB5","Backreef","6/7/19",1.5,300,"MOO19","120","MOO19_120","Gobiidae","Eviota","afelei","EVIOAFEL",11.7,13.7,0.038,"MOO19_Eviota_afelei",-17.485974,-149.890404,"2019","Eviota afelei",5.72957795130823
"1732",121,"Moorea","TiahuraIn","BB5","Backreef","6/7/19",1.5,300,"MOO19","121","MOO19_121","Gobiidae","Eviota","afelei","EVIOAFEL",10.5,12.7,0.03,"MOO19_Eviota_afelei",-17.485974,-149.890404,"2019","Eviota afelei",5.72957795130823
"1733",122,"Moorea","TiahuraIn","BB5","Backreef","6/7/19",1.5,300,"MOO19","122","MOO19_122","Gobiidae","Eviota","afelei","EVIOAFEL",8.8,10.5,0.015,"MOO19_Eviota_afelei",-17.485974,-149.890404,"2019","Eviota afelei",5.72957795130823
"1734",123,"Moorea","TiahuraIn","BB5","Backreef","6/7/19",1.5,300,"MOO19","123","MOO19_123","Gobiidae","Eviota","afelei","EVIOAFEL",8,9.3,0.005,"MOO19_Eviota_afelei",-17.485974,-149.890404,"2019","Eviota afelei",5.72957795130823
"1735",124,"Moorea","TiahuraIn","BB5","Backreef","6/7/19",1.5,300,"MOO19","124","MOO19_124","Gobiidae","Eviota","afelei","EVIOAFEL",5.8,7.5,0.004,"MOO19_Eviota_afelei",-17.485974,-149.890404,"2019","Eviota afelei",5.72957795130823
"1736",125,"Moorea","TiahuraIn","BB5","Backreef","6/7/19",1.5,300,"MOO19","125","MOO19_125","Gobiidae","Eviota","afelei","EVIOAFEL",4,6.2,0.004,"MOO19_Eviota_afelei",-17.485974,-149.890404,"2019","Eviota afelei",5.72957795130823
"1737",126,"Moorea","TiahuraIn","BB5","Backreef","6/7/19",1.5,300,"MOO19","126","MOO19_126","Gobiidae","Eviota","afelei","EVIOAFEL",3.6,6.2,0.004,"MOO19_Eviota_afelei",-17.485974,-149.890404,"2019","Eviota afelei",5.72957795130823
"1738",127,"Moorea","TiahuraIn","BB5","Backreef","6/7/19",1.5,300,"MOO19","127","MOO19_127","Gobiidae","Eviota","afelei","EVIOAFEL",4.4,6.3,0.004,"MOO19_Eviota_afelei",-17.485974,-149.890404,"2019","Eviota afelei",5.72957795130823
"1739",128,"Moorea","TiahuraIn","BB5","Backreef","6/7/19",1.5,300,"MOO19","128","MOO19_128","Gobiidae","Eviota","afelei","EVIOAFEL",5.2,8.6,0.01,"MOO19_Eviota_afelei",-17.485974,-149.890404,"2019","Eviota afelei",5.72957795130823
"1740",129,"Moorea","TiahuraIn","BB5","Backreef","6/7/19",1.5,300,"MOO19","129","MOO19_129","Gobiidae","Eviota","afelei","EVIOAFEL",4.2,7.7,0.008,"MOO19_Eviota_afelei",-17.485974,-149.890404,"2019","Eviota afelei",5.72957795130823
"1741",130,"Moorea","TiahuraIn","BB5","Backreef","6/7/19",1.5,300,"MOO19","130","MOO19_130","Gobiidae","Eviota","afelei","EVIOAFEL",5.2,7.9,0.006,"MOO19_Eviota_afelei",-17.485974,-149.890404,"2019","Eviota afelei",5.72957795130823
"1742",131,"Moorea","TiahuraIn","BB5","Backreef","6/7/19",1.5,300,"MOO19","131","MOO19_131","Gobiidae","Eviota","afelei","EVIOAFEL",11.4,14,0.026,"MOO19_Eviota_afelei",-17.485974,-149.890404,"2019","Eviota afelei",5.72957795130823
"1743",132,"Moorea","TiahuraIn","BB5","Backreef","6/7/19",1.5,300,"MOO19","132","MOO19_132","Gobiidae","Eviota","afelei","EVIOAFEL",9.1,13.8,0.029,"MOO19_Eviota_afelei",-17.485974,-149.890404,"2019","Eviota afelei",5.72957795130823
"1744",133,"Moorea","TiahuraIn","BB5","Backreef","6/7/19",1.5,300,"MOO19","133","MOO19_133","Gobiidae","Eviota","afelei","EVIOAFEL",9.1,12.6,0.023,"MOO19_Eviota_afelei",-17.485974,-149.890404,"2019","Eviota afelei",5.72957795130823
"1745",134,"Moorea","TiahuraIn","BB5","Backreef","6/7/19",1.5,300,"MOO19","134","MOO19_134","Gobiidae","Eviota","afelei","EVIOAFEL",8.5,11.5,0.022,"MOO19_Eviota_afelei",-17.485974,-149.890404,"2019","Eviota afelei",5.72957795130823
"1746",135,"Moorea","TiahuraIn","BB5","Backreef","6/7/19",1.5,300,"MOO19","135","MOO19_135","Gobiidae","Eviota","disrupta","EVIODISR",12.7,16.9,0.054,"MOO19_Eviota_disrupta",-17.485974,-149.890404,"2019","Eviota disrupta",5.72957795130823
"1747",136,"Moorea","TiahuraIn","BB5","Backreef","6/7/19",1.5,300,"MOO19","136","MOO19_136","Gobiidae","Eviota","disrupta","EVIODISR",14.2,17.8,0.062,"MOO19_Eviota_disrupta",-17.485974,-149.890404,"2019","Eviota disrupta",5.72957795130823
"1748",137,"Moorea","TiahuraIn","BB5","Backreef","6/7/19",1.5,300,"MOO19","137","MOO19_137","Gobiidae","Eviota","disrupta","EVIODISR",13.5,18,0.066,"MOO19_Eviota_disrupta",-17.485974,-149.890404,"2019","Eviota disrupta",5.72957795130823
"1749",138,"Moorea","TiahuraIn","BB5","Backreef","6/7/19",1.5,300,"MOO19","138","MOO19_138","Gobiidae","Eviota","disrupta","EVIODISR",8.9,10.4,0.014,"MOO19_Eviota_disrupta",-17.485974,-149.890404,"2019","Eviota disrupta",5.72957795130823
"1750",139,"Moorea","TiahuraIn","BB5","Backreef","6/7/19",1.5,300,"MOO19","139","MOO19_139","Gobiidae","Eviota","disrupta","EVIODISR",13.6,16.5,0.047,"MOO19_Eviota_disrupta",-17.485974,-149.890404,"2019","Eviota disrupta",5.72957795130823
"1751",140,"Moorea","TiahuraIn","BB5","Backreef","6/7/19",1.5,300,"MOO19","140","MOO19_140","Gobiidae","Eviota","speA","EVIOSPEA",12.7,15.2,0.038,"MOO19_Eviota_speA",-17.485974,-149.890404,"2019","Eviota speA",5.72957795130823
"1752",141,"Moorea","TiahuraIn","BB5","Backreef","6/7/19",1.5,300,"MOO19","141","MOO19_141","Gobiidae","Eviota","speA","EVIOSPEA",11.9,14.1,0.023,"MOO19_Eviota_speA",-17.485974,-149.890404,"2019","Eviota speA",5.72957795130823
"1753",142,"Moorea","3Buoys","BB6","Backreef","6/7/19",2.4,240,"MOO19","142","MOO19_142","Tetraodontidae","Canthigaster","solandri","CANTSOLA",27.6,36.5,1.544,"MOO19_Canthigaster_solandri",-17.485532,-149.878548,"2019","Canthigaster solandri",3.66692988883727
"1754",143,"Moorea","3Buoys","BB6","Backreef","6/7/19",2.4,240,"MOO19","143","MOO19_143","Pomacentridae","Stegastes","nigricans","STEGNIGR",23.9,31.5,0.596,"MOO19_Stegastes_nigricans",-17.485532,-149.878548,"2019","Stegastes nigricans",3.66692988883727
"1755",144,"Moorea","3Buoys","BB6","Backreef","6/7/19",2.4,240,"MOO19","144","MOO19_144","Scorpaenidae","Scorpaenodes","scaber","SCORSCAB",19.8,25.1,0.26,"MOO19_Scorpaenodes_scaber",-17.485532,-149.878548,"2019","Scorpaenodes scaber",3.66692988883727
"1756",145,"Moorea","3Buoys","BB6","Backreef","6/7/19",2.4,240,"MOO19","145","MOO19_145","Labridae","Halichoeres","trimaculatus","HALITRIM",28.3,32.5,0.411,"MOO19_Halichoeres_trimaculatus",-17.485532,-149.878548,"2019","Halichoeres trimaculatus",3.66692988883727
"1757",146,"Moorea","3Buoys","BB6","Backreef","6/7/19",2.4,240,"MOO19","146","MOO19_146","Labridae","Halichoeres","trimaculatus","HALITRIM",18.2,22.1,0.091,"MOO19_Halichoeres_trimaculatus",-17.485532,-149.878548,"2019","Halichoeres trimaculatus",3.66692988883727
"1758",147,"Moorea","3Buoys","BB6","Backreef","6/7/19",2.4,240,"MOO19","147","MOO19_147","Labridae","Cheilinus","chlorourus","CHEICHLO",14.3,16.5,0.074,"MOO19_Cheilinus_chlorourus",-17.485532,-149.878548,"2019","Cheilinus chlorourus",3.66692988883727
"1759",148,"Moorea","3Buoys","BB6","Backreef","6/7/19",2.4,240,"MOO19","148","MOO19_148","Gobiidae","Priolepis","squamogena","PRIOSQUA",16.1,20.3,0.116,"MOO19_Priolepis_squamogena",-17.485532,-149.878548,"2019","Priolepis squamogena",3.66692988883727
"1760",149,"Moorea","3Buoys","BB6","Backreef","6/7/19",2.4,240,"MOO19","149","MOO19_149","Gobiidae","Priolepis","squamogena","PRIOSQUA",14.7,18,0.072,"MOO19_Priolepis_squamogena",-17.485532,-149.878548,"2019","Priolepis squamogena",3.66692988883727
"1761",150,"Moorea","3Buoys","BB6","Backreef","6/7/19",2.4,240,"MOO19","150","MOO19_150","Gobiidae","Priolepis","squamogena","PRIOSQUA",15.1,20.3,0.096,"MOO19_Priolepis_squamogena",-17.485532,-149.878548,"2019","Priolepis squamogena",3.66692988883727
"1762",151,"Moorea","3Buoys","BB6","Backreef","6/7/19",2.4,240,"MOO19","151","MOO19_151","Gobiidae","Priolepis","squamogena","PRIOSQUA",18.5,22,0.14,"MOO19_Priolepis_squamogena",-17.485532,-149.878548,"2019","Priolepis squamogena",3.66692988883727
"1763",152,"Moorea","3Buoys","BB6","Backreef","6/7/19",2.4,240,"MOO19","152","MOO19_152","Gobiidae","Priolepis","squamogena","PRIOSQUA",18.3,23.6,0.149,"MOO19_Priolepis_squamogena",-17.485532,-149.878548,"2019","Priolepis squamogena",3.66692988883727
"1764",153,"Moorea","3Buoys","BB6","Backreef","6/7/19",2.4,240,"MOO19","153","MOO19_153","Gobiidae","Priolepis","squamogena","PRIOSQUA",17.1,20.1,0.117,"MOO19_Priolepis_squamogena",-17.485532,-149.878548,"2019","Priolepis squamogena",3.66692988883727
"1765",154,"Moorea","3Buoys","BB6","Backreef","6/7/19",2.4,240,"MOO19","154","MOO19_154","Gobiidae","Priolepis","squamogena","PRIOSQUA",15.8,20.8,0.083,"MOO19_Priolepis_squamogena",-17.485532,-149.878548,"2019","Priolepis squamogena",3.66692988883727
"1766",155,"Moorea","3Buoys","BB6","Backreef","6/7/19",2.4,240,"MOO19","155","MOO19_155","Gobiidae","Priolepis","squamogena","PRIOSQUA",13.8,17.2,0.044,"MOO19_Priolepis_squamogena",-17.485532,-149.878548,"2019","Priolepis squamogena",3.66692988883727
"1767",156,"Moorea","3Buoys","BB6","Backreef","6/7/19",2.4,240,"MOO19","156","MOO19_156","Gobiidae","Priolepis","squamogena","PRIOSQUA",12.2,15.4,0.031,"MOO19_Priolepis_squamogena",-17.485532,-149.878548,"2019","Priolepis squamogena",3.66692988883727
"1768",157,"Moorea","3Buoys","BB6","Backreef","6/7/19",2.4,240,"MOO19","157","MOO19_157","Gobiidae","Priolepis","squamogena","PRIOSQUA",7.7,9.3,0.011,"MOO19_Priolepis_squamogena",-17.485532,-149.878548,"2019","Priolepis squamogena",3.66692988883727
"1769",158,"Moorea","3Buoys","BB6","Backreef","6/7/19",2.4,240,"MOO19","158","MOO19_158","Blenniidae","Glyptoparus","delicatulus","GLYPDELI",23.2,29.1,0.183,"MOO19_Glyptoparus_delicatulus",-17.485532,-149.878548,"2019","Glyptoparus delicatulus",3.66692988883727
"1770",159,"Moorea","3Buoys","BB6","Backreef","6/7/19",2.4,240,"MOO19","159","MOO19_159","Blenniidae","Glyptoparus","delicatulus","GLYPDELI",20,23.4,0.116,"MOO19_Glyptoparus_delicatulus",-17.485532,-149.878548,"2019","Glyptoparus delicatulus",3.66692988883727
"1771",160,"Moorea","3Buoys","BB6","Backreef","6/7/19",2.4,240,"MOO19","160","MOO19_160","Gobiidae","Fusigobius","neophytus","FUSINEOP",19.38,25.2,0.111,"MOO19_Fusigobius_neophytus",-17.485532,-149.878548,"2019","Fusigobius neophytus",3.66692988883727
"1772",161,"Moorea","3Buoys","BB6","Backreef","6/7/19",2.4,240,"MOO19","161","MOO19_161","Gobiidae","Fusigobius","neophytus","FUSINEOP",22.5,27.6,0.171,"MOO19_Fusigobius_neophytus",-17.485532,-149.878548,"2019","Fusigobius neophytus",3.66692988883727
"1773",162,"Moorea","3Buoys","BB6","Backreef","6/7/19",2.4,240,"MOO19","162","MOO19_162","Gobiidae","Gnatholepis","cauerensis","GNATCAUE",11.3,13,0.015,"MOO19_Gnatholepis_cauerensis",-17.485532,-149.878548,"2019","Gnatholepis cauerensis",3.66692988883727
"1774",163,"Moorea","3Buoys","BB6","Backreef","6/7/19",2.4,240,"MOO19","163","MOO19_163","Gobiidae","Pleurosicya","labiata","PLEULABI",10,12.2,0.016,"MOO19_Pleurosicya_labiata",-17.485532,-149.878548,"2019","Pleurosicya labiata",3.66692988883727
"1775",164,"Moorea","3Buoys","BB6","Backreef","6/7/19",2.4,240,"MOO19","164","MOO19_164","Gobiidae","Pleurosicya","labiata","PLEULABI",9.7,13,0.025,"MOO19_Pleurosicya_labiata",-17.485532,-149.878548,"2019","Pleurosicya labiata",3.66692988883727
"1776",165,"Moorea","3Buoys","BB6","Backreef","6/7/19",2.4,240,"MOO19","165","MOO19_165","Gobiidae","Pleurosicya","labiata","PLEULABI",10.5,13.8,0.032,"MOO19_Pleurosicya_labiata",-17.485532,-149.878548,"2019","Pleurosicya labiata",3.66692988883727
"1777",166,"Moorea","3Buoys","BB6","Backreef","6/7/19",2.4,240,"MOO19","166","MOO19_166","Gobiidae","Eviota","infulata","EVIOINFU",10.6,13.8,0.03,"MOO19_Eviota_infulata",-17.485532,-149.878548,"2019","Eviota infulata",3.66692988883727
"1778",167,"Moorea","3Buoys","BB6","Backreef","6/7/19",2.4,240,"MOO19","167","MOO19_167","Gobiidae","Eviota","infulata","EVIOINFU",10.5,13.7,0.027,"MOO19_Eviota_infulata",-17.485532,-149.878548,"2019","Eviota infulata",3.66692988883727
"1779",168,"Moorea","3Buoys","BB6","Backreef","6/7/19",2.4,240,"MOO19","168","MOO19_168","Gobiidae","Eviota","infulata","EVIOINFU",8.8,12.1,0.015,"MOO19_Eviota_infulata",-17.485532,-149.878548,"2019","Eviota infulata",3.66692988883727
"1780",169,"Moorea","3Buoys","BB6","Backreef","6/7/19",2.4,240,"MOO19","169","MOO19_169","Gobiidae","Eviota","infulata","EVIOINFU",9.3,12.1,0.018,"MOO19_Eviota_infulata",-17.485532,-149.878548,"2019","Eviota infulata",3.66692988883727
"1781",170,"Moorea","3Buoys","BB6","Backreef","6/7/19",2.4,240,"MOO19","170","MOO19_170","Gobiidae","Eviota","afelei","EVIOAFEL",13.4,17.6,0.052,"MOO19_Eviota_afelei",-17.485532,-149.878548,"2019","Eviota afelei",3.66692988883727
"1782",171,"Moorea","3Buoys","BB6","Backreef","6/7/19",2.4,240,"MOO19","171","MOO19_171","Gobiidae","Eviota","afelei","EVIOAFEL",13.2,16.1,0.06,"MOO19_Eviota_afelei",-17.485532,-149.878548,"2019","Eviota afelei",3.66692988883727
"1783",172,"Moorea","3Buoys","BB6","Backreef","6/7/19",2.4,240,"MOO19","172","MOO19_172","Gobiidae","Eviota","afelei","EVIOAFEL",13,15.3,0.031,"MOO19_Eviota_afelei",-17.485532,-149.878548,"2019","Eviota afelei",3.66692988883727
"1784",173,"Moorea","3Buoys","BB6","Backreef","6/7/19",2.4,240,"MOO19","173","MOO19_173","Gobiidae","Eviota","afelei","EVIOAFEL",12,15,0.055,"MOO19_Eviota_afelei",-17.485532,-149.878548,"2019","Eviota afelei",3.66692988883727
"1785",174,"Moorea","3Buoys","BB6","Backreef","6/7/19",2.4,240,"MOO19","174","MOO19_174","Gobiidae","Eviota","afelei","EVIOAFEL",11.5,15,0.038,"MOO19_Eviota_afelei",-17.485532,-149.878548,"2019","Eviota afelei",3.66692988883727
"1786",175,"Moorea","3Buoys","BB6","Backreef","6/7/19",2.4,240,"MOO19","175","MOO19_175","Gobiidae","Eviota","afelei","EVIOAFEL",11.7,14.3,0.04,"MOO19_Eviota_afelei",-17.485532,-149.878548,"2019","Eviota afelei",3.66692988883727
"1787",176,"Moorea","3Buoys","BB6","Backreef","6/7/19",2.4,240,"MOO19","176","MOO19_176","Gobiidae","Eviota","afelei","EVIOAFEL",11,13,0.032,"MOO19_Eviota_afelei",-17.485532,-149.878548,"2019","Eviota afelei",3.66692988883727
"1788",177,"Moorea","3Buoys","BB6","Backreef","6/7/19",2.4,240,"MOO19","177","MOO19_177","Gobiidae","Eviota","afelei","EVIOAFEL",10.1,14.2,0.025,"MOO19_Eviota_afelei",-17.485532,-149.878548,"2019","Eviota afelei",3.66692988883727
"1789",178,"Moorea","3Buoys","BB6","Backreef","6/7/19",2.4,240,"MOO19","178","MOO19_178","Gobiidae","Eviota","afelei","EVIOAFEL",10.9,12.8,0.022,"MOO19_Eviota_afelei",-17.485532,-149.878548,"2019","Eviota afelei",3.66692988883727
"1790",179,"Moorea","3Buoys","BB6","Backreef","6/7/19",2.4,240,"MOO19","179","MOO19_179","Gobiidae","Eviota","afelei","EVIOAFEL",10.3,13.7,0.03,"MOO19_Eviota_afelei",-17.485532,-149.878548,"2019","Eviota afelei",3.66692988883727
"1791",180,"Moorea","3Buoys","BB6","Backreef","6/7/19",2.4,240,"MOO19","180","MOO19_180","Gobiidae","Eviota","afelei","EVIOAFEL",11.4,14,0.025,"MOO19_Eviota_afelei",-17.485532,-149.878548,"2019","Eviota afelei",3.66692988883727
"1792",181,"Moorea","3Buoys","BB6","Backreef","6/7/19",2.4,240,"MOO19","181","MOO19_181","Gobiidae","Eviota","afelei","EVIOAFEL",9.1,11.8,0.016,"MOO19_Eviota_afelei",-17.485532,-149.878548,"2019","Eviota afelei",3.66692988883727
"1793",182,"Moorea","3Buoys","BB6","Backreef","6/7/19",2.4,240,"MOO19","182","MOO19_182","Gobiidae","Eviota","afelei","EVIOAFEL",8.4,10.6,0.01,"MOO19_Eviota_afelei",-17.485532,-149.878548,"2019","Eviota afelei",3.66692988883727
"1794",183,"Moorea","3Buoys","BB6","Backreef","6/7/19",2.4,240,"MOO19","183","MOO19_183","Gobiidae","Eviota","afelei","EVIOAFEL",7.7,9.6,0.007,"MOO19_Eviota_afelei",-17.485532,-149.878548,"2019","Eviota afelei",3.66692988883727
"1795",184,"Moorea","3Buoys","BB6","Backreef","6/7/19",2.4,240,"MOO19","184","MOO19_184","Gobiidae","Eviota","afelei","EVIOAFEL",7.8,12,0.029,"MOO19_Eviota_afelei",-17.485532,-149.878548,"2019","Eviota afelei",3.66692988883727
"1796",185,"Moorea","3Buoys","BB6","Backreef","6/7/19",2.4,240,"MOO19","185","MOO19_185","Gobiidae","Eviota","afelei","EVIOAFEL",7.3,8.6,0.008,"MOO19_Eviota_afelei",-17.485532,-149.878548,"2019","Eviota afelei",3.66692988883727
"1797",186,"Moorea","3Buoys","BB6","Backreef","6/7/19",2.4,240,"MOO19","186","MOO19_186","Gobiidae","Eviota","afelei","EVIOAFEL",7.5,9.2,0.013,"MOO19_Eviota_afelei",-17.485532,-149.878548,"2019","Eviota afelei",3.66692988883727
"1798",187,"Moorea","3Buoys","BB6","Backreef","6/7/19",2.4,240,"MOO19","187","MOO19_187","Gobiidae","Eviota","afelei","EVIOAFEL",6.9,9.6,0.016,"MOO19_Eviota_afelei",-17.485532,-149.878548,"2019","Eviota afelei",3.66692988883727
"1799",188,"Moorea","3Buoys","BB6","Backreef","6/7/19",2.4,240,"MOO19","188","MOO19_188","Gobiidae","Eviota","afelei","EVIOAFEL",7.1,8.5,0.006,"MOO19_Eviota_afelei",-17.485532,-149.878548,"2019","Eviota afelei",3.66692988883727
"1800",189,"Moorea","3Buoys","BB6","Backreef","6/7/19",2.4,240,"MOO19","189","MOO19_189","Gobiidae","Eviota","afelei","EVIOAFEL",8.3,10.2,0.013,"MOO19_Eviota_afelei",-17.485532,-149.878548,"2019","Eviota afelei",3.66692988883727
"1801",190,"Moorea","3Buoys","BB6","Backreef","6/7/19",2.4,240,"MOO19","190","MOO19_190","Gobiidae","Eviota","afelei","EVIOAFEL",5.5,9,0.008,"MOO19_Eviota_afelei",-17.485532,-149.878548,"2019","Eviota afelei",3.66692988883727
"1802",191,"Moorea","3Buoys","BB6","Backreef","6/7/19",2.4,240,"MOO19","191","MOO19_191","Gobiidae","Eviota","afelei","EVIOAFEL",6.2,8.9,0.007,"MOO19_Eviota_afelei",-17.485532,-149.878548,"2019","Eviota afelei",3.66692988883727
"1803",192,"Moorea","3Buoys","BB6","Backreef","6/7/19",2.4,240,"MOO19","192","MOO19_192","Gobiidae","Eviota","afelei","EVIOAFEL",6.1,9,0.007,"MOO19_Eviota_afelei",-17.485532,-149.878548,"2019","Eviota afelei",3.66692988883727
"1804",193,"Moorea","3Buoys","BB6","Backreef","6/7/19",2.4,240,"MOO19","193","MOO19_193","Gobiidae","Eviota","afelei","EVIOAFEL",5.6,7.4,0.005,"MOO19_Eviota_afelei",-17.485532,-149.878548,"2019","Eviota afelei",3.66692988883727
"1805",194,"Moorea","3Buoys","BB6","Backreef","6/7/19",2.4,240,"MOO19","194","MOO19_194","Gobiidae","Eviota","afelei","EVIOAFEL",5.7,8.7,0.006,"MOO19_Eviota_afelei",-17.485532,-149.878548,"2019","Eviota afelei",3.66692988883727
"1806",195,"Moorea","3Buoys","BB6","Backreef","6/7/19",2.4,240,"MOO19","195","MOO19_195","Gobiidae","Eviota","afelei","EVIOAFEL",5.5,7.4,0.005,"MOO19_Eviota_afelei",-17.485532,-149.878548,"2019","Eviota afelei",3.66692988883727
"1807",196,"Moorea","Sofitel","BB7","Backreef","6/8/19",1.6,260,"MOO19","196","MOO19_196","Pomacanthidae","Centropyge","flavissima","CENTFLAV",68.3,83.8,16.783,"MOO19_Centropyge_flavissima",-17.476806,-149.803705,"2019","Centropyge flavissima",4.30354966120485
"1808",197,"Moorea","Sofitel","BB7","Backreef","6/8/19",1.6,260,"MOO19","197","MOO19_197","Pomacentridae","Chrysiptera","brownriggi","CHRYBROW",40,47.6,1.981,"MOO19_Chrysiptera_brownriggi",-17.476806,-149.803705,"2019","Chrysiptera brownriggi",4.30354966120485
"1809",198,"Moorea","Sofitel","BB7","Backreef","6/8/19",1.6,260,"MOO19","198","MOO19_198","Apogonidae","Fowleria","marmorata","FOWLMARM",33.6,38.8,0.916,"MOO19_Fowleria_marmorata",-17.476806,-149.803705,"2019","Fowleria marmorata",4.30354966120485
"1810",199,"Moorea","Sofitel","BB7","Backreef","6/8/19",1.6,260,"MOO19","199","MOO19_199","Apogonidae","Ostorhinchus","angustatus","OSTOANGU",38.6,46.5,1.166,"MOO19_Ostorhinchus_angustatus",-17.476806,-149.803705,"2019","Ostorhinchus angustatus",4.30354966120485
"1811",200,"Moorea","Sofitel","BB7","Backreef","6/8/19",1.6,260,"MOO19","200","MOO19_200","Apogonidae","Apogon","susanae","APOGSUSA",31.7,38.4,0.853,"MOO19_Apogon_susanae",-17.476806,-149.803705,"2019","Apogon susanae",4.30354966120485
"1812",201,"Moorea","Sofitel","BB7","Backreef","6/8/19",1.6,260,"MOO19","201","MOO19_201","Apogonidae","Pristiapogon","exostigma","PRISEXOS",20.6,25,0.184,"MOO19_Pristiapogon_exostigma",-17.476806,-149.803705,"2019","Pristiapogon exostigma",4.30354966120485
"1813",202,"Moorea","Sofitel","BB7","Backreef","6/8/19",1.6,260,"MOO19","202","MOO19_202","Apogonidae","Pristiapogon","exostigma","PRISEXOS",19.8,24.3,0.186,"MOO19_Pristiapogon_exostigma",-17.476806,-149.803705,"2019","Pristiapogon exostigma",4.30354966120485
"1814",203,"Moorea","Sofitel","BB7","Backreef","6/8/19",1.6,260,"MOO19","203","MOO19_203","Labridae","Chlorurus","spilurus","CHLOSPIL",17.3,22,0.141,"MOO19_Chlorurus_spilurus",-17.476806,-149.803705,"2019","Chlorurus spilurus",4.30354966120485
"1815",204,"Moorea","Sofitel","BB7","Backreef","6/8/19",1.6,260,"MOO19","204","MOO19_204","Apogonidae","Nectamia","savayensis","NECTSAVA",18.8,22.6,0.196,"MOO19_Nectamia_savayensis",-17.476806,-149.803705,"2019","Nectamia savayensis",4.30354966120485
"1816",205,"Moorea","Sofitel","BB7","Backreef","6/8/19",1.6,260,"MOO19","205","MOO19_205","Gobiidae","Cabillus","tongarevae","CABITONG",20.9,27.5,0.161,"MOO19_Cabillus_tongarevae",-17.476806,-149.803705,"2019","Cabillus tongarevae",4.30354966120485
"1817",206,"Moorea","Sofitel","BB7","Backreef","6/8/19",1.6,260,"MOO19","206","MOO19_206","Gobiidae","Priolepis","squamogena","PRIOSQUA",28.9,32.2,0.343,"MOO19_Priolepis_squamogena",-17.476806,-149.803705,"2019","Priolepis squamogena",4.30354966120485
"1818",207,"Moorea","Sofitel","BB7","Backreef","6/8/19",1.6,260,"MOO19","207","MOO19_207","Apogonidae","Apogon","speA","APOGSPEA",10.9,13.2,0.032,"MOO19_Apogon_speA",-17.476806,-149.803705,"2019","Apogon speA",4.30354966120485
"1819",208,"Moorea","Sofitel","BB7","Backreef","6/8/19",1.6,260,"MOO19","208","MOO19_208","Gobiidae","Eviota","distigma","EVIODIST",17.3,21,0.086,"MOO19_Eviota_distigma",-17.476806,-149.803705,"2019","Eviota distigma",4.30354966120485
"1820",209,"Moorea","Sofitel","BB7","Backreef","6/8/19",1.6,260,"MOO19","209","MOO19_209","Gobiidae","Eviota","distigma","EVIODIST",19.1,20.7,0.085,"MOO19_Eviota_distigma",-17.476806,-149.803705,"2019","Eviota distigma",4.30354966120485
"1821",210,"Moorea","Sofitel","BB7","Backreef","6/8/19",1.6,260,"MOO19","210","MOO19_210","Gobiidae","Eviota","distigma","EVIODIST",12,12.8,0.015,"MOO19_Eviota_distigma",-17.476806,-149.803705,"2019","Eviota distigma",4.30354966120485
"1822",211,"Moorea","Sofitel","BB7","Backreef","6/8/19",1.6,260,"MOO19","211","MOO19_211","Gobiidae","Eviota","afelei","EVIOAFEL",8.1,8.7,0.004,"MOO19_Eviota_afelei",-17.476806,-149.803705,"2019","Eviota afelei",4.30354966120485
"1823",212,"Moorea","Sofitel","BB7","Backreef","6/8/19",1.6,260,"MOO19","212","MOO19_212","Blenniidae","Glyptoparus","delicatulus","GLYPDELI",31.3,37.6,0.435,"MOO19_Glyptoparus_delicatulus",-17.476806,-149.803705,"2019","Glyptoparus delicatulus",4.30354966120485
"1824",213,"Moorea","Sofitel","BB7","Backreef","6/8/19",1.6,260,"MOO19","213","MOO19_213","Blenniidae","Glyptoparus","delicatulus","GLYPDELI",24.7,28.4,0.179,"MOO19_Glyptoparus_delicatulus",-17.476806,-149.803705,"2019","Glyptoparus delicatulus",4.30354966120485
"1825",214,"Moorea","Sofitel","BB7","Backreef","6/8/19",1.6,260,"MOO19","214","MOO19_214","Blenniidae","Glyptoparus","delicatulus","GLYPDELI",27.8,31.5,0.271,"MOO19_Glyptoparus_delicatulus",-17.476806,-149.803705,"2019","Glyptoparus delicatulus",4.30354966120485
"1826",215,"Moorea","Sofitel","BB7","Backreef","6/8/19",1.6,260,"MOO19","215","MOO19_215","Blenniidae","Glyptoparus","delicatulus","GLYPDELI",20.9,24.2,0.126,"MOO19_Glyptoparus_delicatulus",-17.476806,-149.803705,"2019","Glyptoparus delicatulus",4.30354966120485
"1827",216,"Moorea","Sofitel","BB7","Backreef","6/8/19",1.6,260,"MOO19","216","MOO19_216","Blenniidae","Glyptoparus","delicatulus","GLYPDELI",14.7,16.8,0.034,"MOO19_Glyptoparus_delicatulus",-17.476806,-149.803705,"2019","Glyptoparus delicatulus",4.30354966120485
"1828",217,"Moorea","Sofitel","BB7","Backreef","6/8/19",1.6,260,"MOO19","217","MOO19_217","Gobiidae","Priolepis","squamogena","PRIOSQUA",26.8,31.3,0.343,"MOO19_Priolepis_squamogena",-17.476806,-149.803705,"2019","Priolepis squamogena",4.30354966120485
"1829",218,"Moorea","Sofitel","BB7","Backreef","6/8/19",1.6,260,"MOO19","218","MOO19_218","Gobiidae","Fusigobius","neophytus","FUSINEOP",29.2,36.7,0.469,"MOO19_Fusigobius_neophytus",-17.476806,-149.803705,"2019","Fusigobius neophytus",4.30354966120485
"1830",219,"Moorea","Sofitel","BB7","Backreef","6/8/19",1.6,260,"MOO19","219","MOO19_219","Gobiidae","Fusigobius","neophytus","FUSINEOP",30.1,34.7,0.429,"MOO19_Fusigobius_neophytus",-17.476806,-149.803705,"2019","Fusigobius neophytus",4.30354966120485
"1831",220,"Moorea","Sofitel","BB7","Backreef","6/8/19",1.6,260,"MOO19","220","MOO19_220","Gobiidae","Pleurosicya","labiata","PLEULABI",14.5,15.8,0.029,"MOO19_Pleurosicya_labiata",-17.476806,-149.803705,"2019","Pleurosicya labiata",4.30354966120485
"1832",221,"Moorea","Sofitel","BB7","Backreef","6/8/19",1.6,260,"MOO19","221","MOO19_221","Gobiidae","Pleurosicya","labiata","PLEULABI",12.7,15.1,0.026,"MOO19_Pleurosicya_labiata",-17.476806,-149.803705,"2019","Pleurosicya labiata",4.30354966120485
"1833",222,"Moorea","Sofitel","BB7","Backreef","6/8/19",1.6,260,"MOO19","222","MOO19_222","Gobiidae","Pleurosicya","labiata","PLEULABI",15.6,17.8,0.042,"MOO19_Pleurosicya_labiata",-17.476806,-149.803705,"2019","Pleurosicya labiata",4.30354966120485
"1834",223,"Moorea","Sofitel","BB7","Backreef","6/8/19",1.6,260,"MOO19","223","MOO19_223","Labridae","Pseudocheilinus","hexataenia","PSEUHEXA",26.3,32.5,0.546,"MOO19_Pseudocheilinus_hexataenia",-17.476806,-149.803705,"2019","Pseudocheilinus hexataenia",4.30354966120485
"1835",224,"Moorea","Sofitel","BB7","Backreef","6/8/19",1.6,260,"MOO19","224","MOO19_224","Labridae","Pseudocheilinus","hexataenia","PSEUHEXA",23.1,28.5,0.364,"MOO19_Pseudocheilinus_hexataenia",-17.476806,-149.803705,"2019","Pseudocheilinus hexataenia",4.30354966120485
"1836",225,"Moorea","Sofitel","BB7","Backreef","6/8/19",1.6,260,"MOO19","225","MOO19_225","Labridae","Halichoeres","trimaculatus","HALITRIM",15.9,19.4,0.084,"MOO19_Halichoeres_trimaculatus",-17.476806,-149.803705,"2019","Halichoeres trimaculatus",4.30354966120485
"1837",226,"Moorea","Sofitel","BB7","Backreef","6/8/19",1.6,260,"MOO19","226","MOO19_226","Gobiidae","Priolepis","semidoliata","PRIOSEMI",15.6,18.9,0.082,"MOO19_Priolepis_semidoliata",-17.476806,-149.803705,"2019","Priolepis semidoliata",4.30354966120485
"1838",227,"Moorea","Sofitel","BB7","Backreef","6/8/19",1.6,260,"MOO19","227","MOO19_227","Blenniidae","Enchelyurus","ater","ENCHATER",27.5,29.7,0.275,"MOO19_Enchelyurus_ater",-17.476806,-149.803705,"2019","Enchelyurus ater",4.30354966120485
"1839",228,"Moorea","Sofitel","BB7","Backreef","6/8/19",1.6,260,"MOO19","228","MOO19_228","Gobiidae","Eviota","distigma","EVIODIST",15,18.1,0.071,"MOO19_Eviota_distigma",-17.476806,-149.803705,"2019","Eviota distigma",4.30354966120485
"1840",229,"Moorea","Sofitel","BB7","Backreef","6/8/19",1.6,260,"MOO19","229","MOO19_229","Gobiidae","Eviota","distigma","EVIODIST",9.8,10.7,0.016,"MOO19_Eviota_distigma",-17.476806,-149.803705,"2019","Eviota distigma",4.30354966120485
"1841",230,"Moorea","Sofitel","BB7","Backreef","6/8/19",1.6,260,"MOO19","230","MOO19_230","Gobiidae","Eviota","afelei","EVIOAFEL",17,19.3,0.069,"MOO19_Eviota_afelei",-17.476806,-149.803705,"2019","Eviota afelei",4.30354966120485
"1842",231,"Moorea","Sofitel","BB7","Backreef","6/8/19",1.6,260,"MOO19","231","MOO19_231","Gobiidae","Eviota","afelei","EVIOAFEL",17.2,19.8,0.076,"MOO19_Eviota_afelei",-17.476806,-149.803705,"2019","Eviota afelei",4.30354966120485
"1843",232,"Moorea","Sofitel","BB7","Backreef","6/8/19",1.6,260,"MOO19","232","MOO19_232","Gobiidae","Eviota","afelei","EVIOAFEL",16.2,18.9,0.085,"MOO19_Eviota_afelei",-17.476806,-149.803705,"2019","Eviota afelei",4.30354966120485
"1844",233,"Moorea","Sofitel","BB7","Backreef","6/8/19",1.6,260,"MOO19","233","MOO19_233","Gobiidae","Eviota","afelei","EVIOAFEL",13.9,15.6,0.046,"MOO19_Eviota_afelei",-17.476806,-149.803705,"2019","Eviota afelei",4.30354966120485
"1845",234,"Moorea","Sofitel","BB7","Backreef","6/8/19",1.6,260,"MOO19","234","MOO19_234","Gobiidae","Eviota","afelei","EVIOAFEL",12.9,16.1,0.049,"MOO19_Eviota_afelei",-17.476806,-149.803705,"2019","Eviota afelei",4.30354966120485
"1846",235,"Moorea","Sofitel","BB7","Backreef","6/8/19",1.6,260,"MOO19","235","MOO19_235","Gobiidae","Eviota","afelei","EVIOAFEL",12.8,14.9,0.035,"MOO19_Eviota_afelei",-17.476806,-149.803705,"2019","Eviota afelei",4.30354966120485
"1847",236,"Moorea","Sofitel","BB7","Backreef","6/8/19",1.6,260,"MOO19","236","MOO19_236","Gobiidae","Eviota","afelei","EVIOAFEL",14.5,16.8,0.05,"MOO19_Eviota_afelei",-17.476806,-149.803705,"2019","Eviota afelei",4.30354966120485
"1848",237,"Moorea","Sofitel","BB7","Backreef","6/8/19",1.6,260,"MOO19","237","MOO19_237","Gobiidae","Eviota","afelei","EVIOAFEL",13.4,14.8,0.033,"MOO19_Eviota_afelei",-17.476806,-149.803705,"2019","Eviota afelei",4.30354966120485
"1849",238,"Moorea","Sofitel","BB7","Backreef","6/8/19",1.6,260,"MOO19","238","MOO19_238","Gobiidae","Eviota","afelei","EVIOAFEL",13.3,15,0.028,"MOO19_Eviota_afelei",-17.476806,-149.803705,"2019","Eviota afelei",4.30354966120485
"1850",239,"Moorea","Sofitel","BB7","Backreef","6/8/19",1.6,260,"MOO19","239","MOO19_239","Gobiidae","Eviota","afelei","EVIOAFEL",14,15.7,0.037,"MOO19_Eviota_afelei",-17.476806,-149.803705,"2019","Eviota afelei",4.30354966120485
"1851",240,"Moorea","Sofitel","BB7","Backreef","6/8/19",1.6,260,"MOO19","240","MOO19_240","Gobiidae","Eviota","afelei","EVIOAFEL",13.4,14.9,0.034,"MOO19_Eviota_afelei",-17.476806,-149.803705,"2019","Eviota afelei",4.30354966120485
"1852",241,"Moorea","Sofitel","BB7","Backreef","6/8/19",1.6,260,"MOO19","241","MOO19_241","Gobiidae","Eviota","afelei","EVIOAFEL",13,14.1,0.033,"MOO19_Eviota_afelei",-17.476806,-149.803705,"2019","Eviota afelei",4.30354966120485
"1853",242,"Moorea","Sofitel","BB7","Backreef","6/8/19",1.6,260,"MOO19","242","MOO19_242","Gobiidae","Eviota","afelei","EVIOAFEL",13.2,16,0.043,"MOO19_Eviota_afelei",-17.476806,-149.803705,"2019","Eviota afelei",4.30354966120485
"1854",243,"Moorea","Sofitel","BB7","Backreef","6/8/19",1.6,260,"MOO19","243","MOO19_243","Gobiidae","Eviota","afelei","EVIOAFEL",12.8,14.5,0.036,"MOO19_Eviota_afelei",-17.476806,-149.803705,"2019","Eviota afelei",4.30354966120485
"1855",244,"Moorea","Sofitel","BB7","Backreef","6/8/19",1.6,260,"MOO19","244","MOO19_244","Gobiidae","Eviota","afelei","EVIOAFEL",12.5,14.6,0.034,"MOO19_Eviota_afelei",-17.476806,-149.803705,"2019","Eviota afelei",4.30354966120485
"1856",245,"Moorea","Sofitel","BB7","Backreef","6/8/19",1.6,260,"MOO19","245","MOO19_245","Gobiidae","Eviota","afelei","EVIOAFEL",12.5,15.4,0.045,"MOO19_Eviota_afelei",-17.476806,-149.803705,"2019","Eviota afelei",4.30354966120485
"1857",246,"Moorea","Sofitel","BB7","Backreef","6/8/19",1.6,260,"MOO19","246","MOO19_246","Gobiidae","Eviota","afelei","EVIOAFEL",13.4,15.4,0.033,"MOO19_Eviota_afelei",-17.476806,-149.803705,"2019","Eviota afelei",4.30354966120485
"1858",247,"Moorea","Sofitel","BB7","Backreef","6/8/19",1.6,260,"MOO19","247","MOO19_247","Gobiidae","Eviota","afelei","EVIOAFEL",12.3,14.3,0.031,"MOO19_Eviota_afelei",-17.476806,-149.803705,"2019","Eviota afelei",4.30354966120485
"1859",248,"Moorea","Sofitel","BB7","Backreef","6/8/19",1.6,260,"MOO19","248","MOO19_248","Gobiidae","Eviota","afelei","EVIOAFEL",10.7,11.9,0.019,"MOO19_Eviota_afelei",-17.476806,-149.803705,"2019","Eviota afelei",4.30354966120485
"1860",249,"Moorea","Sofitel","BB7","Backreef","6/8/19",1.6,260,"MOO19","249","MOO19_249","Gobiidae","Eviota","afelei","EVIOAFEL",9.3,11,0.014,"MOO19_Eviota_afelei",-17.476806,-149.803705,"2019","Eviota afelei",4.30354966120485
"1861",250,"Moorea","Sofitel","BB7","Backreef","6/8/19",1.6,260,"MOO19","250","MOO19_250","Gobiidae","Eviota","afelei","EVIOAFEL",8.8,10.5,0.014,"MOO19_Eviota_afelei",-17.476806,-149.803705,"2019","Eviota afelei",4.30354966120485
"1862",251,"Moorea","Sofitel","BB7","Backreef","6/8/19",1.6,260,"MOO19","251","MOO19_251","Gobiidae","Eviota","afelei","EVIOAFEL",8.2,9.5,0.009,"MOO19_Eviota_afelei",-17.476806,-149.803705,"2019","Eviota afelei",4.30354966120485
"1863",252,"Moorea","Sofitel","BB7","Backreef","6/8/19",1.6,260,"MOO19","252","MOO19_252","Gobiidae","Eviota","afelei","EVIOAFEL",8,9,0.011,"MOO19_Eviota_afelei",-17.476806,-149.803705,"2019","Eviota afelei",4.30354966120485
"1864",253,"Moorea","Sofitel","BB7","Backreef","6/8/19",1.6,260,"MOO19","253","MOO19_253","Gobiidae","Eviota","afelei","EVIOAFEL",9.6,10.1,0.01,"MOO19_Eviota_afelei",-17.476806,-149.803705,"2019","Eviota afelei",4.30354966120485
"1865",254,"Moorea","Sofitel","BB7","Backreef","6/8/19",1.6,260,"MOO19","254","MOO19_254","Gobiidae","Eviota","afelei","EVIOAFEL",8.4,8.8,0.004,"MOO19_Eviota_afelei",-17.476806,-149.803705,"2019","Eviota afelei",4.30354966120485
"1866",255,"Moorea","Sofitel","BB7","Backreef","6/8/19",1.6,260,"MOO19","255","MOO19_255","Gobiidae","Eviota","afelei","EVIOAFEL",7.3,9,0.004,"MOO19_Eviota_afelei",-17.476806,-149.803705,"2019","Eviota afelei",4.30354966120485
"1867",256,"Moorea","Hilton","BB8","Backreef","6/8/19",2.1,240,"MOO19","256","MOO19_256","Apogonidae","Apogonichthys","ocellatus","APOGOCEL",19.3,23.9,0.209,"MOO19_Apogonichthys_ocellatus",-17.482044,-149.849426,"2019","Apogonichthys ocellatus",3.66692988883727
"1868",257,"Moorea","Hilton","BB8","Backreef","6/8/19",2.1,240,"MOO19","257","MOO19_257","Pomacentridae","Chromis","margaritifer","CHROMARG",58.8,91.7,8.371,"MOO19_Chromis_margaritifer",-17.482044,-149.849426,"2019","Chromis margaritifer",3.66692988883727
"1869",258,"Moorea","Hilton","BB8","Backreef","6/8/19",2.1,240,"MOO19","258","MOO19_258","Syngnathidae","Doryrhamphus","excisus","DORYEXCI",43.5,48.6,0.129,"MOO19_Doryrhamphus_excisus",-17.482044,-149.849426,"2019","Doryrhamphus excisus",3.66692988883727
"1870",259,"Moorea","Hilton","BB8","Backreef","6/8/19",2.1,240,"MOO19","259","MOO19_259","Gobiidae","Eviota","disrupta","EVIODISR",13.3,16.1,0.051,"MOO19_Eviota_disrupta",-17.482044,-149.849426,"2019","Eviota disrupta",3.66692988883727
"1871",260,"Moorea","Hilton","BB8","Backreef","6/8/19",2.1,240,"MOO19","260","MOO19_260","Gobiidae","Eviota","speB","EVIOSPEB",10.5,12,0.017,"MOO19_Eviota_speB",-17.482044,-149.849426,"2019","Eviota speB",3.66692988883727
"1872",262,"Moorea","Hilton","BB8","Backreef","6/8/19",2.1,240,"MOO19","262","MOO19_262","Muraenidae","Uropterygius","speA","UROPSPEA",105,105,0.959,"MOO19_Uropterygius_speA",-17.482044,-149.849426,"2019","Uropterygius speA",3.66692988883727
"1873",263,"Moorea","Hilton","BB8","Backreef","6/8/19",2.1,240,"MOO19","263","MOO19_263","Gobiidae","Cabillus","tongarevae","CABITONG",20.5,26.7,0.174,"MOO19_Cabillus_tongarevae",-17.482044,-149.849426,"2019","Cabillus tongarevae",3.66692988883727
"1874",264,"Moorea","Hilton","BB8","Backreef","6/8/19",2.1,240,"MOO19","264","MOO19_264","Serranidae","Pseudogramma","polyacanthum","PSEUPOLY",42.5,52.3,1.96,"MOO19_Pseudogramma_polyacanthum",-17.482044,-149.849426,"2019","Pseudogramma polyacanthum",3.66692988883727
"1875",265,"Moorea","Hilton","BB8","Backreef","6/8/19",2.1,240,"MOO19","265","MOO19_265","Serranidae","Pseudogramma","polyacanthum","PSEUPOLY",25.3,29,0.37,"MOO19_Pseudogramma_polyacanthum",-17.482044,-149.849426,"2019","Pseudogramma polyacanthum",3.66692988883727
"1876",266,"Moorea","Hilton","BB8","Backreef","6/8/19",2.1,240,"MOO19","266","MOO19_266","Serranidae","Pseudogramma","polyacanthum","PSEUPOLY",23.2,27,0.324,"MOO19_Pseudogramma_polyacanthum",-17.482044,-149.849426,"2019","Pseudogramma polyacanthum",3.66692988883727
"1877",267,"Moorea","Hilton","BB8","Backreef","6/8/19",2.1,240,"MOO19","267","MOO19_267","Gobiidae","Pleurosicya","labiata","PLEULABI",12.2,14.4,0.03,"MOO19_Pleurosicya_labiata",-17.482044,-149.849426,"2019","Pleurosicya labiata",3.66692988883727
"1878",268,"Moorea","Hilton","BB8","Backreef","6/8/19",2.1,240,"MOO19","268","MOO19_268","Labridae","Pseudocheilinus","hexataenia","PSEUHEXA",25,31.8,0.529,"MOO19_Pseudocheilinus_hexataenia",-17.482044,-149.849426,"2019","Pseudocheilinus hexataenia",3.66692988883727
"1879",269,"Moorea","Hilton","BB8","Backreef","6/8/19",2.1,240,"MOO19","269","MOO19_269","Apogonidae","Ostorhinchus","angustatus","OSTOANGU",15.2,16.5,0.082,"MOO19_Ostorhinchus_angustatus",-17.482044,-149.849426,"2019","Ostorhinchus angustatus",3.66692988883727
"1880",270,"Moorea","Hilton","BB8","Backreef","6/8/19",2.1,240,"MOO19","270","MOO19_270","Creediidae","Limnichthys","nitidus","LIMNNITI",15.7,18.8,0.048,"MOO19_Limnichthys_nitidus",-17.482044,-149.849426,"2019","Limnichthys nitidus",3.66692988883727
"1881",271,"Moorea","Hilton","BB8","Backreef","6/8/19",2.1,240,"MOO19","271","MOO19_271","Apogonidae","Apogonidae","speA","APOGSPEA",12.9,15,0.035,"MOO19_Apogonidae_speA",-17.482044,-149.849426,"2019","Apogon speA",3.66692988883727
"1882",272,"Moorea","Hilton","BB8","Backreef","6/8/19",2.1,240,"MOO19","272","MOO19_272","Gobiidae","Eviota","albolineata","EVIOALBO",19.7,22.8,0.131,"MOO19_Eviota_albolineata",-17.482044,-149.849426,"2019","Eviota albolineata",3.66692988883727
"1883",273,"Moorea","Hilton","BB8","Backreef","6/8/19",2.1,240,"MOO19","273","MOO19_273","Gobiidae","Eviota","distigma","EVIODIST",12,14.7,0.055,"MOO19_Eviota_distigma",-17.482044,-149.849426,"2019","Eviota distigma",3.66692988883727
"1884",274,"Moorea","Hilton","BB8","Backreef","6/8/19",2.1,240,"MOO19","274","MOO19_274","Gobiidae","Eviota","afelei","EVIOAFEL",13,15.7,0.041,"MOO19_Eviota_afelei",-17.482044,-149.849426,"2019","Eviota afelei",3.66692988883727
"1885",275,"Moorea","Hilton","BB8","Backreef","6/8/19",2.1,240,"MOO19","275","MOO19_275","Gobiidae","Eviota","afelei","EVIOAFEL",13.7,15.8,0.055,"MOO19_Eviota_afelei",-17.482044,-149.849426,"2019","Eviota afelei",3.66692988883727
"1886",276,"Moorea","Hilton","BB8","Backreef","6/8/19",2.1,240,"MOO19","276","MOO19_276","Gobiidae","Eviota","afelei","EVIOAFEL",12.4,14.8,0.053,"MOO19_Eviota_afelei",-17.482044,-149.849426,"2019","Eviota afelei",3.66692988883727
"1887",277,"Moorea","Hilton","BB8","Backreef","6/8/19",2.1,240,"MOO19","277","MOO19_277","Gobiidae","Eviota","afelei","EVIOAFEL",11.3,13.5,0.03,"MOO19_Eviota_afelei",-17.482044,-149.849426,"2019","Eviota afelei",3.66692988883727
"1888",278,"Moorea","Hilton","BB8","Backreef","6/8/19",2.1,240,"MOO19","278","MOO19_278","Gobiidae","Eviota","afelei","EVIOAFEL",13.6,16,0.046,"MOO19_Eviota_afelei",-17.482044,-149.849426,"2019","Eviota afelei",3.66692988883727
"1889",279,"Moorea","Hilton","BB8","Backreef","6/8/19",2.1,240,"MOO19","279","MOO19_279","Gobiidae","Eviota","afelei","EVIOAFEL",11.1,12.5,0.03,"MOO19_Eviota_afelei",-17.482044,-149.849426,"2019","Eviota afelei",3.66692988883727
"1890",280,"Moorea","Hilton","BB8","Backreef","6/8/19",2.1,240,"MOO19","280","MOO19_280","Gobiidae","Eviota","afelei","EVIOAFEL",11.8,12.8,0.025,"MOO19_Eviota_afelei",-17.482044,-149.849426,"2019","Eviota afelei",3.66692988883727
"1891",281,"Moorea","Hilton","BB8","Backreef","6/8/19",2.1,240,"MOO19","281","MOO19_281","Gobiidae","Eviota","afelei","EVIOAFEL",8.7,9.8,0.011,"MOO19_Eviota_afelei",-17.482044,-149.849426,"2019","Eviota afelei",3.66692988883727
"1892",282,"Moorea","Hilton","BB8","Backreef","6/8/19",2.1,240,"MOO19","282","MOO19_282","Gobiidae","Eviota","afelei","EVIOAFEL",8.2,9.3,0.011,"MOO19_Eviota_afelei",-17.482044,-149.849426,"2019","Eviota afelei",3.66692988883727
"1893",283,"Moorea","Hilton","BB8","Backreef","6/8/19",2.1,240,"MOO19","283","MOO19_283","Gobiidae","Eviota","afelei","EVIOAFEL",7.9,8.9,0.009,"MOO19_Eviota_afelei",-17.482044,-149.849426,"2019","Eviota afelei",3.66692988883727
"1894",284,"Moorea","Hilton","BB8","Backreef","6/8/19",2.1,240,"MOO19","284","MOO19_284","Gobiidae","Eviota","afelei","EVIOAFEL",7.9,9.1,0.006,"MOO19_Eviota_afelei",-17.482044,-149.849426,"2019","Eviota afelei",3.66692988883727
"1895",285,"Moorea","Hilton","BB8","Backreef","6/8/19",2.1,240,"MOO19","285","MOO19_285","Gobiidae","Eviota","afelei","EVIOAFEL",7.3,8.4,0.004,"MOO19_Eviota_afelei",-17.482044,-149.849426,"2019","Eviota afelei",3.66692988883727
"1896",1,"Moorea","Papetoai","PB1","Forereef","16/02/2020",14.5,280,"MOO20","1","MOO20_1","Muraenidae","Uropterygius","fuscoguttatus","UROPFUSC",170.7,175,12.519,"MOO20_Uropterygius_fuscoguttatus",-17.49091,-149.85817,"2020","Uropterygius fuscoguttatus",4.99109901536184
"1897",2,"Moorea","Papetoai","PB1","Forereef","16/02/2020",14.5,280,"MOO20","2","MOO20_2","Gobiidae","Paragobiodon","lacunicolus","PARALACU",17.7,20.7,0.248,"MOO20_Paragobiodon_lacunicolus",-17.49091,-149.85817,"2020","Paragobiodon lacunicolus",4.99109901536184
"1898",3,"Moorea","Papetoai","PB1","Forereef","16/02/2020",14.5,280,"MOO20","3","MOO20_3","Tripterygiidae","Enneapterygius","pyramis","ENNEPYRA",20.8,25.7,0.166,"MOO20_Enneapterygius_pyramis",-17.49091,-149.85817,"2020","Enneapterygius pyramis",4.99109901536184
"1899",4,"Moorea","Papetoai","PB1","Forereef","16/02/2020",14.5,280,"MOO20","4","MOO20_4","Gobiidae","Eviota","albolineata","EVIOALBO",20.7,25.3,0.197,"MOO20_Eviota_albolineata",-17.49091,-149.85817,"2020","Eviota albolineata",4.99109901536184
"1900",5,"Moorea","Papetoai","PB1","Forereef","16/02/2020",14.5,280,"MOO20","5","MOO20_5","Scorpaenidae","Sebastapistes","fowleri","SEBAFOWL",18.5,22,0.24,"MOO20_Sebastapistes_fowleri",-17.49091,-149.85817,"2020","Sebastapistes fowleri",4.99109901536184
"1901",6,"Moorea","Papetoai","PB1","Forereef","16/02/2020",14.5,280,"MOO20","6","MOO20_6","Scorpaenidae","Sebastapistes","fowleri","SEBAFOWL",20.5,24.6,0.336,"MOO20_Sebastapistes_fowleri",-17.49091,-149.85817,"2020","Sebastapistes fowleri",4.99109901536184
"1902",7,"Moorea","Papetoai","PB1","Forereef","16/02/2020",14.5,280,"MOO20","7","MOO20_7","Scorpaenidae","Sebastapistes","fowleri","SEBAFOWL",15.9,19.4,0.19,"MOO20_Sebastapistes_fowleri",-17.49091,-149.85817,"2020","Sebastapistes fowleri",4.99109901536184
"1903",8,"Moorea","Papetoai","PB1","Forereef","16/02/2020",14.5,280,"MOO20","8","MOO20_8","Scorpaenidae","Scorpaenodes","varipinnis","SCORVARI",11.1,14.2,0.047,"MOO20_Scorpaenodes_varipinnis",-17.49091,-149.85817,"2020","Scorpaenodes varipinnis",4.99109901536184
"1904",9,"Moorea","Papetoai","PB1","Forereef","16/02/2020",14.5,280,"MOO20","9","MOO20_9","Serranidae","Plectranthias","nanus","PLECNANU",23.6,29.2,0.392,"MOO20_Plectranthias_nanus",-17.49091,-149.85817,"2020","Plectranthias nanus",4.99109901536184
"1905",10,"Moorea","Papetoai","PB1","Forereef","16/02/2020",14.5,280,"MOO20","10","MOO20_10","Labridae","Pseudocheilinus","hexataenia","PSEUHEXA",25.8,31.5,0.638,"MOO20_Pseudocheilinus_hexataenia",-17.49091,-149.85817,"2020","Pseudocheilinus hexataenia",4.99109901536184
"1906",11,"Moorea","Papetoai","PB1","Forereef","16/02/2020",14.5,280,"MOO20","11","MOO20_11","Labridae","Pseudocheilinus","hexataenia","PSEUHEXA",28.1,33.5,0.73,"MOO20_Pseudocheilinus_hexataenia",-17.49091,-149.85817,"2020","Pseudocheilinus hexataenia",4.99109901536184
"1907",12,"Moorea","Papetoai","PB1","Forereef","16/02/2020",14.5,280,"MOO20","12","MOO20_12","Labridae","Pseudocheilinus","hexataenia","PSEUHEXA",21.4,25.3,0.332,"MOO20_Pseudocheilinus_hexataenia",-17.49091,-149.85817,"2020","Pseudocheilinus hexataenia",4.99109901536184
"1908",13,"Moorea","Papetoai","PB1","Forereef","16/02/2020",14.5,280,"MOO20","13","MOO20_13","Labridae","Cirrhilabrus","scottorum","CIRRSCOT",23.3,29.2,0.396,"MOO20_Cirrhilabrus_scottorum",-17.49091,-149.85817,"2020","Cirrhilabrus scottorum",4.99109901536184
"1909",14,"Moorea","Papetoai","PB1","Forereef","16/02/2020",14.5,280,"MOO20","14","MOO20_14","Serranidae","Cephalopholis","urodeta","CEPHUROD",60,69.1,5.342,"MOO20_Cephalopholis_urodeta",-17.49091,-149.85817,"2020","Cephalopholis urodeta",4.99109901536184
"1910",15,"Moorea","Papetoai","PB1","Forereef","16/02/2020",14.5,280,"MOO20","15","MOO20_15","Labridae","Pseudocheilinus","hexataenia","PSEUHEXA",43.1,51.1,2.47,"MOO20_Pseudocheilinus_hexataenia",-17.49091,-149.85817,"2020","Pseudocheilinus hexataenia",4.99109901536184
"1911",16,"Moorea","Papetoai","PB1","Forereef","16/02/2020",14.5,280,"MOO20","16","MOO20_16","Cirrhitidae","Paracirrhites","aractus","PARAARAC",71.8,85.3,9.794,"MOO20_Paracirrhites_aractus",-17.49091,-149.85817,"2020","Paracirrhites arcatus",4.99109901536184
"1912",17,"Moorea","Papetoai","PB1","Forereef","16/02/2020",14.5,280,"MOO20","17","MOO20_17","Cirrhitidae","Neocirrhites","armatus","NEOCARMA",42.7,50.3,2.466,"MOO20_Neocirrhites_armatus",-17.49091,-149.85817,"2020","Neocirrhites armatus",4.99109901536184
"1913",18,"Moorea","Papetoai","PB1","Forereef","16/02/2020",14.5,280,"MOO20","18","MOO20_18","Pomacanthidae","Centropyge","bispinosa","CENTBISP",55,63.1,6.248,"MOO20_Centropyge_bispinosa",-17.49091,-149.85817,"2020","Centropyge bispinosa",4.99109901536184
"1914",19,"Moorea","Papetoai","PB1","Forereef","16/02/2020",14.5,280,"MOO20","19","MOO20_19","Pomacanthidae","Centropyge","bispinosa","CENTBISP",45.4,55.8,4.667,"MOO20_Centropyge_bispinosa",-17.49091,-149.85817,"2020","Centropyge bispinosa",4.99109901536184
"1915",20,"Moorea","Papetoai","PB1","Forereef","16/02/2020",14.5,280,"MOO20","20","MOO20_20","Pomacentridae","Chromis","acares","CHROACAR",30.1,43.2,1.047,"MOO20_Chromis_acares",-17.49091,-149.85817,"2020","Chromis acares",4.99109901536184
"1916",21,"Moorea","Papetoai","PB1","Forereef","16/02/2020",14.5,280,"MOO20","21","MOO20_21","Pomacentridae","Chromis","acares","CHROACAR",30.3,40.3,0.987,"MOO20_Chromis_acares",-17.49091,-149.85817,"2020","Chromis acares",4.99109901536184
"1917",22,"Moorea","Papetoai","PB1","Forereef","16/02/2020",14.5,280,"MOO20","22","MOO20_22","Pomacentridae","Chromis","acares","CHROACAR",35.1,45.1,1.458,"MOO20_Chromis_acares",-17.49091,-149.85817,"2020","Chromis acares",4.99109901536184
"1918",23,"Moorea","Papetoai","PB1","Forereef","16/02/2020",14.5,280,"MOO20","23","MOO20_23","Pomacentridae","Chromis","acares","CHROACAR",29.2,38.4,0.871,"MOO20_Chromis_acares",-17.49091,-149.85817,"2020","Chromis acares",4.99109901536184
"1919",24,"Moorea","Papetoai","PB1","Forereef","16/02/2020",14.5,280,"MOO20","24","MOO20_24","Pomacentridae","Chromis","acares","CHROACAR",29.4,38.7,0.935,"MOO20_Chromis_acares",-17.49091,-149.85817,"2020","Chromis acares",4.99109901536184
"1920",25,"Moorea","Papetoai","PB1","Forereef","16/02/2020",14.5,280,"MOO20","25","MOO20_25","Pomacentridae","Chromis","iomelas","CHROIOME",38.4,51.9,2.33,"MOO20_Chromis_iomelas",-17.49091,-149.85817,"2020","Chromis iomelas",4.99109901536184
"1921",26,"Moorea","Papetoai","PB1","Forereef","16/02/2020",14.5,280,"MOO20","26","MOO20_26","Pomacentridae","Chromis","iomelas","CHROIOME",31.4,40.6,1.345,"MOO20_Chromis_iomelas",-17.49091,-149.85817,"2020","Chromis iomelas",4.99109901536184
"1922",27,"Moorea","Papetoai","PB1","Forereef","16/02/2020",14.5,280,"MOO20","27","MOO20_27","Pomacentridae","Chromis","iomelas","CHROIOME",25.3,35.3,0.692,"MOO20_Chromis_iomelas",-17.49091,-149.85817,"2020","Chromis iomelas",4.99109901536184
"1923",28,"Moorea","Papetoai","PB1","Forereef","16/02/2020",14.5,280,"MOO20","28","MOO20_28","Pomacentridae","Dascyllus","flavicaudus","DASCFLAV",40.6,52.1,3.901,"MOO20_Dascyllus_flavicaudus",-17.49091,-149.85817,"2020","Dascyllus flavicaudus",4.99109901536184
"1924",29,"Moorea","Papetoai","PB1","Forereef","16/02/2020",14.5,280,"MOO20","29","MOO20_29","Pomacentridae","Dascyllus","flavicaudus","DASCFLAV",47.8,59.5,6.152,"MOO20_Dascyllus_flavicaudus",-17.49091,-149.85817,"2020","Dascyllus flavicaudus",4.99109901536184
"1925",30,"Moorea","Papetoai","PB1","Forereef","16/02/2020",14.5,280,"MOO20","30","MOO20_30","Pomacentridae","Dascyllus","flavicaudus","DASCFLAV",39.1,49,3.354,"MOO20_Dascyllus_flavicaudus",-17.49091,-149.85817,"2020","Dascyllus flavicaudus",4.99109901536184
"1926",31,"Moorea","Papetoai","PB1","Forereef","16/02/2020",14.5,280,"MOO20","31","MOO20_31","Pomacentridae","Dascyllus","flavicaudus","DASCFLAV",34.2,42,2.327,"MOO20_Dascyllus_flavicaudus",-17.49091,-149.85817,"2020","Dascyllus flavicaudus",4.99109901536184
"1927",32,"Moorea","Lemon","PB2","Forereef","16/02/2020",14.1,300,"MOO20","32","MOO20_32","Labridae","Halichoeres","claudia","HALICLAU",34.5,40.9,0.815,"MOO20_Halichoeres_claudia",-17.48157,-149.85555,"2020","Halichoeres claudia",5.72957795130823
"1928",33,"Moorea","Lemon","PB2","Forereef","16/02/2020",14.1,300,"MOO20","33","MOO20_33","Tripterygiidae","Enneapterygius","pyramis","ENNEPYRA",18.4,22.6,0.12,"MOO20_Enneapterygius_pyramis",-17.48157,-149.85555,"2020","Enneapterygius pyramis",5.72957795130823
"1929",34,"Moorea","Lemon","PB2","Forereef","16/02/2020",14.1,300,"MOO20","34","MOO20_34","Tripterygiidae","Enneapterygius","pyramis","ENNEPYRA",20.7,24.9,0.149,"MOO20_Enneapterygius_pyramis",-17.48157,-149.85555,"2020","Enneapterygius pyramis",5.72957795130823
"1930",35,"Moorea","Lemon","PB2","Forereef","16/02/2020",14.1,300,"MOO20","35","MOO20_35","Tripterygiidae","Enneapterygius","pyramis","ENNEPYRA",23,27.7,0.189,"MOO20_Enneapterygius_pyramis",-17.48157,-149.85555,"2020","Enneapterygius pyramis",5.72957795130823
"1931",36,"Moorea","Lemon","PB2","Forereef","16/02/2020",14.1,300,"MOO20","36","MOO20_36","Gobiidae","Eviota","albolineata","EVIOALBO",18.7,22.4,0.118,"MOO20_Eviota_albolineata",-17.48157,-149.85555,"2020","Eviota albolineata",5.72957795130823
"1932",37,"Moorea","Lemon","PB2","Forereef","16/02/2020",14.1,300,"MOO20","37","MOO20_37","Scorpaenidae","Sebastapistes","fowleri","SEBAFOWL",20.6,25.6,0.326,"MOO20_Sebastapistes_fowleri",-17.48157,-149.85555,"2020","Sebastapistes fowleri",5.72957795130823
"1933",38,"Moorea","Lemon","PB2","Forereef","16/02/2020",14.1,300,"MOO20","38","MOO20_38","Scorpaenidae","Sebastapistes","fowleri","SEBAFOWL",21.6,25.9,0.387,"MOO20_Sebastapistes_fowleri",-17.48157,-149.85555,"2020","Sebastapistes fowleri",5.72957795130823
"1934",39,"Moorea","Lemon","PB2","Forereef","16/02/2020",14.1,300,"MOO20","39","MOO20_39","Scorpaenidae","Sebastapistes","fowleri","SEBAFOWL",13.8,15.6,0.114,"MOO20_Sebastapistes_fowleri",-17.48157,-149.85555,"2020","Sebastapistes fowleri",5.72957795130823
"1935",40,"Moorea","Lemon","PB2","Forereef","16/02/2020",14.1,300,"MOO20","40","MOO20_40","Scorpaenidae","Scorpaenodes","varipinnis","SCORVARI",17.1,21.9,0.216,"MOO20_Scorpaenodes_varipinnis",-17.48157,-149.85555,"2020","Scorpaenodes varipinnis",5.72957795130823
"1936",41,"Moorea","Lemon","PB2","Forereef","16/02/2020",14.1,300,"MOO20","41","MOO20_41","Serranidae","Pseudogramma","polyacanthum","PSEUPOLY",22,37.4,0.7,"MOO20_Pseudogramma_polyacanthum",-17.48157,-149.85555,"2020","Pseudogramma polyacanthum",5.72957795130823
"1937",42,"Moorea","Lemon","PB2","Forereef","16/02/2020",14.1,300,"MOO20","42","MOO20_42","Serranidae","Pseudogramma","polyacanthum","PSEUPOLY",20.1,24.5,0.185,"MOO20_Pseudogramma_polyacanthum",-17.48157,-149.85555,"2020","Pseudogramma polyacanthum",5.72957795130823
"1938",43,"Moorea","Lemon","PB2","Forereef","16/02/2020",14.1,300,"MOO20","43","MOO20_43","Serranidae","Pseudogramma","polyacanthum","PSEUPOLY",18.7,21.4,0.139,"MOO20_Pseudogramma_polyacanthum",-17.48157,-149.85555,"2020","Pseudogramma polyacanthum",5.72957795130823
"1939",44,"Moorea","Lemon","PB2","Forereef","16/02/2020",14.1,300,"MOO20","44","MOO20_44","Serranidae","Plectranthias","nanus","PLECNANU",25.3,31,0.44,"MOO20_Plectranthias_nanus",-17.48157,-149.85555,"2020","Plectranthias nanus",5.72957795130823
"1940",45,"Moorea","Lemon","PB2","Forereef","16/02/2020",14.1,300,"MOO20","45","MOO20_45","Apogonidae","Apogon","speA","APOGSPEA",21.9,21.9,0.78,"MOO20_Apogon_speA",-17.48157,-149.85555,"2020","Apogon speA",5.72957795130823
"1941",46,"Moorea","Lemon","PB2","Forereef","16/02/2020",14.1,300,"MOO20","46","MOO20_46","Pomacanthidae","Centropyge","flavissima","CENTFLAV",17.7,22.9,0.31,"MOO20_Centropyge_flavissima",-17.48157,-149.85555,"2020","Centropyge flavissima",5.72957795130823
"1942",47,"Moorea","Lemon","PB2","Forereef","16/02/2020",14.1,300,"MOO20","47","MOO20_47","Pomacentridae","Chromis","iomelas","CHROIOME",28.5,37.1,0.957,"MOO20_Chromis_iomelas",-17.48157,-149.85555,"2020","Chromis iomelas",5.72957795130823
"1943",48,"Moorea","Lemon","PB2","Forereef","16/02/2020",14.1,300,"MOO20","48","MOO20_48","Pomacentridae","Chromis","iomelas","CHROIOME",30.7,40.9,1.283,"MOO20_Chromis_iomelas",-17.48157,-149.85555,"2020","Chromis iomelas",5.72957795130823
"1944",49,"Moorea","Lemon","PB2","Forereef","16/02/2020",14.1,300,"MOO20","49","MOO20_49","Pomacentridae","Chromis","iomelas","CHROIOME",28.3,38.6,0.843,"MOO20_Chromis_iomelas",-17.48157,-149.85555,"2020","Chromis iomelas",5.72957795130823
"1945",50,"Moorea","Lemon","PB2","Forereef","16/02/2020",14.1,300,"MOO20","50","MOO20_50","Pomacanthidae","Centropyge","loricula","CENTLORI",33.3,41.5,1.866,"MOO20_Centropyge_loricula",-17.48157,-149.85555,"2020","Centropyge loricula",5.72957795130823
"1946",51,"Moorea","Lemon","PB2","Forereef","16/02/2020",14.1,300,"MOO20","51","MOO20_51","Pomacanthidae","Centropyge","bispinosa","CENTBISP",28.9,36,0.975,"MOO20_Centropyge_bispinosa",-17.48157,-149.85555,"2020","Centropyge bispinosa",5.72957795130823
"1947",52,"Moorea","Lemon","PB2","Forereef","16/02/2020",14.1,300,"MOO20","52","MOO20_52","Pomacentridae","Chromis","acares","CHROACAR",23.5,30.7,0.37,"MOO20_Chromis_acares",-17.48157,-149.85555,"2020","Chromis acares",5.72957795130823
"1948",53,"Moorea","Lemon","PB2","Forereef","16/02/2020",14.1,300,"MOO20","53","MOO20_53","Pomacentridae","Chromis","acares","CHROACAR",17.9,24.2,0.187,"MOO20_Chromis_acares",-17.48157,-149.85555,"2020","Chromis acares",5.72957795130823
"1949",54,"Moorea","Lemon","PB2","Forereef","16/02/2020",14.1,300,"MOO20","54","MOO20_54","Pomacentridae","Chromis","acares","CHROACAR",22,29.2,0.317,"MOO20_Chromis_acares",-17.48157,-149.85555,"2020","Chromis acares",5.72957795130823
"1950",55,"Moorea","Lemon","PB2","Forereef","16/02/2020",14.1,300,"MOO20","55","MOO20_55","Labridae","Pseudocheilinus","hexataenia","PSEUHEXA",25.4,31.8,0.5896,"MOO20_Pseudocheilinus_hexataenia",-17.48157,-149.85555,"2020","Pseudocheilinus hexataenia",5.72957795130823
"1951",56,"Moorea","Lemon","PB2","Forereef","16/02/2020",14.1,300,"MOO20","56","MOO20_56","Labridae","Pseudocheilinus","hexataenia","PSEUHEXA",14.3,17.3,0.112,"MOO20_Pseudocheilinus_hexataenia",-17.48157,-149.85555,"2020","Pseudocheilinus hexataenia",5.72957795130823
"1952",57,"Moorea","Lemon","PB2","Forereef","16/02/2020",14.1,300,"MOO20","57","MOO20_57","Labridae","Pseudocheilinus","hexataenia","PSEUHEXA",43.2,51.7,2.24,"MOO20_Pseudocheilinus_hexataenia",-17.48157,-149.85555,"2020","Pseudocheilinus hexataenia",5.72957795130823
"1953",58,"Moorea","Lemon","PB2","Forereef","16/02/2020",14.1,300,"MOO20","58","MOO20_58","Labridae","Pseudocheilinus","hexataenia","PSEUHEXA",33.9,39,1.251,"MOO20_Pseudocheilinus_hexataenia",-17.48157,-149.85555,"2020","Pseudocheilinus hexataenia",5.72957795130823
"1954",59,"Moorea","Lemon","PB2","Forereef","16/02/2020",14.1,300,"MOO20","59","MOO20_59","Labridae","Pseudocheilinus","hexataenia","PSEUHEXA",30.4,37.2,0.922,"MOO20_Pseudocheilinus_hexataenia",-17.48157,-149.85555,"2020","Pseudocheilinus hexataenia",5.72957795130823
"1955",60,"Moorea","Lemon","PB2","Forereef","16/02/2020",14.1,300,"MOO20","60","MOO20_60","Labridae","Pseudocheilinus","hexataenia","PSEUHEXA",24.3,27.9,0.382,"MOO20_Pseudocheilinus_hexataenia",-17.48157,-149.85555,"2020","Pseudocheilinus hexataenia",5.72957795130823
"1956",61,"Moorea","Paopao1","PB3","Forereef","17/02/2020",12.8,250,"MOO20","61","MOO20_61","Pomacanthidae","Centropyge","bispinosa","CENTBISP",46.1,59.9,4.84,"MOO20_Centropyge_bispinosa",-17.47354,-149.82022,"2020","Centropyge bispinosa",3.97887357729738
"1957",62,"Moorea","Paopao1","PB3","Forereef","17/02/2020",12.8,250,"MOO20","62","MOO20_62","Cirrhitidae","Neocirrhites","armatus","NEOCARMA",49.4,60.3,4.829,"MOO20_Neocirrhites_armatus",-17.47354,-149.82022,"2020","Neocirrhites armatus",3.97887357729738
"1958",63,"Moorea","Paopao1","PB3","Forereef","17/02/2020",12.8,250,"MOO20","63","MOO20_63","Gobiidae","Trimmatom","eviotops","TRIMEVIO",10.2,11.8,0.018,"MOO20_Trimmatom_eviotops",-17.47354,-149.82022,"2020","Trimmatom eviotops",3.97887357729738
"1959",64,"Moorea","Paopao1","PB3","Forereef","17/02/2020",12.8,250,"MOO20","64","MOO20_64","Scorpaenidae","Caracanthus","maculatus","CARAMACU",22.9,26.9,0.761,"MOO20_Caracanthus_maculatus",-17.47354,-149.82022,"2020","Caracanthus maculatus",3.97887357729738
"1960",65,"Moorea","Paopao1","PB3","Forereef","17/02/2020",12.8,250,"MOO20","65","MOO20_65","Tripterygiidae","Enneapterygius","pyramis","ENNEPYRA",17.4,21.7,0.101,"MOO20_Enneapterygius_pyramis",-17.47354,-149.82022,"2020","Enneapterygius pyramis",3.97887357729738
"1961",66,"Moorea","Paopao1","PB3","Forereef","17/02/2020",12.8,250,"MOO20","66","MOO20_66","Tripterygiidae","Enneapterygius","pyramis","ENNEPYRA",12.5,15,0.031,"MOO20_Enneapterygius_pyramis",-17.47354,-149.82022,"2020","Enneapterygius pyramis",3.97887357729738
"1962",67,"Moorea","Paopao1","PB3","Forereef","17/02/2020",12.8,250,"MOO20","67","MOO20_67","Tripterygiidae","Enneapterygius","pyramis","ENNEPYRA",19.9,23.1,0.145,"MOO20_Enneapterygius_pyramis",-17.47354,-149.82022,"2020","Enneapterygius pyramis",3.97887357729738
"1963",68,"Moorea","Paopao1","PB3","Forereef","17/02/2020",12.8,250,"MOO20","68","MOO20_68","Tripterygiidae","Enneapterygius","pyramis","ENNEPYRA",18.9,23.5,0.128,"MOO20_Enneapterygius_pyramis",-17.47354,-149.82022,"2020","Enneapterygius pyramis",3.97887357729738
"1964",69,"Moorea","Paopao1","PB3","Forereef","17/02/2020",12.8,250,"MOO20","69","MOO20_69","Tripterygiidae","Enneapterygius","pyramis","ENNEPYRA",21,25.2,0.169,"MOO20_Enneapterygius_pyramis",-17.47354,-149.82022,"2020","Enneapterygius pyramis",3.97887357729738
"1965",70,"Moorea","Paopao1","PB3","Forereef","17/02/2020",12.8,250,"MOO20","70","MOO20_70","Labridae","Pseudocheilinus","hexataenia","PSEUHEXA",45.3,53.5,2.521,"MOO20_Pseudocheilinus_hexataenia",-17.47354,-149.82022,"2020","Pseudocheilinus hexataenia",3.97887357729738
"1966",71,"Moorea","Paopao1","PB3","Forereef","17/02/2020",12.8,250,"MOO20","71","MOO20_71","Labridae","Pseudocheilinus","hexataenia","PSEUHEXA",22.2,27.8,0.423,"MOO20_Pseudocheilinus_hexataenia",-17.47354,-149.82022,"2020","Pseudocheilinus hexataenia",3.97887357729738
"1967",72,"Moorea","Paopao1","PB3","Forereef","17/02/2020",12.8,250,"MOO20","72","MOO20_72","Labridae","Pseudocheilinus","hexataenia","PSEUHEXA",29.4,35.8,0.819,"MOO20_Pseudocheilinus_hexataenia",-17.47354,-149.82022,"2020","Pseudocheilinus hexataenia",3.97887357729738
"1968",73,"Moorea","Paopao1","PB3","Forereef","17/02/2020",12.8,250,"MOO20","73","MOO20_73","Apogonidae","Apogon","coccineus","APOGCOCC",31.1,40.6,0.975,"MOO20_Apogon_coccineus",-17.47354,-149.82022,"2020","Apogon coccineus",3.97887357729738
"1969",74,"Moorea","Paopao1","PB3","Forereef","17/02/2020",12.8,250,"MOO20","74","MOO20_74","Apogonidae","Ostorhinchus","nigrotaenia","OSTONIGR",30.7,36.5,0.571,"MOO20_Ostorhinchus_nigrotaenia",-17.47354,-149.82022,"2020","Ostorhinchus nigrotaenia",3.97887357729738
"1970",75,"Moorea","Paopao1","PB3","Forereef","17/02/2020",12.8,250,"MOO20","75","MOO20_75","Gobiidae","Eviota","albolineata","EVIOALBO",17.7,21.7,0.102,"MOO20_Eviota_albolineata",-17.47354,-149.82022,"2020","Eviota albolineata",3.97887357729738
"1971",76,"Moorea","Paopao1","PB3","Forereef","17/02/2020",12.8,250,"MOO20","76","MOO20_76","Tripterygiidae","Enneapterygius","speA","ENNESPEX",14.9,18.1,0.059,"MOO20_Enneapterygius_speX",-17.47354,-149.82022,"2020","Enneapterygius speA",3.97887357729738
"1972",77,"Moorea","Paopao1","PB3","Forereef","17/02/2020",12.8,250,"MOO20","77","MOO20_77","Tripterygiidae","Enneapterygius","speA","ENNESPEX",14,17,0.051,"MOO20_Enneapterygius_speX",-17.47354,-149.82022,"2020","Enneapterygius speA",3.97887357729738
"1973",78,"Moorea","Paopao1","PB3","Forereef","17/02/2020",12.8,250,"MOO20","78","MOO20_78","Serranidae","Pseudogramma","polyacanthum","PSEUPOLY",37.2,43.6,1.318,"MOO20_Pseudogramma_polyacanthum",-17.47354,-149.82022,"2020","Pseudogramma polyacanthum",3.97887357729738
"1974",79,"Moorea","Paopao1","PB3","Forereef","17/02/2020",12.8,250,"MOO20","79","MOO20_79","Serranidae","Pseudogramma","polyacanthum","PSEUPOLY",29.6,36.1,0.674,"MOO20_Pseudogramma_polyacanthum",-17.47354,-149.82022,"2020","Pseudogramma polyacanthum",3.97887357729738
"1975",80,"Moorea","Paopao1","PB3","Forereef","17/02/2020",12.8,250,"MOO20","80","MOO20_80","Serranidae","Pseudogramma","polyacanthum","PSEUPOLY",26.1,30.6,0.498,"MOO20_Pseudogramma_polyacanthum",-17.47354,-149.82022,"2020","Pseudogramma polyacanthum",3.97887357729738
"1976",81,"Moorea","Paopao1","PB3","Forereef","17/02/2020",12.8,250,"MOO20","81","MOO20_81","Muraenidae","Uropterygius","xanthopterus","UROPALBO",52.3,52.7,0.237,"MOO20_Uropterygius_alboguttata",-17.47354,-149.82022,"2020","Uropterygius xanthopterus",3.97887357729738
"1977",82,"Moorea","Paopao1","PB3","Forereef","17/02/2020",12.8,250,"MOO20","82","MOO20_82","Scorpaenidae","Scorpaenodes","speA","SCORSPEA",25,30.9,0.517,"MOO20_Scorpaenodes_speA",-17.47354,-149.82022,"2020","Scorpaenodes speA",3.97887357729738
"1978",83,"Moorea","Paopao1","PB3","Forereef","17/02/2020",12.8,250,"MOO20","83","MOO20_83","Scorpaenidae","Scorpaenodes","speA","SCORSPEA",21.7,26.3,0.398,"MOO20_Scorpaenodes_speA",-17.47354,-149.82022,"2020","Scorpaenodes speA",3.97887357729738
"1979",84,"Moorea","Paopao1","PB3","Forereef","17/02/2020",12.8,250,"MOO20","84","MOO20_84","Scorpaenidae","Scorpaenodes","speA","SCORSPEA",26.9,33.2,0.65,"MOO20_Scorpaenodes_speA",-17.47354,-149.82022,"2020","Scorpaenodes speA",3.97887357729738
"1980",85,"Moorea","Paopao1","PB3","Forereef","17/02/2020",12.8,250,"MOO20","85","MOO20_85","Scorpaenidae","Scorpaenodes","speA","SCORSPEA",20.1,25.3,0.319,"MOO20_Scorpaenodes_speA",-17.47354,-149.82022,"2020","Scorpaenodes speA",3.97887357729738
"1981",86,"Moorea","Paopao1","PB3","Forereef","17/02/2020",12.8,250,"MOO20","86","MOO20_86","Scorpaenidae","Scorpaenodes","speA","SCORSPEA",19.1,22.6,0.23,"MOO20_Scorpaenodes_speA",-17.47354,-149.82022,"2020","Scorpaenodes speA",3.97887357729738
"1982",87,"Moorea","Paopao2","PB4","Backreef","17/02/2020",2.3,250,"MOO20","87","MOO20_87","Pomacentridae","Stegastes","nigricans","STEGNIGR",27.5,36,0.903,"MOO20_Stegastes_nigricans",-17.48078,-149.81587,"2020","Stegastes nigricans",3.97887357729738
"1983",88,"Moorea","Paopao2","PB4","Backreef","17/02/2020",2.3,250,"MOO20","88","MOO20_88","Gobiidae","Priolepis","semidoliata","PRIOSEMI",17.2,23.3,0.156,"MOO20_Priolepis_semidoliata",-17.48078,-149.81587,"2020","Priolepis semidoliata",3.97887357729738
"1984",89,"Moorea","Paopao2","PB4","Backreef","17/02/2020",2.3,250,"MOO20","89","MOO20_89","Gobiidae","Priolepis","semidoliata","PRIOSEMI",15.2,19.4,0.088,"MOO20_Priolepis_semidoliata",-17.48078,-149.81587,"2020","Priolepis semidoliata",3.97887357729738
"1985",90,"Moorea","Paopao2","PB4","Backreef","17/02/2020",2.3,250,"MOO20","90","MOO20_90","Gobiidae","Eviota","albolineata","EVIOALBO",20.1,24.9,0.168,"MOO20_Eviota_albolineata",-17.48078,-149.81587,"2020","Eviota albolineata",3.97887357729738
"1986",91,"Moorea","Paopao2","PB4","Backreef","17/02/2020",2.3,250,"MOO20","91","MOO20_91","Gobiidae","Eviota","albolineata","EVIOALBO",18.9,23.1,0.114,"MOO20_Eviota_albolineata",-17.48078,-149.81587,"2020","Eviota albolineata",3.97887357729738
"1987",92,"Moorea","Paopao2","PB4","Backreef","17/02/2020",2.3,250,"MOO20","92","MOO20_92","Gobiidae","Eviota","albolineata","EVIOALBO",18.8,22.5,0.111,"MOO20_Eviota_albolineata",-17.48078,-149.81587,"2020","Eviota albolineata",3.97887357729738
"1988",93,"Moorea","Paopao2","PB4","Backreef","17/02/2020",2.3,250,"MOO20","93","MOO20_93","Muraenidae","Uropterygius","xanthopterus","UROPALBO",55.5,56.4,0.292,"MOO20_Uropterygius_alboguttata",-17.48078,-149.81587,"2020","Uropterygius xanthopterus",3.97887357729738
"1989",94,"Moorea","Paopao2","PB4","Backreef","17/02/2020",2.3,250,"MOO20","94","MOO20_94","Blenniidae","Glyptoparus","delicatulus","GLYPDELI",24.1,27.6,0.205,"MOO20_Glyptoparus_delicatulus",-17.48078,-149.81587,"2020","Glyptoparus delicatulus",3.97887357729738
"1990",95,"Moorea","Paopao2","PB4","Backreef","17/02/2020",2.3,250,"MOO20","95","MOO20_95","Blenniidae","Glyptoparus","delicatulus","GLYPDELI",24.1,28.3,0.19,"MOO20_Glyptoparus_delicatulus",-17.48078,-149.81587,"2020","Glyptoparus delicatulus",3.97887357729738
"1991",96,"Moorea","Paopao2","PB4","Backreef","17/02/2020",2.3,250,"MOO20","96","MOO20_96","Blenniidae","Glyptoparus","delicatulus","GLYPDELI",21.6,24.9,0.145,"MOO20_Glyptoparus_delicatulus",-17.48078,-149.81587,"2020","Glyptoparus delicatulus",3.97887357729738
"1992",97,"Moorea","Paopao2","PB4","Backreef","17/02/2020",2.3,250,"MOO20","97","MOO20_97","Blenniidae","Glyptoparus","delicatulus","GLYPDELI",17.6,20.1,0.09,"MOO20_Glyptoparus_delicatulus",-17.48078,-149.81587,"2020","Glyptoparus delicatulus",3.97887357729738
"1993",98,"Moorea","Paopao2","PB4","Backreef","17/02/2020",2.3,250,"MOO20","98","MOO20_98","Blenniidae","Glyptoparus","delicatulus","GLYPDELI",15.7,18.7,0.057,"MOO20_Glyptoparus_delicatulus",-17.48078,-149.81587,"2020","Glyptoparus delicatulus",3.97887357729738
"1994",99,"Moorea","Paopao2","PB4","Backreef","17/02/2020",2.3,250,"MOO20","99","MOO20_99","Apogonidae","Ostorhinchus","angustatus","OSTOANGU",29.7,37,0.516,"MOO20_Ostorhinchus_angustatus",-17.48078,-149.81587,"2020","Ostorhinchus angustatus",3.97887357729738
"1995",100,"Moorea","Paopao2","PB4","Backreef","17/02/2020",2.3,250,"MOO20","100","MOO20_100","Apogonidae","Fowleria","marmorata","FOWLMARM",28.8,35.3,0.643,"MOO20_Fowleria_marmorata",-17.48078,-149.81587,"2020","Fowleria marmorata",3.97887357729738
"1996",101,"Moorea","Paopao2","PB4","Backreef","17/02/2020",2.3,250,"MOO20","101","MOO20_101","Apogonidae","Apogon","coccineus","APOGCOCC",23.2,29.3,0.343,"MOO20_Apogon_coccineus",-17.48078,-149.81587,"2020","Apogon coccineus",3.97887357729738
"1997",102,"Moorea","Paopao2","PB4","Backreef","17/02/2020",2.3,250,"MOO20","102","MOO20_102","Labridae","Stethojulis","strigiventer","STETSTRI",17.5,21,0.127,"MOO20_Stethojulis_strigiventer",-17.48078,-149.81587,"2020","Stethojulis strigiventer",3.97887357729738
"1998",103,"Moorea","Paopao2","PB4","Backreef","17/02/2020",2.3,250,"MOO20","103","MOO20_103","Labridae","Stethojulis","strigiventer","STETSTRI",12.6,15.6,0.056,"MOO20_Stethojulis_strigiventer",-17.48078,-149.81587,"2020","Stethojulis strigiventer",3.97887357729738
"1999",104,"Moorea","Paopao2","PB4","Backreef","17/02/2020",2.3,250,"MOO20","104","MOO20_104","Gobiidae","Fusigobius","neophytus","FUSINEOP",32.3,38,0.546,"MOO20_Fusigobius_neophytus",-17.48078,-149.81587,"2020","Fusigobius neophytus",3.97887357729738
"2000",105,"Moorea","Paopao2","PB4","Backreef","17/02/2020",2.3,250,"MOO20","105","MOO20_105","Gobiidae","Fusigobius","neophytus","FUSINEOP",27.9,34,0.351,"MOO20_Fusigobius_neophytus",-17.48078,-149.81587,"2020","Fusigobius neophytus",3.97887357729738
"2001",106,"Moorea","Paopao2","PB4","Backreef","17/02/2020",2.3,250,"MOO20","106","MOO20_106","Gobiidae","Fusigobius","neophytus","FUSINEOP",24.3,28.7,0.244,"MOO20_Fusigobius_neophytus",-17.48078,-149.81587,"2020","Fusigobius neophytus",3.97887357729738
"2002",107,"Moorea","Paopao2","PB4","Backreef","17/02/2020",2.3,250,"MOO20","107","MOO20_107","Gobiidae","Fusigobius","neophytus","FUSINEOP",16.7,21.6,0.083,"MOO20_Fusigobius_neophytus",-17.48078,-149.81587,"2020","Fusigobius neophytus",3.97887357729738
"2003",108,"Moorea","Paopao2","PB4","Backreef","17/02/2020",2.3,250,"MOO20","108","MOO20_108","Gobiidae","Gnatholepis","cauerensis","GNATCAUE",29,37.2,0.475,"MOO20_Gnatholepis_cauerensis",-17.48078,-149.81587,"2020","Gnatholepis cauerensis",3.97887357729738
"2004",109,"Moorea","Paopao2","PB4","Backreef","17/02/2020",2.3,250,"MOO20","109","MOO20_109","Gobiidae","Gnatholepis","cauerensis","GNATCAUE",19.3,23,0.123,"MOO20_Gnatholepis_cauerensis",-17.48078,-149.81587,"2020","Gnatholepis cauerensis",3.97887357729738
"2005",110,"Moorea","Paopao2","PB4","Backreef","17/02/2020",2.3,250,"MOO20","110","MOO20_110","Gobiidae","Eviota","afelei","EVIOAFEL",14.3,17.5,0.059,"MOO20_Eviota_afelei",-17.48078,-149.81587,"2020","Eviota afelei",3.97887357729738
"2006",111,"Moorea","Paopao2","PB4","Backreef","17/02/2020",2.3,250,"MOO20","111","MOO20_111","Gobiidae","Eviota","afelei","EVIOAFEL",11.7,14.5,0.036,"MOO20_Eviota_afelei",-17.48078,-149.81587,"2020","Eviota afelei",3.97887357729738
"2007",112,"Moorea","Paopao2","PB4","Backreef","17/02/2020",2.3,250,"MOO20","112","MOO20_112","Gobiidae","Eviota","afelei","EVIOAFEL",11.7,14.3,0.031,"MOO20_Eviota_afelei",-17.48078,-149.81587,"2020","Eviota afelei",3.97887357729738
"2008",113,"Moorea","Paopao2","PB4","Backreef","17/02/2020",2.3,250,"MOO20","113","MOO20_113","Gobiidae","Eviota","afelei","EVIOAFEL",12.4,15.5,0.036,"MOO20_Eviota_afelei",-17.48078,-149.81587,"2020","Eviota afelei",3.97887357729738
"2009",114,"Moorea","Paopao2","PB4","Backreef","17/02/2020",2.3,250,"MOO20","114","MOO20_114","Gobiidae","Eviota","afelei","EVIOAFEL",7.3,9.2,0.01,"MOO20_Eviota_afelei",-17.48078,-149.81587,"2020","Eviota afelei",3.97887357729738
"2010",115,"Moorea","Paopao2","PB4","Backreef","17/02/2020",2.3,250,"MOO20","115","MOO20_115","Gobiidae","Eviota","afelei","EVIOAFEL",9,10.5,0.011,"MOO20_Eviota_afelei",-17.48078,-149.81587,"2020","Eviota afelei",3.97887357729738
"2011",116,"Moorea","Paopao2","PB4","Backreef","17/02/2020",2.3,250,"MOO20","116","MOO20_116","Gobiidae","Eviota","afelei","EVIOAFEL",11.8,14.4,0.037,"MOO20_Eviota_afelei",-17.48078,-149.81587,"2020","Eviota afelei",3.97887357729738
"2012",117,"Moorea","Paopao2","PB4","Backreef","17/02/2020",2.3,250,"MOO20","117","MOO20_117","Gobiidae","Eviota","afelei","EVIOAFEL",11.6,12.8,0.032,"MOO20_Eviota_afelei",-17.48078,-149.81587,"2020","Eviota afelei",3.97887357729738
"2013",118,"Moorea","Paopao2","PB4","Backreef","17/02/2020",2.3,250,"MOO20","118","MOO20_118","Gobiidae","Eviota","afelei","EVIOAFEL",12.5,15.1,0.041,"MOO20_Eviota_afelei",-17.48078,-149.81587,"2020","Eviota afelei",3.97887357729738
"2014",119,"Moorea","Paopao2","PB4","Backreef","17/02/2020",2.3,250,"MOO20","119","MOO20_119","Gobiidae","Eviota","afelei","EVIOAFEL",10.9,13.3,0.033,"MOO20_Eviota_afelei",-17.48078,-149.81587,"2020","Eviota afelei",3.97887357729738
"2015",120,"Moorea","Paopao2","PB4","Backreef","17/02/2020",2.3,250,"MOO20","120","MOO20_120","Gobiidae","Eviota","afelei","EVIOAFEL",11.7,13.9,0.033,"MOO20_Eviota_afelei",-17.48078,-149.81587,"2020","Eviota afelei",3.97887357729738
"2016",121,"Moorea","Paopao2","PB4","Backreef","17/02/2020",2.3,250,"MOO20","121","MOO20_121","Gobiidae","Eviota","afelei","EVIOAFEL",11.8,15,0.045,"MOO20_Eviota_afelei",-17.48078,-149.81587,"2020","Eviota afelei",3.97887357729738
"2017",122,"Moorea","Paopao2","PB4","Backreef","17/02/2020",2.3,250,"MOO20","122","MOO20_122","Gobiidae","Eviota","afelei","EVIOAFEL",11.2,13.5,0.04,"MOO20_Eviota_afelei",-17.48078,-149.81587,"2020","Eviota afelei",3.97887357729738
"2018",123,"Moorea","Paopao2","PB4","Backreef","17/02/2020",2.3,250,"MOO20","123","MOO20_123","Gobiidae","Eviota","afelei","EVIOAFEL",8.8,10.8,0.014,"MOO20_Eviota_afelei",-17.48078,-149.81587,"2020","Eviota afelei",3.97887357729738
"2019",124,"Moorea","Paopao2","PB4","Backreef","17/02/2020",2.3,250,"MOO20","124","MOO20_124","Gobiidae","Eviota","distigma","EVIODIST",12.4,14.7,0.039,"MOO20_Eviota_distigma",-17.48078,-149.81587,"2020","Eviota distigma",3.97887357729738
"2020",125,"Moorea","Paopao2","PB4","Backreef","17/02/2020",2.3,250,"MOO20","125","MOO20_125","Gobiidae","Eviota","afelei","EVIOAFEL",7.5,9.3,0.007,"MOO20_Eviota_afelei",-17.48078,-149.81587,"2020","Eviota afelei",3.97887357729738
"2021",126,"Moorea","Paopao2","PB4","Backreef","17/02/2020",2.3,250,"MOO20","126","MOO20_126","Gobiidae","Eviota","afelei","EVIOAFEL",7.1,8.8,0.009,"MOO20_Eviota_afelei",-17.48078,-149.81587,"2020","Eviota afelei",3.97887357729738
"2022",127,"Moorea","Paopao2","PB4","Backreef","17/02/2020",2.3,250,"MOO20","127","MOO20_127","Gobiidae","Eviota","afelei","EVIOAFEL",7.3,9.4,0.011,"MOO20_Eviota_afelei",-17.48078,-149.81587,"2020","Eviota afelei",3.97887357729738
"2023",128,"Moorea","Paopao2","PB4","Backreef","17/02/2020",2.3,250,"MOO20","128","MOO20_128","Gobiidae","Eviota","afelei","EVIOAFEL",10.6,12.9,0.026,"MOO20_Eviota_afelei",-17.48078,-149.81587,"2020","Eviota afelei",3.97887357729738
"2024",129,"Moorea","Paopao2","PB4","Backreef","17/02/2020",2.3,250,"MOO20","129","MOO20_129","Gobiidae","Eviota","afelei","EVIOAFEL",10.6,12.6,0.025,"MOO20_Eviota_afelei",-17.48078,-149.81587,"2020","Eviota afelei",3.97887357729738
"2025",130,"Moorea","Paopao2","PB4","Backreef","17/02/2020",2.3,250,"MOO20","130","MOO20_130","Gobiidae","Eviota","afelei","EVIOAFEL",10.1,11.8,0.018,"MOO20_Eviota_afelei",-17.48078,-149.81587,"2020","Eviota afelei",3.97887357729738
"2026",131,"Moorea","Paopao2","PB4","Backreef","17/02/2020",2.3,250,"MOO20","131","MOO20_131","Gobiidae","Eviota","afelei","EVIOAFEL",12.7,15.4,0.04,"MOO20_Eviota_afelei",-17.48078,-149.81587,"2020","Eviota afelei",3.97887357729738
"2027",132,"Moorea","Paopao2","PB4","Backreef","17/02/2020",2.3,250,"MOO20","132","MOO20_132","Gobiidae","Eviota","hinanoae","EVIOHINA",10.2,12.4,0.018,"MOO20_Eviota_hinanoae",-17.48078,-149.81587,"2020","Eviota hinanoae",3.97887357729738
"2028",133,"Moorea","Paopao2","PB4","Backreef","17/02/2020",2.3,250,"MOO20","133","MOO20_133","Gobiidae","Eviota","infulata","EVIOINFU",9.8,12,0.017,"MOO20_Eviota_infulata",-17.48078,-149.81587,"2020","Eviota infulata",3.97887357729738
"2029",134,"Moorea","Paopao2","PB4","Backreef","17/02/2020",2.3,250,"MOO20","134","MOO20_134","Gobiidae","Eviota","infulata","EVIOINFU",8.8,11.2,0.017,"MOO20_Eviota_infulata",-17.48078,-149.81587,"2020","Eviota infulata",3.97887357729738
"2030",135,"Moorea","Paopao2","PB4","Backreef","17/02/2020",2.3,250,"MOO20","135","MOO20_135","Gobiidae","Eviota","infulata","EVIOINFU",8.8,10.8,0.014,"MOO20_Eviota_infulata",-17.48078,-149.81587,"2020","Eviota infulata",3.97887357729738
"2031",136,"Moorea","Paopao2","PB4","Backreef","17/02/2020",2.3,250,"MOO20","136","MOO20_136","Gobiidae","Eviota","infulata","EVIOINFU",7.2,9.2,0.008,"MOO20_Eviota_infulata",-17.48078,-149.81587,"2020","Eviota infulata",3.97887357729738
"2032",137,"Moorea","Paopao2","PB4","Backreef","17/02/2020",2.3,250,"MOO20","137","MOO20_137","Gobiidae","Eviota","infulata","EVIOINFU",7,8.7,0.006,"MOO20_Eviota_infulata",-17.48078,-149.81587,"2020","Eviota infulata",3.97887357729738
"2033",138,"Moorea","Paopao2","PB4","Backreef","17/02/2020",2.3,250,"MOO20","138","MOO20_138","Gobiidae","Eviota","afelei","EVIOAFEL",11.9,14.3,0.039,"MOO20_Eviota_afelei",-17.48078,-149.81587,"2020","Eviota afelei",3.97887357729738
"2034",139,"Moorea","Paopao2","PB4","Backreef","17/02/2020",2.3,250,"MOO20","139","MOO20_139","Gobiidae","Eviota","afelei","EVIOAFEL",10.1,11.3,0.024,"MOO20_Eviota_afelei",-17.48078,-149.81587,"2020","Eviota afelei",3.97887357729738
"2035",140,"Moorea","Paopao2","PB4","Backreef","17/02/2020",2.3,250,"MOO20","140","MOO20_140","Gobiidae","Eviota","afelei","EVIOAFEL",9.7,11.8,0.018,"MOO20_Eviota_afelei",-17.48078,-149.81587,"2020","Eviota afelei",3.97887357729738
"2036",141,"Moorea","Paopao2","PB4","Backreef","17/02/2020",2.3,250,"MOO20","141","MOO20_141","Gobiidae","Eviota","afelei","EVIOAFEL",9.9,12,0.021,"MOO20_Eviota_afelei",-17.48078,-149.81587,"2020","Eviota afelei",3.97887357729738
"2037",142,"Moorea","Paopao2","PB4","Backreef","17/02/2020",2.3,250,"MOO20","142","MOO20_142","Gobiidae","Eviota","afelei","EVIOAFEL",9.9,11.4,0.02,"MOO20_Eviota_afelei",-17.48078,-149.81587,"2020","Eviota afelei",3.97887357729738
"2038",143,"Moorea","Paopao2","PB4","Backreef","17/02/2020",2.3,250,"MOO20","143","MOO20_143","Gobiidae","Eviota","afelei","EVIOAFEL",8.3,10.2,0.012,"MOO20_Eviota_afelei",-17.48078,-149.81587,"2020","Eviota afelei",3.97887357729738
"2039",144,"Moorea","Paopao2","PB4","Backreef","17/02/2020",2.3,250,"MOO20","144","MOO20_144","Gobiidae","Eviota","afelei","EVIOAFEL",7.7,9.7,0.009,"MOO20_Eviota_afelei",-17.48078,-149.81587,"2020","Eviota afelei",3.97887357729738
"2040",145,"Moorea","Paopao2","PB4","Backreef","17/02/2020",2.3,250,"MOO20","145","MOO20_145","Gobiidae","Eviota","afelei","EVIOAFEL",8.3,9.8,0.011,"MOO20_Eviota_afelei",-17.48078,-149.81587,"2020","Eviota afelei",3.97887357729738
"2041",146,"Moorea","Paopao2","PB4","Backreef","17/02/2020",2.3,250,"MOO20","146","MOO20_146","Gobiidae","Eviota","afelei","EVIOAFEL",8.4,9.7,0.012,"MOO20_Eviota_afelei",-17.48078,-149.81587,"2020","Eviota afelei",3.97887357729738
"2042",147,"Moorea","Tiahura1","PB5","Forereef","18/02/2020",12.2,235,"MOO20","147","MOO20_147","Labridae","Pseudocheilinus","tetrataenia","PSEUTETR",38.3,44.3,1.425,"MOO20_Pseudocheilinus_tetrataenia",-17.48234,-149.89917,"2020","Pseudocheilinus tetrataenia",3.51573269289997
"2043",148,"Moorea","Tiahura1","PB5","Forereef","18/02/2020",12.2,235,"MOO20","148","MOO20_148","Gobiidae","Priolepis","squamogena","PRIOSQUA",16.5,20.9,0.088,"MOO20_Priolepis_squamogena",-17.48234,-149.89917,"2020","Priolepis squamogena",3.51573269289997
"2044",149,"Moorea","Tiahura1","PB5","Forereef","18/02/2020",12.2,235,"MOO20","149","MOO20_149","Gobiidae","Paragobiodon","lacunicolus","PARALACU",19.5,23.5,0.287,"MOO20_Paragobiodon_lacunicolus",-17.48234,-149.89917,"2020","Paragobiodon lacunicolus",3.51573269289997
"2045",150,"Moorea","Tiahura1","PB5","Forereef","18/02/2020",12.2,235,"MOO20","150","MOO20_150","Gobiidae","Paragobiodon","modestus","PARAMODE",15.8,19.1,0.18,"MOO20_Paragobiodon_modestus",-17.48234,-149.89917,"2020","Paragobiodon modestus",3.51573269289997
"2046",151,"Moorea","Tiahura1","PB5","Forereef","18/02/2020",12.2,235,"MOO20","151","MOO20_151","Gobiidae","Paragobiodon","modestus","PARAMODE",12.2,14.2,0.063,"MOO20_Paragobiodon_modestus",-17.48234,-149.89917,"2020","Paragobiodon modestus",3.51573269289997
"2047",152,"Moorea","Tiahura1","PB5","Forereef","18/02/2020",12.2,235,"MOO20","152","MOO20_152","Gobiidae","Paragobiodon","modestus","PARAMODE",6.9,9,0.014,"MOO20_Paragobiodon_modestus",-17.48234,-149.89917,"2020","Paragobiodon modestus",3.51573269289997
"2048",153,"Moorea","Tiahura1","PB5","Forereef","18/02/2020",12.2,235,"MOO20","153","MOO20_153","Apogonidae","Apogon","susanae","APOGSUSA",18.9,24.3,0.176,"MOO20_Apogon_susanae",-17.48234,-149.89917,"2020","Apogon susanae",3.51573269289997
"2049",154,"Moorea","Tiahura1","PB5","Forereef","18/02/2020",12.2,235,"MOO20","154","MOO20_154","Gobiidae","Trimmatom","speA","TRIMSPEX",7.1,9,0.005,"MOO20_Trimmatom_speX",-17.48234,-149.89917,"2020","Trimmatom eviotops",3.51573269289997
"2050",155,"Moorea","Tiahura1","PB5","Forereef","18/02/2020",12.2,235,"MOO20","155","MOO20_155","Tripterygiidae","Enneapterygius","speA","ENNESPEX",14.5,18.1,0.054,"MOO20_Enneapterygius_speX",-17.48234,-149.89917,"2020","Enneapterygius speA",3.51573269289997
"2051",156,"Moorea","Tiahura1","PB5","Forereef","18/02/2020",12.2,235,"MOO20","156","MOO20_156","Tripterygiidae","Enneapterygius","speA","ENNESPEX",13.8,16.7,0.043,"MOO20_Enneapterygius_speX",-17.48234,-149.89917,"2020","Enneapterygius speA",3.51573269289997
"2052",157,"Moorea","Tiahura1","PB5","Forereef","18/02/2020",12.2,235,"MOO20","157","MOO20_157","Tripterygiidae","Enneapterygius","speA","ENNESPEX",10.3,12,0.013,"MOO20_Enneapterygius_speX",-17.48234,-149.89917,"2020","Enneapterygius speA",3.51573269289997
"2053",158,"Moorea","Tiahura1","PB5","Forereef","18/02/2020",12.2,235,"MOO20","158","MOO20_158","Pomacentridae","Dascyllus","flavicaudus","DASCFLAV",42.7,53.6,4.257,"MOO20_Dascyllus_flavicaudus",-17.48234,-149.89917,"2020","Dascyllus flavicaudus",3.51573269289997
"2054",159,"Moorea","Tiahura1","PB5","Forereef","18/02/2020",12.2,235,"MOO20","159","MOO20_159","Pomacentridae","Dascyllus","flavicaudus","DASCFLAV",56.6,71.8,7.866,"MOO20_Dascyllus_flavicaudus",-17.48234,-149.89917,"2020","Dascyllus flavicaudus",3.51573269289997
"2055",160,"Moorea","Tiahura1","PB5","Forereef","18/02/2020",12.2,235,"MOO20","160","MOO20_160","Pomacentridae","Dascyllus","flavicaudus","DASCFLAV",46.2,56.6,4.902,"MOO20_Dascyllus_flavicaudus",-17.48234,-149.89917,"2020","Dascyllus flavicaudus",3.51573269289997
"2056",161,"Moorea","Tiahura1","PB5","Forereef","18/02/2020",12.2,235,"MOO20","161","MOO20_161","Pomacentridae","Dascyllus","flavicaudus","DASCFLAV",45.6,58.9,4.823,"MOO20_Dascyllus_flavicaudus",-17.48234,-149.89917,"2020","Dascyllus flavicaudus",3.51573269289997
"2057",162,"Moorea","Tiahura1","PB5","Forereef","18/02/2020",12.2,235,"MOO20","162","MOO20_162","Pomacentridae","Dascyllus","flavicaudus","DASCFLAV",50.3,62.1,6.341,"MOO20_Dascyllus_flavicaudus",-17.48234,-149.89917,"2020","Dascyllus flavicaudus",3.51573269289997
"2058",163,"Moorea","Tiahura1","PB5","Forereef","18/02/2020",12.2,235,"MOO20","163","MOO20_163","Pomacentridae","Dascyllus","flavicaudus","DASCFLAV",72,91.7,18.144,"MOO20_Dascyllus_flavicaudus",-17.48234,-149.89917,"2020","Dascyllus flavicaudus",3.51573269289997
"2059",164,"Moorea","Tiahura1","PB5","Forereef","18/02/2020",12.2,235,"MOO20","164","MOO20_164","Pomacentridae","Dascyllus","flavicaudus","DASCFLAV",65.6,83.1,13.802,"MOO20_Dascyllus_flavicaudus",-17.48234,-149.89917,"2020","Dascyllus flavicaudus",3.51573269289997
"2060",165,"Moorea","Tiahura1","PB5","Forereef","18/02/2020",12.2,235,"MOO20","165","MOO20_165","Pomacentridae","Dascyllus","flavicaudus","DASCFLAV",45,56.3,4.053,"MOO20_Dascyllus_flavicaudus",-17.48234,-149.89917,"2020","Dascyllus flavicaudus",3.51573269289997
"2061",166,"Moorea","Tiahura1","PB5","Forereef","18/02/2020",12.2,235,"MOO20","166","MOO20_166","Pomacentridae","Dascyllus","flavicaudus","DASCFLAV",32.8,42.6,1.852,"MOO20_Dascyllus_flavicaudus",-17.48234,-149.89917,"2020","Dascyllus flavicaudus",3.51573269289997
"2062",167,"Moorea","Tiahura1","PB5","Forereef","18/02/2020",12.2,235,"MOO20","167","MOO20_167","Pomacentridae","Dascyllus","flavicaudus","DASCFLAV",50,65,6.522,"MOO20_Dascyllus_flavicaudus",-17.48234,-149.89917,"2020","Dascyllus flavicaudus",3.51573269289997
"2063",168,"Moorea","Tiahura1","PB5","Forereef","18/02/2020",12.2,235,"MOO20","168","MOO20_168","Pomacentridae","Dascyllus","flavicaudus","DASCFLAV",43.7,56.4,4.329,"MOO20_Dascyllus_flavicaudus",-17.48234,-149.89917,"2020","Dascyllus flavicaudus",3.51573269289997
"2064",169,"Moorea","Tiahura1","PB5","Forereef","18/02/2020",12.2,235,"MOO20","169","MOO20_169","Pomacentridae","Dascyllus","flavicaudus","DASCFLAV",35,45,2.29,"MOO20_Dascyllus_flavicaudus",-17.48234,-149.89917,"2020","Dascyllus flavicaudus",3.51573269289997
"2065",170,"Moorea","Tiahura1","PB5","Forereef","18/02/2020",12.2,235,"MOO20","170","MOO20_170","Pomacentridae","Chromis","iomelas","CHROIOME",39,57.5,2.542,"MOO20_Chromis_iomelas",-17.48234,-149.89917,"2020","Chromis iomelas",3.51573269289997
"2066",171,"Moorea","Tiahura1","PB5","Forereef","18/02/2020",12.2,235,"MOO20","171","MOO20_171","Pomacentridae","Chromis","iomelas","CHROIOME",42.2,65.5,3.402,"MOO20_Chromis_iomelas",-17.48234,-149.89917,"2020","Chromis iomelas",3.51573269289997
"2067",172,"Moorea","Tiahura1","PB5","Forereef","18/02/2020",12.2,235,"MOO20","172","MOO20_172","Pomacentridae","Chromis","iomelas","CHROIOME",31.3,45.4,1.207,"MOO20_Chromis_iomelas",-17.48234,-149.89917,"2020","Chromis iomelas",3.51573269289997
"2068",173,"Moorea","Tiahura1","PB5","Forereef","18/02/2020",12.2,235,"MOO20","173","MOO20_173","Pomacentridae","Chromis","iomelas","CHROIOME",42.4,61.5,3.253,"MOO20_Chromis_iomelas",-17.48234,-149.89917,"2020","Chromis iomelas",3.51573269289997
"2069",174,"Moorea","Tiahura1","PB5","Forereef","18/02/2020",12.2,235,"MOO20","174","MOO20_174","Pomacentridae","Chromis","margaritifer","CHROMARG",29.7,44.9,1.069,"MOO20_Chromis_margaritiferus",-17.48234,-149.89917,"2020","Chromis margaritifer",3.51573269289997
"2070",175,"Moorea","Tiahura1","PB5","Forereef","18/02/2020",12.2,235,"MOO20","175","MOO20_175","Gobiidae","Trimmatom","speA","TRIMSPEX",8.8,10.2,0.01,"MOO20_Trimmatom_speX",-17.48234,-149.89917,"2020","Trimmatom eviotops",3.51573269289997
"2071",176,"Moorea","Tiahura1","PB5","Forereef","18/02/2020",12.2,235,"MOO20","176","MOO20_176","Cirrhitidae","Neocirrhites","armatus","NEOCARMA",53.7,63.4,5.847,"MOO20_Neocirrhites_armatus",-17.48234,-149.89917,"2020","Neocirrhites armatus",3.51573269289997
"2072",177,"Moorea","Tiahura1","PB5","Forereef","18/02/2020",12.2,235,"MOO20","177","MOO20_177","Cirrhitidae","Neocirrhites","armatus","NEOCARMA",41.7,49.8,2.73,"MOO20_Neocirrhites_armatus",-17.48234,-149.89917,"2020","Neocirrhites armatus",3.51573269289997
"2073",178,"Moorea","Tiahura1","PB5","Forereef","18/02/2020",12.2,235,"MOO20","178","MOO20_178","Cirrhitidae","Neocirrhites","armatus","NEOCARMA",36.6,55.5,3.527,"MOO20_Neocirrhites_armatus",-17.48234,-149.89917,"2020","Neocirrhites armatus",3.51573269289997
"2074",179,"Moorea","Tiahura1","PB5","Forereef","18/02/2020",12.2,235,"MOO20","179","MOO20_179","Cirrhitidae","Neocirrhites","armatus","NEOCARMA",38.2,46.2,2.088,"MOO20_Neocirrhites_armatus",-17.48234,-149.89917,"2020","Neocirrhites armatus",3.51573269289997
"2075",180,"Moorea","Tiahura1","PB5","Forereef","18/02/2020",12.2,235,"MOO20","180","MOO20_180","Cirrhitidae","Paracirrhites","arcatus","PARAARCA",82.8,97.8,15.644,"MOO20_Paracirrhites_arcatus",-17.48234,-149.89917,"2020","Paracirrhites arcatus",3.51573269289997
"2076",181,"Moorea","Tiahura1","PB5","Forereef","18/02/2020",12.2,235,"MOO20","181","MOO20_181","Cirrhitidae","Paracirrhites","arcatus","PARAARCA",71.7,83.5,8.191,"MOO20_Paracirrhites_arcatus",-17.48234,-149.89917,"2020","Paracirrhites arcatus",3.51573269289997
"2077",182,"Moorea","Tiahura1","PB5","Forereef","18/02/2020",12.2,235,"MOO20","182","MOO20_182","Scorpaenidae","Caracanthus","maculatus","CARAMACU",34.4,40.6,2.459,"MOO20_Caracanthus_maculatus",-17.48234,-149.89917,"2020","Caracanthus maculatus",3.51573269289997
"2078",183,"Moorea","Tiahura1","PB5","Forereef","18/02/2020",12.2,235,"MOO20","183","MOO20_183","Scorpaenidae","Caracanthus","maculatus","CARAMACU",35.4,40.7,2.759,"MOO20_Caracanthus_maculatus",-17.48234,-149.89917,"2020","Caracanthus maculatus",3.51573269289997
"2079",184,"Moorea","Tiahura1","PB5","Forereef","18/02/2020",12.2,235,"MOO20","184","MOO20_184","Scorpaenidae","Caracanthus","maculatus","CARAMACU",28.5,31.5,1.259,"MOO20_Caracanthus_maculatus",-17.48234,-149.89917,"2020","Caracanthus maculatus",3.51573269289997
"2080",185,"Moorea","Tiahura1","PB5","Forereef","18/02/2020",12.2,235,"MOO20","185","MOO20_185","Pomacanthidae","Centropyge","bispinosa","CENTBISP",52.2,64.6,7.113,"MOO20_Centropyge_bispinosa",-17.48234,-149.89917,"2020","Centropyge bispinosa",3.51573269289997
"2081",186,"Moorea","Tiahura1","PB5","Forereef","18/02/2020",12.2,235,"MOO20","186","MOO20_186","Pomacentridae","Plectroglyphidodon","johnstonianus","PLECJOHN",46.3,58.9,4.282,"MOO20_Plectroglyphidodon_johnstonianus",-17.48234,-149.89917,"2020","Plectroglyphidodon johnstonianus",3.51573269289997
"2082",187,"Moorea","Tiahura1","PB5","Forereef","18/02/2020",12.2,235,"MOO20","187","MOO20_187","Tetraodontidae","Canthigaster","janthinoptera","CANTJANT",37,45.7,2.279,"MOO20_Canthigaster_janthinoptera",-17.48234,-149.89917,"2020","Canthigaster janthinoptera",3.51573269289997
"2083",188,"Moorea","Tiahura1","PB5","Forereef","18/02/2020",12.2,235,"MOO20","188","MOO20_188","Pomacentridae","Chromis","acares","CHROACAR",36,46.8,1.485,"MOO20_Chromis_acares",-17.48234,-149.89917,"2020","Chromis acares",3.51573269289997
"2084",189,"Moorea","Tiahura1","PB5","Forereef","18/02/2020",12.2,235,"MOO20","189","MOO20_189","Pomacentridae","Chromis","acares","CHROACAR",35.5,47,1.276,"MOO20_Chromis_acares",-17.48234,-149.89917,"2020","Chromis acares",3.51573269289997
"2085",190,"Moorea","Tiahura1","PB5","Forereef","18/02/2020",12.2,235,"MOO20","190","MOO20_190","Labridae","Pseudocheilinus","tetrataenia","PSEUTETR",27.9,32.6,0.568,"MOO20_Pseudocheilinus_tetrataenia",-17.48234,-149.89917,"2020","Pseudocheilinus tetrataenia",3.51573269289997
"2086",191,"Moorea","Tiahura1","PB5","Forereef","18/02/2020",12.2,235,"MOO20","191","MOO20_191","Labridae","Pseudocheilinus","tetrataenia","PSEUTETR",27.1,32,0.514,"MOO20_Pseudocheilinus_tetrataenia",-17.48234,-149.89917,"2020","Pseudocheilinus tetrataenia",3.51573269289997
"2087",192,"Moorea","Tiahura1","PB5","Forereef","18/02/2020",12.2,235,"MOO20","192","MOO20_192","Labridae","Pseudocheilinus","tetrataenia","PSEUTETR",23.9,27.6,0.368,"MOO20_Pseudocheilinus_tetrataenia",-17.48234,-149.89917,"2020","Pseudocheilinus tetrataenia",3.51573269289997
"2088",193,"Moorea","Tiahura1","PB5","Forereef","18/02/2020",12.2,235,"MOO20","193","MOO20_193","Scorpaenidae","Parascorpaena","mossambica","PARAMOSS",28.9,35.3,0.66,"MOO20_Parascorpaena_mossambica",-17.48234,-149.89917,"2020","Parascorpaena mossambica",3.51573269289997
"2089",194,"Moorea","Tiahura1","PB5","Forereef","18/02/2020",12.2,235,"MOO20","194","MOO20_194","Scorpaenidae","Parascorpaena","mossambica","PARAMOSS",15.2,19.6,0.11,"MOO20_Parascorpaena_mossambica",-17.48234,-149.89917,"2020","Parascorpaena mossambica",3.51573269289997
"2090",195,"Moorea","Tiahura1","PB5","Forereef","18/02/2020",12.2,235,"MOO20","195","MOO20_195","Gobiidae","Paragobiodon","modestus","PARAMODE",12,15.8,0.085,"MOO20_Paragobiodon_modestus",-17.48234,-149.89917,"2020","Paragobiodon modestus",3.51573269289997
"2091",196,"Moorea","Tiahura1","PB5","Forereef","18/02/2020",12.2,235,"MOO20","196","MOO20_196","Gobiidae","Eviota","albolineata","EVIOALBO",16.9,20.9,0.092,"MOO20_Eviota_albolineata",-17.48234,-149.89917,"2020","Eviota albolineata",3.51573269289997
"2092",197,"Moorea","Tiahura1","PB5","Forereef","18/02/2020",12.2,235,"MOO20","197","MOO20_197","Gobiidae","Eviota","albolineata","EVIOALBO",14.2,17.9,0.053,"MOO20_Eviota_albolineata",-17.48234,-149.89917,"2020","Eviota albolineata",3.51573269289997
"2093",198,"Moorea","Tiahura1","PB5","Forereef","18/02/2020",12.2,235,"MOO20","198","MOO20_198","Gobiidae","Eviota","albolineata","EVIOALBO",21.3,26.2,0.187,"MOO20_Eviota_albolineata",-17.48234,-149.89917,"2020","Eviota albolineata",3.51573269289997
"2094",199,"Moorea","Tiahura1","PB5","Forereef","18/02/2020",12.2,235,"MOO20","199","MOO20_199","Gobiidae","Eviota","albolineata","EVIOALBO",16.2,19.4,0.071,"MOO20_Eviota_albolineata",-17.48234,-149.89917,"2020","Eviota albolineata",3.51573269289997
"2095",200,"Moorea","Tiahura1","PB5","Forereef","18/02/2020",12.2,235,"MOO20","200","MOO20_200","Scorpaenidae","Sebastapistes","fowleri","SEBAFOWL",20.7,24.3,0.32,"MOO20_Sebastapistes_fowleri",-17.48234,-149.89917,"2020","Sebastapistes fowleri",3.51573269289997
"2096",201,"Moorea","Tiahura1","PB5","Forereef","18/02/2020",12.2,235,"MOO20","201","MOO20_201","Scorpaenidae","Sebastapistes","fowleri","SEBAFOWL",24.3,29,0.565,"MOO20_Sebastapistes_fowleri",-17.48234,-149.89917,"2020","Sebastapistes fowleri",3.51573269289997
"2097",202,"Moorea","Tiahura1","PB5","Forereef","18/02/2020",12.2,235,"MOO20","202","MOO20_202","Scorpaenidae","Sebastapistes","fowleri","SEBAFOWL",16.6,19.7,0.179,"MOO20_Sebastapistes_fowleri",-17.48234,-149.89917,"2020","Sebastapistes fowleri",3.51573269289997
"2098",203,"Moorea","Tiahura1","PB5","Forereef","18/02/2020",12.2,235,"MOO20","203","MOO20_203","Scorpaenidae","Sebastapistes","fowleri","SEBAFOWL",19.5,23.4,0.238,"MOO20_Sebastapistes_fowleri",-17.48234,-149.89917,"2020","Sebastapistes fowleri",3.51573269289997
"2099",204,"Moorea","Tiahura1","PB5","Forereef","18/02/2020",12.2,235,"MOO20","204","MOO20_204","Scorpaenidae","Sebastapistes","fowleri","SEBAFOWL",19.1,22.5,0.219,"MOO20_Sebastapistes_fowleri",-17.48234,-149.89917,"2020","Sebastapistes fowleri",3.51573269289997
"2100",205,"Moorea","Tiahura1","PB5","Forereef","18/02/2020",12.2,235,"MOO20","205","MOO20_205","Scorpaenidae","Sebastapistes","fowleri","SEBAFOWL",18,21.7,0.241,"MOO20_Sebastapistes_fowleri",-17.48234,-149.89917,"2020","Sebastapistes fowleri",3.51573269289997
"2101",206,"Moorea","Tiahura1","PB5","Forereef","18/02/2020",12.2,235,"MOO20","206","MOO20_206","Scorpaenidae","Sebastapistes","fowleri","SEBAFOWL",15.5,18,0.153,"MOO20_Sebastapistes_fowleri",-17.48234,-149.89917,"2020","Sebastapistes fowleri",3.51573269289997
"2102",207,"Moorea","Tiahura1","PB5","Forereef","18/02/2020",12.2,235,"MOO20","207","MOO20_207","Scorpaenidae","Sebastapistes","fowleri","SEBAFOWL",16.1,19.3,0.17,"MOO20_Sebastapistes_fowleri",-17.48234,-149.89917,"2020","Sebastapistes fowleri",3.51573269289997
"2103",208,"Moorea","Tiahura1","PB5","Forereef","18/02/2020",12.2,235,"MOO20","208","MOO20_208","Serranidae","Plectranthias","nanus","PLECNANU",20,23.9,0.186,"MOO20_Plectranthias_nanus",-17.48234,-149.89917,"2020","Plectranthias nanus",3.51573269289997
"2104",209,"Moorea","Tiahura1","PB5","Forereef","18/02/2020",12.2,235,"MOO20","209","MOO20_209","Serranidae","Plectranthias","nanus","PLECNANU",20.7,24.7,0.233,"MOO20_Plectranthias_nanus",-17.48234,-149.89917,"2020","Plectranthias nanus",3.51573269289997
"2105",210,"Moorea","Tiahura1","PB5","Forereef","18/02/2020",12.2,235,"MOO20","210","MOO20_210","Serranidae","Plectranthias","nanus","PLECNANU",18.8,23.9,0.187,"MOO20_Plectranthias_nanus",-17.48234,-149.89917,"2020","Plectranthias nanus",3.51573269289997
"2106",211,"Moorea","Tiahura2","PB6","Backreef","18/02/2020",1.8,230,"MOO20","211","MOO20_211","Creediidae","Limnichthys","nitidus","LIMNNITI",16,18.6,0.033,"MOO20_Limnichthys_nitidus",-17.48698,-149.89366,"2020","Limnichthys nitidus",3.36771859582451
"2107",212,"Moorea","Tiahura2","PB6","Backreef","18/02/2020",1.8,230,"MOO20","212","MOO20_212","Gobiidae","Cabillus","tongarevae","CABITONG",10.7,13.4,0.019,"MOO20_Cabillus_tongarevae",-17.48698,-149.89366,"2020","Cabillus tongarevae",3.36771859582451
"2108",213,"Moorea","Tiahura2","PB6","Backreef","18/02/2020",1.8,230,"MOO20","213","MOO20_213","Gobiidae","Eviota","afelei","EVIOAFEL",12.1,14.9,0.038,"MOO20_Eviota_afelei",-17.48698,-149.89366,"2020","Eviota afelei",3.36771859582451
"2109",214,"Moorea","Tiahura2","PB6","Backreef","18/02/2020",1.8,230,"MOO20","214","MOO20_214","Gobiidae","Eviota","afelei","EVIOAFEL",9.3,11.9,0.016,"MOO20_Eviota_afelei",-17.48698,-149.89366,"2020","Eviota afelei",3.36771859582451
"2110",215,"Moorea","Tiahura2","PB6","Backreef","18/02/2020",1.8,230,"MOO20","215","MOO20_215","Gobiidae","Eviota","afelei","EVIOAFEL",8.6,10.7,0.011,"MOO20_Eviota_afelei",-17.48698,-149.89366,"2020","Eviota afelei",3.36771859582451
"2111",216,"Moorea","Tiahura2","PB6","Backreef","18/02/2020",1.8,230,"MOO20","216","MOO20_216","Gobiidae","Eviota","afelei","EVIOAFEL",9.2,11.3,0.014,"MOO20_Eviota_afelei",-17.48698,-149.89366,"2020","Eviota afelei",3.36771859582451
"2112",217,"Moorea","Tiahura2","PB6","Backreef","18/02/2020",1.8,230,"MOO20","217","MOO20_217","Gobiidae","Eviota","afelei","EVIOAFEL",9.3,10.6,0.016,"MOO20_Eviota_afelei",-17.48698,-149.89366,"2020","Eviota afelei",3.36771859582451
"2113",218,"Moorea","Tiahura2","PB6","Backreef","18/02/2020",1.8,230,"MOO20","218","MOO20_218","Gobiidae","Eviota","afelei","EVIOAFEL",7.2,8.1,0.006,"MOO20_Eviota_afelei",-17.48698,-149.89366,"2020","Eviota afelei",3.36771859582451
"2114",219,"Moorea","Tiahura2","PB6","Backreef","18/02/2020",1.8,230,"MOO20","219","MOO20_219","Gobiidae","Eviota","afelei","EVIOAFEL",7,8.4,0.006,"MOO20_Eviota_afelei",-17.48698,-149.89366,"2020","Eviota afelei",3.36771859582451
"2115",220,"Moorea","Tiahura2","PB6","Backreef","18/02/2020",1.8,230,"MOO20","220","MOO20_220","Gobiidae","Eviota","afelei","EVIOAFEL",7.3,9.3,0.007,"MOO20_Eviota_afelei",-17.48698,-149.89366,"2020","Eviota afelei",3.36771859582451
"2116",221,"Moorea","Tiahura2","PB6","Backreef","18/02/2020",1.8,230,"MOO20","221","MOO20_221","Gobiidae","Eviota","afelei","EVIOAFEL",9.2,10.9,0.016,"MOO20_Eviota_afelei",-17.48698,-149.89366,"2020","Eviota afelei",3.36771859582451
"2117",222,"Moorea","Tiahura2","PB6","Backreef","18/02/2020",1.8,230,"MOO20","222","MOO20_222","Gobiidae","Eviota","afelei","EVIOAFEL",7.3,8.5,0.004,"MOO20_Eviota_afelei",-17.48698,-149.89366,"2020","Eviota afelei",3.36771859582451
"2118",223,"Moorea","Tiahura2","PB6","Backreef","18/02/2020",1.8,230,"MOO20","223","MOO20_223","Gobiidae","Eviota","afelei","EVIOAFEL",7.8,9.5,0.007,"MOO20_Eviota_afelei",-17.48698,-149.89366,"2020","Eviota afelei",3.36771859582451
"2119",224,"Moorea","Tiahura2","PB6","Backreef","18/02/2020",1.8,230,"MOO20","224","MOO20_224","Gobiidae","Eviota","afelei","EVIOAFEL",7.5,8.7,0.006,"MOO20_Eviota_afelei",-17.48698,-149.89366,"2020","Eviota afelei",3.36771859582451
"2120",225,"Moorea","Tiahura2","PB6","Backreef","18/02/2020",1.8,230,"MOO20","225","MOO20_225","Gobiidae","Eviota","afelei","EVIOAFEL",11.6,13.8,0.03,"MOO20_Eviota_afelei",-17.48698,-149.89366,"2020","Eviota afelei",3.36771859582451
"2121",226,"Moorea","Tiahura2","PB6","Backreef","18/02/2020",1.8,230,"MOO20","226","MOO20_226","Gobiidae","Eviota","afelei","EVIOAFEL",7.6,8.9,0.005,"MOO20_Eviota_afelei",-17.48698,-149.89366,"2020","Eviota afelei",3.36771859582451
"2122",227,"Moorea","Tiahura2","PB6","Backreef","18/02/2020",1.8,230,"MOO20","227","MOO20_227","Gobiidae","Eviota","afelei","EVIOAFEL",8,9.5,0.009,"MOO20_Eviota_afelei",-17.48698,-149.89366,"2020","Eviota afelei",3.36771859582451
"2123",228,"Moorea","Tiahura2","PB6","Backreef","18/02/2020",1.8,230,"MOO20","228","MOO20_228","Gobiidae","Eviota","afelei","EVIOAFEL",10,11.1,0.018,"MOO20_Eviota_afelei",-17.48698,-149.89366,"2020","Eviota afelei",3.36771859582451
"2124",229,"Moorea","Tiahura2","PB6","Backreef","18/02/2020",1.8,230,"MOO20","229","MOO20_229","Gobiidae","Eviota","afelei","EVIOAFEL",11.2,13.7,0.015,"MOO20_Eviota_afelei",-17.48698,-149.89366,"2020","Eviota afelei",3.36771859582451
"2125",230,"Moorea","Tiahura2","PB6","Backreef","18/02/2020",1.8,230,"MOO20","230","MOO20_230","Gobiidae","Eviota","afelei","EVIOAFEL",8.1,9.7,0.01,"MOO20_Eviota_afelei",-17.48698,-149.89366,"2020","Eviota afelei",3.36771859582451
"2126",231,"Moorea","Tiahura2","PB6","Backreef","18/02/2020",1.8,230,"MOO20","231","MOO20_231","Gobiidae","Eviota","distigma","EVIODIST",14.6,17.3,0.062,"MOO20_Eviota_distigma",-17.48698,-149.89366,"2020","Eviota distigma",3.36771859582451
"2127",232,"Moorea","Tiahura2","PB6","Backreef","18/02/2020",1.8,230,"MOO20","232","MOO20_232","Gobiidae","Eviota","distigma","EVIODIST",12,15.4,0.042,"MOO20_Eviota_distigma",-17.48698,-149.89366,"2020","Eviota distigma",3.36771859582451
"2128",233,"Moorea","Tiahura2","PB6","Backreef","18/02/2020",1.8,230,"MOO20","233","MOO20_233","Gobiidae","Eviota","distigma","EVIODIST",11.1,12.8,0.03,"MOO20_Eviota_distigma",-17.48698,-149.89366,"2020","Eviota distigma",3.36771859582451
"2129",234,"Moorea","Tiahura2","PB6","Backreef","18/02/2020",1.8,230,"MOO20","234","MOO20_234","Gobiidae","Eviota","afelei","EVIOAFEL",11.1,14.8,0.04,"MOO20_Eviota_afelei",-17.48698,-149.89366,"2020","Eviota afelei",3.36771859582451
"2130",235,"Moorea","Tiahura2","PB6","Backreef","18/02/2020",1.8,230,"MOO20","235","MOO20_235","Gobiidae","Eviota","afelei","EVIOAFEL",8,9.5,0.007,"MOO20_Eviota_afelei",-17.48698,-149.89366,"2020","Eviota afelei",3.36771859582451
"2131",236,"Moorea","Tiahura2","PB6","Backreef","18/02/2020",1.8,230,"MOO20","236","MOO20_236","Gobiidae","Eviota","afelei","EVIOAFEL",6.9,8,0.007,"MOO20_Eviota_afelei",-17.48698,-149.89366,"2020","Eviota afelei",3.36771859582451
"2132",237,"Moorea","Tiahura2","PB6","Backreef","18/02/2020",1.8,230,"MOO20","237","MOO20_237","Gobiidae","Eviota","afelei","EVIOAFEL",9.9,12,0.024,"MOO20_Eviota_afelei",-17.48698,-149.89366,"2020","Eviota afelei",3.36771859582451
"2133",238,"Moorea","Tiahura2","PB6","Backreef","18/02/2020",1.8,230,"MOO20","238","MOO20_238","Gobiidae","Eviota","afelei","EVIOAFEL",7.8,9.4,0.008,"MOO20_Eviota_afelei",-17.48698,-149.89366,"2020","Eviota afelei",3.36771859582451
"2134",239,"Moorea","Tiahura2","PB6","Backreef","18/02/2020",1.8,230,"MOO20","239","MOO20_239","Gobiidae","Eviota","afelei","EVIOAFEL",7.4,8.8,0.007,"MOO20_Eviota_afelei",-17.48698,-149.89366,"2020","Eviota afelei",3.36771859582451
"2135",240,"Moorea","Tiahura2","PB6","Backreef","18/02/2020",1.8,230,"MOO20","240","MOO20_240","Gobiidae","Eviota","afelei","EVIOAFEL",7.1,8.3,0.005,"MOO20_Eviota_afelei",-17.48698,-149.89366,"2020","Eviota afelei",3.36771859582451
"2136",241,"Moorea","Tiahura2","PB6","Backreef","18/02/2020",1.8,230,"MOO20","241","MOO20_241","Gobiidae","Eviota","afelei","EVIOAFEL",6.6,7.9,0.008,"MOO20_Eviota_afelei",-17.48698,-149.89366,"2020","Eviota afelei",3.36771859582451
"2137",242,"Moorea","Tiahura2","PB6","Backreef","18/02/2020",1.8,230,"MOO20","242","MOO20_242","Gobiidae","Eviota","afelei","EVIOAFEL",11.6,13.4,0.033,"MOO20_Eviota_afelei",-17.48698,-149.89366,"2020","Eviota afelei",3.36771859582451
"2138",243,"Moorea","Tiahura2","PB6","Backreef","18/02/2020",1.8,230,"MOO20","243","MOO20_243","Gobiidae","Eviota","afelei","EVIOAFEL",7.6,9.1,0.005,"MOO20_Eviota_afelei",-17.48698,-149.89366,"2020","Eviota afelei",3.36771859582451
"2139",244,"Moorea","Tiahura2","PB6","Backreef","18/02/2020",1.8,230,"MOO20","244","MOO20_244","Gobiidae","Eviota","afelei","EVIOAFEL",7.5,9,0.006,"MOO20_Eviota_afelei",-17.48698,-149.89366,"2020","Eviota afelei",3.36771859582451
"2140",245,"Moorea","Tiahura2","PB6","Backreef","18/02/2020",1.8,230,"MOO20","245","MOO20_245","Gobiidae","Eviota","afelei","EVIOAFEL",7.1,8.5,0.006,"MOO20_Eviota_afelei",-17.48698,-149.89366,"2020","Eviota afelei",3.36771859582451
"2141",246,"Moorea","Tiahura2","PB6","Backreef","18/02/2020",1.8,230,"MOO20","246","MOO20_246","Gobiidae","Eviota","afelei","EVIOAFEL",7,8.7,0.005,"MOO20_Eviota_afelei",-17.48698,-149.89366,"2020","Eviota afelei",3.36771859582451
"2142",247,"Moorea","Tiahura2","PB6","Backreef","18/02/2020",1.8,230,"MOO20","247","MOO20_247","Gobiidae","Eviota","afelei","EVIOAFEL",8.1,9.5,0.007,"MOO20_Eviota_afelei",-17.48698,-149.89366,"2020","Eviota afelei",3.36771859582451
"2143",248,"Moorea","Tiahura2","PB6","Backreef","18/02/2020",1.8,230,"MOO20","248","MOO20_248","Gobiidae","Eviota","afelei","EVIOAFEL",7.5,9.4,0.012,"MOO20_Eviota_afelei",-17.48698,-149.89366,"2020","Eviota afelei",3.36771859582451
"2144",249,"Moorea","Tiahura2","PB6","Backreef","18/02/2020",1.8,230,"MOO20","249","MOO20_249","Gobiidae","Eviota","afelei","EVIOAFEL",7,8.2,0.005,"MOO20_Eviota_afelei",-17.48698,-149.89366,"2020","Eviota afelei",3.36771859582451
"2145",250,"Moorea","Tiahura2","PB6","Backreef","18/02/2020",1.8,230,"MOO20","250","MOO20_250","Gobiidae","Eviota","afelei","EVIOAFEL",7,8.2,0.005,"MOO20_Eviota_afelei",-17.48698,-149.89366,"2020","Eviota afelei",3.36771859582451
"2146",251,"Moorea","Tiahura2","PB6","Backreef","18/02/2020",1.8,230,"MOO20","251","MOO20_251","Gobiidae","Eviota","afelei","EVIOAFEL",6.8,8.2,0.007,"MOO20_Eviota_afelei",-17.48698,-149.89366,"2020","Eviota afelei",3.36771859582451
"2147",252,"Moorea","Tiahura2","PB6","Backreef","18/02/2020",1.8,230,"MOO20","252","MOO20_252","Gobiidae","Eviota","afelei","EVIOAFEL",7.8,9.5,0.01,"MOO20_Eviota_afelei",-17.48698,-149.89366,"2020","Eviota afelei",3.36771859582451
"2148",253,"Moorea","Tiahura2","PB6","Backreef","18/02/2020",1.8,230,"MOO20","253","MOO20_253","Gobiidae","Eviota","afelei","EVIOAFEL",7.5,8.6,0.006,"MOO20_Eviota_afelei",-17.48698,-149.89366,"2020","Eviota afelei",3.36771859582451
"2149",254,"Moorea","Tiahura2","PB6","Backreef","18/02/2020",1.8,230,"MOO20","254","MOO20_254","Gobiidae","Eviota","afelei","EVIOAFEL",8,9.5,0.005,"MOO20_Eviota_afelei",-17.48698,-149.89366,"2020","Eviota afelei",3.36771859582451
"2150",255,"Moorea","Tiahura2","PB6","Backreef","18/02/2020",1.8,230,"MOO20","255","MOO20_255","Gobiidae","Eviota","afelei","EVIOAFEL",8,9.3,0.009,"MOO20_Eviota_afelei",-17.48698,-149.89366,"2020","Eviota afelei",3.36771859582451
"2151",256,"Moorea","Tiahura2","PB6","Backreef","18/02/2020",1.8,230,"MOO20","256","MOO20_256","Gobiidae","Eviota","afelei","EVIOAFEL",8.1,9.5,0.01,"MOO20_Eviota_afelei",-17.48698,-149.89366,"2020","Eviota afelei",3.36771859582451
"2152",257,"Moorea","Tiahura2","PB6","Backreef","18/02/2020",1.8,230,"MOO20","257","MOO20_257","Gobiidae","Eviota","afelei","EVIOAFEL",10.6,12.1,0.021,"MOO20_Eviota_afelei",-17.48698,-149.89366,"2020","Eviota afelei",3.36771859582451
"2153",258,"Moorea","Tiahura2","PB6","Backreef","18/02/2020",1.8,230,"MOO20","258","MOO20_258","Gobiidae","Eviota","afelei","EVIOAFEL",10,11.5,0.02,"MOO20_Eviota_afelei",-17.48698,-149.89366,"2020","Eviota afelei",3.36771859582451
"2154",259,"Moorea","Tiahura2","PB6","Backreef","18/02/2020",1.8,230,"MOO20","259","MOO20_259","Gobiidae","Eviota","afelei","EVIOAFEL",11.9,14,0.027,"MOO20_Eviota_afelei",-17.48698,-149.89366,"2020","Eviota afelei",3.36771859582451
"2155",260,"Moorea","Tiahura2","PB6","Backreef","18/02/2020",1.8,230,"MOO20","260","MOO20_260","Gobiidae","Eviota","afelei","EVIOAFEL",10.8,12.4,0.019,"MOO20_Eviota_afelei",-17.48698,-149.89366,"2020","Eviota afelei",3.36771859582451
"2156",261,"Moorea","Tiahura2","PB6","Backreef","18/02/2020",1.8,230,"MOO20","261","MOO20_261","Gobiidae","Eviota","afelei","EVIOAFEL",10.2,12.6,0.019,"MOO20_Eviota_afelei",-17.48698,-149.89366,"2020","Eviota afelei",3.36771859582451
"2157",262,"Moorea","Tiahura2","PB6","Backreef","18/02/2020",1.8,230,"MOO20","262","MOO20_262","Gobiidae","Eviota","afelei","EVIOAFEL",9.5,11.7,0.018,"MOO20_Eviota_afelei",-17.48698,-149.89366,"2020","Eviota afelei",3.36771859582451
"2158",263,"Moorea","Tiahura2","PB6","Backreef","18/02/2020",1.8,230,"MOO20","263","MOO20_263","Gobiidae","Eviota","afelei","EVIOAFEL",12.1,13.6,0.03,"MOO20_Eviota_afelei",-17.48698,-149.89366,"2020","Eviota afelei",3.36771859582451
"2159",264,"Moorea","Tiahura2","PB6","Backreef","18/02/2020",1.8,230,"MOO20","264","MOO20_264","Gobiidae","Eviota","afelei","EVIOAFEL",7.7,9,0.005,"MOO20_Eviota_afelei",-17.48698,-149.89366,"2020","Eviota afelei",3.36771859582451
"2160",265,"Moorea","Tiahura2","PB6","Backreef","18/02/2020",1.8,230,"MOO20","265","MOO20_265","Gobiidae","Eviota","afelei","EVIOAFEL",11.9,14.6,0.039,"MOO20_Eviota_afelei",-17.48698,-149.89366,"2020","Eviota afelei",3.36771859582451
"2161",266,"Moorea","Tiahura2","PB6","Backreef","18/02/2020",1.8,230,"MOO20","266","MOO20_266","Gobiidae","Eviota","afelei","EVIOAFEL",11.3,13.7,0.027,"MOO20_Eviota_afelei",-17.48698,-149.89366,"2020","Eviota afelei",3.36771859582451
"2162",267,"Moorea","Tiahura2","PB6","Backreef","18/02/2020",1.8,230,"MOO20","267","MOO20_267","Gobiidae","Eviota","afelei","EVIOAFEL",9.9,10.6,0.015,"MOO20_Eviota_afelei",-17.48698,-149.89366,"2020","Eviota afelei",3.36771859582451
"2163",268,"Moorea","Tiahura2","PB6","Backreef","18/02/2020",1.8,230,"MOO20","268","MOO20_268","Gobiidae","Eviota","afelei","EVIOAFEL",10.9,13.9,0.022,"MOO20_Eviota_afelei",-17.48698,-149.89366,"2020","Eviota afelei",3.36771859582451
"2164",269,"Moorea","Tiahura2","PB6","Backreef","18/02/2020",1.8,230,"MOO20","269","MOO20_269","Gobiidae","Eviota","afelei","EVIOAFEL",12.2,14.6,0.034,"MOO20_Eviota_afelei",-17.48698,-149.89366,"2020","Eviota afelei",3.36771859582451
"2165",270,"Moorea","Tiahura2","PB6","Backreef","18/02/2020",1.8,230,"MOO20","270","MOO20_270","Gobiidae","Eviota","afelei","EVIOAFEL",7.9,8.9,0.006,"MOO20_Eviota_afelei",-17.48698,-149.89366,"2020","Eviota afelei",3.36771859582451
"2166",271,"Moorea","Tiahura2","PB6","Backreef","18/02/2020",1.8,230,"MOO20","271","MOO20_271","Gobiidae","Eviota","afelei","EVIOAFEL",12.3,14.9,0.035,"MOO20_Eviota_afelei",-17.48698,-149.89366,"2020","Eviota afelei",3.36771859582451
"2167",272,"Moorea","Tiahura2","PB6","Backreef","18/02/2020",1.8,230,"MOO20","272","MOO20_272","Gobiidae","Eviota","afelei","EVIOAFEL",11,13.4,0.031,"MOO20_Eviota_afelei",-17.48698,-149.89366,"2020","Eviota afelei",3.36771859582451
"2168",273,"Moorea","Tiahura2","PB6","Backreef","18/02/2020",1.8,230,"MOO20","273","MOO20_273","Gobiidae","Eviota","afelei","EVIOAFEL",7.6,9.3,0.008,"MOO20_Eviota_afelei",-17.48698,-149.89366,"2020","Eviota afelei",3.36771859582451
"2169",274,"Moorea","Tiahura2","PB6","Backreef","18/02/2020",1.8,230,"MOO20","274","MOO20_274","Gobiidae","Eviota","afelei","EVIOAFEL",7,9,0.005,"MOO20_Eviota_afelei",-17.48698,-149.89366,"2020","Eviota afelei",3.36771859582451
"2170",275,"Moorea","Tiahura2","PB6","Backreef","18/02/2020",1.8,230,"MOO20","275","MOO20_275","Gobiidae","Eviota","afelei","EVIOAFEL",11.1,13,0.025,"MOO20_Eviota_afelei",-17.48698,-149.89366,"2020","Eviota afelei",3.36771859582451
"2171",276,"Moorea","Tiahura2","PB6","Backreef","18/02/2020",1.8,230,"MOO20","276","MOO20_276","Gobiidae","Eviota","afelei","EVIOAFEL",8.1,9.6,0.009,"MOO20_Eviota_afelei",-17.48698,-149.89366,"2020","Eviota afelei",3.36771859582451
"2172",277,"Moorea","Tiahura2","PB6","Backreef","18/02/2020",1.8,230,"MOO20","277","MOO20_277","Gobiidae","Eviota","afelei","EVIOAFEL",12.2,14.9,0.041,"MOO20_Eviota_afelei",-17.48698,-149.89366,"2020","Eviota afelei",3.36771859582451
"2173",278,"Moorea","Tiahura2","PB6","Backreef","18/02/2020",1.8,230,"MOO20","278","MOO20_278","Gobiidae","Eviota","afelei","EVIOAFEL",13.8,17,0.054,"MOO20_Eviota_afelei",-17.48698,-149.89366,"2020","Eviota afelei",3.36771859582451
"2174",279,"Moorea","Tiahura2","PB6","Backreef","18/02/2020",1.8,230,"MOO20","279","MOO20_279","Gobiidae","Eviota","afelei","EVIOAFEL",8.3,9.4,0.006,"MOO20_Eviota_afelei",-17.48698,-149.89366,"2020","Eviota afelei",3.36771859582451
"2175",280,"Moorea","Tiahura2","PB6","Backreef","18/02/2020",1.8,230,"MOO20","280","MOO20_280","Gobiidae","Eviota","afelei","EVIOAFEL",13.9,17.8,0.065,"MOO20_Eviota_afelei",-17.48698,-149.89366,"2020","Eviota afelei",3.36771859582451
"2176",281,"Moorea","Tiahura2","PB6","Backreef","18/02/2020",1.8,230,"MOO20","281","MOO20_281","Gobiidae","Eviota","afelei","EVIOAFEL",9.9,12,0.021,"MOO20_Eviota_afelei",-17.48698,-149.89366,"2020","Eviota afelei",3.36771859582451
"2177",282,"Moorea","Tiahura2","PB6","Backreef","18/02/2020",1.8,230,"MOO20","282","MOO20_282","Gobiidae","Eviota","infulata","EVIOINFU",10.5,12.1,0.016,"MOO20_Eviota_infulata",-17.48698,-149.89366,"2020","Eviota infulata",3.36771859582451
"2178",283,"Moorea","Tiahura2","PB6","Backreef","18/02/2020",1.8,230,"MOO20","283","MOO20_283","Gobiidae","Eviota","infulata","EVIOINFU",9.1,11.2,0.016,"MOO20_Eviota_infulata",-17.48698,-149.89366,"2020","Eviota infulata",3.36771859582451
"2179",284,"Moorea","Tiahura2","PB6","Backreef","18/02/2020",1.8,230,"MOO20","284","MOO20_284","Gobiidae","Eviota","infulata","EVIOINFU",8.2,9.4,0.01,"MOO20_Eviota_infulata",-17.48698,-149.89366,"2020","Eviota infulata",3.36771859582451
"2180",285,"Moorea","Tiahura2","PB6","Backreef","18/02/2020",1.8,230,"MOO20","285","MOO20_285","Gobiidae","Pleurosicya","labiata","PLEULABI",11,13.4,0.021,"MOO20_Pleurosicya_labiata",-17.48698,-149.89366,"2020","Pleurosicya labiata",3.36771859582451
"2181",286,"Moorea","Tiahura2","PB6","Backreef","18/02/2020",1.8,230,"MOO20","286","MOO20_286","Gobiidae","Pleurosicya","labiata","PLEULABI",11.6,14.3,0.046,"MOO20_Pleurosicya_labiata",-17.48698,-149.89366,"2020","Pleurosicya labiata",3.36771859582451
"2182",287,"Moorea","Tiahura2","PB6","Backreef","18/02/2020",1.8,230,"MOO20","287","MOO20_287","Gobiidae","Pleurosicya","labiata","PLEULABI",10.1,11.7,0.017,"MOO20_Pleurosicya_labiata",-17.48698,-149.89366,"2020","Pleurosicya labiata",3.36771859582451
"2183",288,"Moorea","Tiahura2","PB6","Backreef","18/02/2020",1.8,230,"MOO20","288","MOO20_288","Gobiidae","Pleurosicya","labiata","PLEULABI",7.9,9.1,0.005,"MOO20_Pleurosicya_labiata",-17.48698,-149.89366,"2020","Pleurosicya labiata",3.36771859582451
"2184",289,"Moorea","Tiahura2","PB6","Backreef","18/02/2020",1.8,230,"MOO20","289","MOO20_289","Gobiidae","Pleurosicya","labiata","PLEULABI",12.1,14.4,0.031,"MOO20_Pleurosicya_labiata",-17.48698,-149.89366,"2020","Pleurosicya labiata",3.36771859582451
"2185",290,"Moorea","Tiahura2","PB6","Backreef","18/02/2020",1.8,230,"MOO20","290","MOO20_290","Gobiidae","Paragobiodon","modestus","PARAMODE",8.1,10.1,0.021,"MOO20_Paragobiodon_modestus",-17.48698,-149.89366,"2020","Paragobiodon modestus",3.36771859582451
"2186",291,"Moorea","Tiahura2","PB6","Backreef","18/02/2020",1.8,230,"MOO20","291","MOO20_291","Gobiidae","Eviota","speA","EVIOSPEX",8.1,9.5,0.008,"MOO20_Eviota_speX",-17.48698,-149.89366,"2020","Eviota speA",3.36771859582451
"2187",292,"Moorea","Tiahura2","PB6","Backreef","18/02/2020",1.8,230,"MOO20","292","MOO20_292","Blenniidae","Glyptoparus","delicatulus","GLYPDELI",24,28.2,0.22,"MOO20_Glyptoparus_delicatulus",-17.48698,-149.89366,"2020","Glyptoparus delicatulus",3.36771859582451
"2188",293,"Moorea","Tiahura2","PB6","Backreef","18/02/2020",1.8,230,"MOO20","293","MOO20_293","Blenniidae","Glyptoparus","delicatulus","GLYPDELI",21.3,24.8,0.155,"MOO20_Glyptoparus_delicatulus",-17.48698,-149.89366,"2020","Glyptoparus delicatulus",3.36771859582451
"2189",294,"Moorea","Tiahura2","PB6","Backreef","18/02/2020",1.8,230,"MOO20","294","MOO20_294","Blenniidae","Glyptoparus","delicatulus","GLYPDELI",25,28.7,0.253,"MOO20_Glyptoparus_delicatulus",-17.48698,-149.89366,"2020","Glyptoparus delicatulus",3.36771859582451
"2190",295,"Moorea","Tiahura2","PB6","Backreef","18/02/2020",1.8,230,"MOO20","295","MOO20_295","Blenniidae","Glyptoparus","delicatulus","GLYPDELI",14.7,16.5,0.051,"MOO20_Glyptoparus_delicatulus",-17.48698,-149.89366,"2020","Glyptoparus delicatulus",3.36771859582451
"2191",296,"Moorea","Tiahura2","PB6","Backreef","18/02/2020",1.8,230,"MOO20","296","MOO20_296","Blenniidae","Glyptoparus","delicatulus","GLYPDELI",13,15.5,0.041,"MOO20_Glyptoparus_delicatulus",-17.48698,-149.89366,"2020","Glyptoparus delicatulus",3.36771859582451
"2192",297,"Moorea","Tiahura2","PB6","Backreef","18/02/2020",1.8,230,"MOO20","297","MOO20_297","Blenniidae","Glyptoparus","delicatulus","GLYPDELI",14,16,0.045,"MOO20_Glyptoparus_delicatulus",-17.48698,-149.89366,"2020","Glyptoparus delicatulus",3.36771859582451
"2193",298,"Moorea","Tiahura2","PB6","Backreef","18/02/2020",1.8,230,"MOO20","298","MOO20_298","Blenniidae","Glyptoparus","delicatulus","GLYPDELI",11.4,13,0.029,"MOO20_Glyptoparus_delicatulus",-17.48698,-149.89366,"2020","Glyptoparus delicatulus",3.36771859582451
"2194",299,"Moorea","Tiahura2","PB6","Backreef","18/02/2020",1.8,230,"MOO20","299","MOO20_299","Blenniidae","Glyptoparus","delicatulus","GLYPDELI",24.7,28.6,0.247,"MOO20_Glyptoparus_delicatulus",-17.48698,-149.89366,"2020","Glyptoparus delicatulus",3.36771859582451
"2195",300,"Moorea","Tiahura2","PB6","Backreef","18/02/2020",1.8,230,"MOO20","300","MOO20_300","Blenniidae","Glyptoparus","delicatulus","GLYPDELI",12.6,15.5,0.034,"MOO20_Glyptoparus_delicatulus",-17.48698,-149.89366,"2020","Glyptoparus delicatulus",3.36771859582451
"2196",301,"Moorea","Tiahura2","PB6","Backreef","18/02/2020",1.8,230,"MOO20","301","MOO20_301","Blenniidae","Glyptoparus","delicatulus","GLYPDELI",17.4,20.4,0.094,"MOO20_Glyptoparus_delicatulus",-17.48698,-149.89366,"2020","Glyptoparus delicatulus",3.36771859582451
"2197",302,"Moorea","Tiahura2","PB6","Backreef","18/02/2020",1.8,230,"MOO20","302","MOO20_302","Blenniidae","Glyptoparus","delicatulus","GLYPDELI",22.5,25.7,0.18,"MOO20_Glyptoparus_delicatulus",-17.48698,-149.89366,"2020","Glyptoparus delicatulus",3.36771859582451
"2198",303,"Moorea","Tiahura2","PB6","Backreef","18/02/2020",1.8,230,"MOO20","303","MOO20_303","Blenniidae","Glyptoparus","delicatulus","GLYPDELI",20,22.9,0.117,"MOO20_Glyptoparus_delicatulus",-17.48698,-149.89366,"2020","Glyptoparus delicatulus",3.36771859582451
"2199",304,"Moorea","Tiahura2","PB6","Backreef","18/02/2020",1.8,230,"MOO20","304","MOO20_304","Gobiidae","Fusigobius","neophytus","FUSINEOP",7.9,8.9,0.007,"MOO20_Fusigobius_neophytus",-17.48698,-149.89366,"2020","Fusigobius neophytus",3.36771859582451
"2200",305,"Moorea","Tiahura2","PB6","Backreef","18/02/2020",1.8,230,"MOO20","305","MOO20_305","Gobiidae","Fusigobius","neophytus","FUSINEOP",19.7,23.5,0.124,"MOO20_Fusigobius_neophytus",-17.48698,-149.89366,"2020","Fusigobius neophytus",3.36771859582451
"2201",306,"Moorea","Tiahura2","PB6","Backreef","18/02/2020",1.8,230,"MOO20","306","MOO20_306","Gobiidae","Fusigobius","neophytus","FUSINEOP",19.3,23.8,0.126,"MOO20_Fusigobius_neophytus",-17.48698,-149.89366,"2020","Fusigobius neophytus",3.36771859582451
"2202",307,"Moorea","Tiahura2","PB6","Backreef","18/02/2020",1.8,230,"MOO20","307","MOO20_307","Gobiidae","Fusigobius","neophytus","FUSINEOP",15.6,19,0.069,"MOO20_Fusigobius_neophytus",-17.48698,-149.89366,"2020","Fusigobius neophytus",3.36771859582451
"2203",308,"Moorea","Tiahura2","PB6","Backreef","18/02/2020",1.8,230,"MOO20","308","MOO20_308","Gobiidae","Fusigobius","neophytus","FUSINEOP",16.2,19.3,0.073,"MOO20_Fusigobius_neophytus",-17.48698,-149.89366,"2020","Fusigobius neophytus",3.36771859582451
"2204",309,"Moorea","Tiahura2","PB6","Backreef","18/02/2020",1.8,230,"MOO20","309","MOO20_309","Gobiidae","Fusigobius","neophytus","FUSINEOP",20.5,25.7,0.162,"MOO20_Fusigobius_neophytus",-17.48698,-149.89366,"2020","Fusigobius neophytus",3.36771859582451
"2205",310,"Moorea","Tiahura2","PB6","Backreef","18/02/2020",1.8,230,"MOO20","310","MOO20_310","Gobiidae","Fusigobius","neophytus","FUSINEOP",25.8,31.9,0.342,"MOO20_Fusigobius_neophytus",-17.48698,-149.89366,"2020","Fusigobius neophytus",3.36771859582451
"2206",311,"Moorea","Tiahura2","PB6","Backreef","18/02/2020",1.8,230,"MOO20","311","MOO20_311","Gobiidae","Fusigobius","neophytus","FUSINEOP",11,12.3,0.029,"MOO20_Fusigobius_neophytus",-17.48698,-149.89366,"2020","Fusigobius neophytus",3.36771859582451
"2207",312,"Moorea","Tiahura2","PB6","Backreef","18/02/2020",1.8,230,"MOO20","312","MOO20_312","Gobiidae","Fusigobius","neophytus","FUSINEOP",24.4,29.6,0.249,"MOO20_Fusigobius_neophytus",-17.48698,-149.89366,"2020","Fusigobius neophytus",3.36771859582451
"2208",313,"Moorea","Tiahura2","PB6","Backreef","18/02/2020",1.8,230,"MOO20","313","MOO20_313","Gobiidae","Fusigobius","neophytus","FUSINEOP",41.6,51.6,1.46,"MOO20_Fusigobius_neophytus",-17.48698,-149.89366,"2020","Fusigobius neophytus",3.36771859582451
"2209",314,"Moorea","Tiahura2","PB6","Backreef","18/02/2020",1.8,230,"MOO20","314","MOO20_314","Pomacentridae","Stegastes","nigricans","STEGNIGR",33.4,43.7,1.936,"MOO20_Stegastes_nigricans",-17.48698,-149.89366,"2020","Stegastes nigricans",3.36771859582451
"2210",315,"Moorea","Tiahura2","PB6","Backreef","18/02/2020",1.8,230,"MOO20","315","MOO20_315","Muraenidae","Gymnothorax","melatremus","GYMNMELA",214,216,6.75,"MOO20_Gymnothorax_melatremus",-17.48698,-149.89366,"2020","Gymnothorax melatremus",3.36771859582451
"2211",316,"Moorea","Tiahura2","PB6","Backreef","18/02/2020",1.8,230,"MOO20","316","MOO20_316","Gobiidae","Priolepis","speA","PRIOSPEX",7.3,8.9,0.01,"MOO20_Priolepis_speX",-17.48698,-149.89366,"2020","Priolepis semidoliata",3.36771859582451
"2212",317,"Moorea","Papetoai2","PB7","Backreef","19/02/2020",2.3,265,"MOO20","317","MOO20_317","Blenniidae","Enchelyurus","ater","ENCHATER",27,31.9,0.332,"MOO20_Enchelyurus_ater",-17.48542,-149.87793,"2020","Enchelyurus ater",4.47066235145134
"2213",318,"Moorea","Papetoai2","PB7","Backreef","19/02/2020",2.3,265,"MOO20","318","MOO20_318","Gobiidae","Gnatholepis","cauerensis","GNATCAUE",17.2,20.9,0.091,"MOO20_Gnatholepis_cauerensis",-17.48542,-149.87793,"2020","Gnatholepis cauerensis",4.47066235145134
"2214",319,"Moorea","Papetoai2","PB7","Backreef","19/02/2020",2.3,265,"MOO20","319","MOO20_319","Gobiidae","Gnatholepis","cauerensis","GNATCAUE",19.5,24.6,0.148,"MOO20_Gnatholepis_cauerensis",-17.48542,-149.87793,"2020","Gnatholepis cauerensis",4.47066235145134
"2215",320,"Moorea","Papetoai2","PB7","Backreef","19/02/2020",2.3,265,"MOO20","320","MOO20_320","Gobiidae","Gnatholepis","cauerensis","GNATCAUE",15.4,17.4,0.06,"MOO20_Gnatholepis_cauerensis",-17.48542,-149.87793,"2020","Gnatholepis cauerensis",4.47066235145134
"2216",321,"Moorea","Papetoai2","PB7","Backreef","19/02/2020",2.3,265,"MOO20","321","MOO20_321","Gobiidae","Gnatholepis","cauerensis","GNATCAUE",14.1,16.4,0.051,"MOO20_Gnatholepis_cauerensis",-17.48542,-149.87793,"2020","Gnatholepis cauerensis",4.47066235145134
"2217",322,"Moorea","Papetoai2","PB7","Backreef","19/02/2020",2.3,265,"MOO20","322","MOO20_322","Gobiidae","Fusigobius","neophytus","FUSINEOP",24.1,29.9,0.231,"MOO20_Fusigobius_neophytus",-17.48542,-149.87793,"2020","Fusigobius neophytus",4.47066235145134
"2218",323,"Moorea","Papetoai2","PB7","Backreef","19/02/2020",2.3,265,"MOO20","323","MOO20_323","Gobiidae","Fusigobius","neophytus","FUSINEOP",28.7,35.1,0.395,"MOO20_Fusigobius_neophytus",-17.48542,-149.87793,"2020","Fusigobius neophytus",4.47066235145134
"2219",324,"Moorea","Papetoai2","PB7","Backreef","19/02/2020",2.3,265,"MOO20","324","MOO20_324","Gobiidae","Fusigobius","neophytus","FUSINEOP",12.1,13.4,0.027,"MOO20_Fusigobius_neophytus",-17.48542,-149.87793,"2020","Fusigobius neophytus",4.47066235145134
"2220",325,"Moorea","Papetoai2","PB7","Backreef","19/02/2020",2.3,265,"MOO20","325","MOO20_325","Gobiidae","Fusigobius","neophytus","FUSINEOP",9.6,10.5,0.014,"MOO20_Fusigobius_neophytus",-17.48542,-149.87793,"2020","Fusigobius neophytus",4.47066235145134
"2221",326,"Moorea","Papetoai2","PB7","Backreef","19/02/2020",2.3,265,"MOO20","326","MOO20_326","Blenniidae","Glyptoparus","delicatulus","GLYPDELI",23.4,26.8,0.19,"MOO20_Glyptoparus_delicatulus",-17.48542,-149.87793,"2020","Glyptoparus delicatulus",4.47066235145134
"2222",327,"Moorea","Papetoai2","PB7","Backreef","19/02/2020",2.3,265,"MOO20","327","MOO20_327","Blenniidae","Glyptoparus","delicatulus","GLYPDELI",21.2,24.8,0.1057,"MOO20_Glyptoparus_delicatulus",-17.48542,-149.87793,"2020","Glyptoparus delicatulus",4.47066235145134
"2223",328,"Moorea","Papetoai2","PB7","Backreef","19/02/2020",2.3,265,"MOO20","328","MOO20_328","Blenniidae","Glyptoparus","delicatulus","GLYPDELI",19.2,21.7,0.118,"MOO20_Glyptoparus_delicatulus",-17.48542,-149.87793,"2020","Glyptoparus delicatulus",4.47066235145134
"2224",329,"Moorea","Papetoai2","PB7","Backreef","19/02/2020",2.3,265,"MOO20","329","MOO20_329","Blenniidae","Glyptoparus","delicatulus","GLYPDELI",17.9,20.7,0.088,"MOO20_Glyptoparus_delicatulus",-17.48542,-149.87793,"2020","Glyptoparus delicatulus",4.47066235145134
"2225",330,"Moorea","Papetoai2","PB7","Backreef","19/02/2020",2.3,265,"MOO20","330","MOO20_330","Blenniidae","Glyptoparus","delicatulus","GLYPDELI",16.6,18.9,0.073,"MOO20_Glyptoparus_delicatulus",-17.48542,-149.87793,"2020","Glyptoparus delicatulus",4.47066235145134
"2226",331,"Moorea","Papetoai2","PB7","Backreef","19/02/2020",2.3,265,"MOO20","331","MOO20_331","Gobiidae","Priolepis","semidoliata","PRIOSEMI",18,23.7,0.147,"MOO20_Priolepis_semidoliata",-17.48542,-149.87793,"2020","Priolepis semidoliata",4.47066235145134
"2227",332,"Moorea","Papetoai2","PB7","Backreef","19/02/2020",2.3,265,"MOO20","332","MOO20_332","Gobiidae","Priolepis","semidoliata","PRIOSEMI",15.3,18.9,0.076,"MOO20_Priolepis_semidoliata",-17.48542,-149.87793,"2020","Priolepis semidoliata",4.47066235145134
"2228",333,"Moorea","Papetoai2","PB7","Backreef","19/02/2020",2.3,265,"MOO20","333","MOO20_333","Gobiidae","Priolepis","semidoliata","PRIOSEMI",14.4,19,0.073,"MOO20_Priolepis_semidoliata",-17.48542,-149.87793,"2020","Priolepis semidoliata",4.47066235145134
"2229",334,"Moorea","Papetoai2","PB7","Backreef","19/02/2020",2.3,265,"MOO20","334","MOO20_334","Gobiidae","Priolepis","semidoliata","PRIOSEMI",11.8,15.5,0.041,"MOO20_Priolepis_semidoliata",-17.48542,-149.87793,"2020","Priolepis semidoliata",4.47066235145134
"2230",335,"Moorea","Papetoai2","PB7","Backreef","19/02/2020",2.3,265,"MOO20","335","MOO20_335","Gobiidae","Priolepis","semidoliata","PRIOSEMI",11,14.7,0.031,"MOO20_Priolepis_semidoliata",-17.48542,-149.87793,"2020","Priolepis semidoliata",4.47066235145134
"2231",336,"Moorea","Papetoai2","PB7","Backreef","19/02/2020",2.3,265,"MOO20","336","MOO20_336","Gobiidae","Priolepis","semidoliata","PRIOSEMI",9.4,11.4,0.015,"MOO20_Priolepis_semidoliata",-17.48542,-149.87793,"2020","Priolepis semidoliata",4.47066235145134
"2232",337,"Moorea","Papetoai2","PB7","Backreef","19/02/2020",2.3,265,"MOO20","337","MOO20_337","Gobiidae","Priolepis","semidoliata","PRIOSEMI",9.7,11.8,0.019,"MOO20_Priolepis_semidoliata",-17.48542,-149.87793,"2020","Priolepis semidoliata",4.47066235145134
"2233",338,"Moorea","Papetoai2","PB7","Backreef","19/02/2020",2.3,265,"MOO20","338","MOO20_338","Gobiidae","Priolepis","semidoliata","PRIOSEMI",7.4,9.6,0.01,"MOO20_Priolepis_semidoliata",-17.48542,-149.87793,"2020","Priolepis semidoliata",4.47066235145134
"2234",339,"Moorea","Papetoai2","PB7","Backreef","19/02/2020",2.3,265,"MOO20","339","MOO20_339","Creediidae","Limnichthys","nitidus","LIMNNITI",16.2,18.5,0.03,"MOO20_Limnichthys_nitidus",-17.48542,-149.87793,"2020","Limnichthys nitidus",4.47066235145134
"2235",340,"Moorea","Papetoai2","PB7","Backreef","19/02/2020",2.3,265,"MOO20","340","MOO20_340","Gobiidae","Eviota","afelei","EVIOAFEL",10.5,12.8,0.022,"MOO20_Eviota_afelei",-17.48542,-149.87793,"2020","Eviota afelei",4.47066235145134
"2236",341,"Moorea","Papetoai2","PB7","Backreef","19/02/2020",2.3,265,"MOO20","341","MOO20_341","Gobiidae","Eviota","afelei","EVIOAFEL",11.9,13.5,0.033,"MOO20_Eviota_afelei",-17.48542,-149.87793,"2020","Eviota afelei",4.47066235145134
"2237",342,"Moorea","Papetoai2","PB7","Backreef","19/02/2020",2.3,265,"MOO20","342","MOO20_342","Gobiidae","Eviota","afelei","EVIOAFEL",10.9,13.2,0.025,"MOO20_Eviota_afelei",-17.48542,-149.87793,"2020","Eviota afelei",4.47066235145134
"2238",343,"Moorea","Papetoai2","PB7","Backreef","19/02/2020",2.3,265,"MOO20","343","MOO20_343","Gobiidae","Eviota","afelei","EVIOAFEL",9.8,11.3,0.016,"MOO20_Eviota_afelei",-17.48542,-149.87793,"2020","Eviota afelei",4.47066235145134
"2239",344,"Moorea","Papetoai2","PB7","Backreef","19/02/2020",2.3,265,"MOO20","344","MOO20_344","Gobiidae","Eviota","afelei","EVIOAFEL",12,14.4,0.027,"MOO20_Eviota_afelei",-17.48542,-149.87793,"2020","Eviota afelei",4.47066235145134
"2240",345,"Moorea","Papetoai2","PB7","Backreef","19/02/2020",2.3,265,"MOO20","345","MOO20_345","Gobiidae","Eviota","afelei","EVIOAFEL",11,13.1,0.023,"MOO20_Eviota_afelei",-17.48542,-149.87793,"2020","Eviota afelei",4.47066235145134
"2241",346,"Moorea","Papetoai2","PB7","Backreef","19/02/2020",2.3,265,"MOO20","346","MOO20_346","Gobiidae","Eviota","afelei","EVIOAFEL",11.6,14.3,0.032,"MOO20_Eviota_afelei",-17.48542,-149.87793,"2020","Eviota afelei",4.47066235145134
"2242",347,"Moorea","Papetoai2","PB7","Backreef","19/02/2020",2.3,265,"MOO20","347","MOO20_347","Gobiidae","Eviota","afelei","EVIOAFEL",11,12.8,0.026,"MOO20_Eviota_afelei",-17.48542,-149.87793,"2020","Eviota afelei",4.47066235145134
"2243",348,"Moorea","Papetoai2","PB7","Backreef","19/02/2020",2.3,265,"MOO20","348","MOO20_348","Gobiidae","Eviota","afelei","EVIOAFEL",12.8,15.7,0.038,"MOO20_Eviota_afelei",-17.48542,-149.87793,"2020","Eviota afelei",4.47066235145134
"2244",349,"Moorea","Papetoai2","PB7","Backreef","19/02/2020",2.3,265,"MOO20","349","MOO20_349","Gobiidae","Eviota","afelei","EVIOAFEL",11.4,13.5,0.028,"MOO20_Eviota_afelei",-17.48542,-149.87793,"2020","Eviota afelei",4.47066235145134
"2245",350,"Moorea","Papetoai2","PB7","Backreef","19/02/2020",2.3,265,"MOO20","350","MOO20_350","Gobiidae","Eviota","afelei","EVIOAFEL",15,18.1,0.075,"MOO20_Eviota_afelei",-17.48542,-149.87793,"2020","Eviota afelei",4.47066235145134
"2246",351,"Moorea","Papetoai2","PB7","Backreef","19/02/2020",2.3,265,"MOO20","351","MOO20_351","Gobiidae","Eviota","afelei","EVIOAFEL",12.5,15.2,0.036,"MOO20_Eviota_afelei",-17.48542,-149.87793,"2020","Eviota afelei",4.47066235145134
"2247",352,"Moorea","Papetoai2","PB7","Backreef","19/02/2020",2.3,265,"MOO20","352","MOO20_352","Gobiidae","Eviota","afelei","EVIOAFEL",11.9,14.6,0.038,"MOO20_Eviota_afelei",-17.48542,-149.87793,"2020","Eviota afelei",4.47066235145134
"2248",353,"Moorea","Papetoai2","PB7","Backreef","19/02/2020",2.3,265,"MOO20","353","MOO20_353","Gobiidae","Eviota","afelei","EVIOAFEL",9.7,12.2,0.02,"MOO20_Eviota_afelei",-17.48542,-149.87793,"2020","Eviota afelei",4.47066235145134
"2249",354,"Moorea","Papetoai2","PB7","Backreef","19/02/2020",2.3,265,"MOO20","354","MOO20_354","Gobiidae","Eviota","afelei","EVIOAFEL",10.7,13.1,0.024,"MOO20_Eviota_afelei",-17.48542,-149.87793,"2020","Eviota afelei",4.47066235145134
"2250",355,"Moorea","Papetoai2","PB7","Backreef","19/02/2020",2.3,265,"MOO20","355","MOO20_355","Gobiidae","Eviota","afelei","EVIOAFEL",8.5,9.9,0.01,"MOO20_Eviota_afelei",-17.48542,-149.87793,"2020","Eviota afelei",4.47066235145134
"2251",356,"Moorea","Papetoai2","PB7","Backreef","19/02/2020",2.3,265,"MOO20","356","MOO20_356","Gobiidae","Eviota","afelei","EVIOAFEL",8.2,10,0.012,"MOO20_Eviota_afelei",-17.48542,-149.87793,"2020","Eviota afelei",4.47066235145134
"2252",357,"Moorea","Papetoai2","PB7","Backreef","19/02/2020",2.3,265,"MOO20","357","MOO20_357","Gobiidae","Eviota","afelei","EVIOAFEL",8.5,10.3,0.01,"MOO20_Eviota_afelei",-17.48542,-149.87793,"2020","Eviota afelei",4.47066235145134
"2253",358,"Moorea","Papetoai2","PB7","Backreef","19/02/2020",2.3,265,"MOO20","358","MOO20_358","Gobiidae","Eviota","afelei","EVIOAFEL",8.4,9.5,0.008,"MOO20_Eviota_afelei",-17.48542,-149.87793,"2020","Eviota afelei",4.47066235145134
"2254",359,"Moorea","Papetoai2","PB7","Backreef","19/02/2020",2.3,265,"MOO20","359","MOO20_359","Gobiidae","Eviota","afelei","EVIOAFEL",8.7,9.3,0.01,"MOO20_Eviota_afelei",-17.48542,-149.87793,"2020","Eviota afelei",4.47066235145134
"2255",360,"Moorea","Papetoai2","PB7","Backreef","19/02/2020",2.3,265,"MOO20","360","MOO20_360","Gobiidae","Eviota","afelei","EVIOAFEL",7.9,9.2,0.007,"MOO20_Eviota_afelei",-17.48542,-149.87793,"2020","Eviota afelei",4.47066235145134
"2256",361,"Moorea","Papetoai2","PB7","Backreef","19/02/2020",2.3,265,"MOO20","361","MOO20_361","Gobiidae","Eviota","afelei","EVIOAFEL",8.1,9.6,0.008,"MOO20_Eviota_afelei",-17.48542,-149.87793,"2020","Eviota afelei",4.47066235145134
"2257",362,"Moorea","Papetoai2","PB7","Backreef","19/02/2020",2.3,265,"MOO20","362","MOO20_362","Gobiidae","Eviota","afelei","EVIOAFEL",8,9.8,0.009,"MOO20_Eviota_afelei",-17.48542,-149.87793,"2020","Eviota afelei",4.47066235145134
"2258",363,"Moorea","Papetoai2","PB7","Backreef","19/02/2020",2.3,265,"MOO20","363","MOO20_363","Gobiidae","Eviota","afelei","EVIOAFEL",8,9.5,0.008,"MOO20_Eviota_afelei",-17.48542,-149.87793,"2020","Eviota afelei",4.47066235145134
"2259",364,"Moorea","Papetoai2","PB7","Backreef","19/02/2020",2.3,265,"MOO20","364","MOO20_364","Gobiidae","Eviota","afelei","EVIOAFEL",7.8,8.5,0.006,"MOO20_Eviota_afelei",-17.48542,-149.87793,"2020","Eviota afelei",4.47066235145134
"2260",365,"Moorea","Papetoai2","PB7","Backreef","19/02/2020",2.3,265,"MOO20","365","MOO20_365","Gobiidae","Eviota","afelei","EVIOAFEL",7.4,8.1,0.007,"MOO20_Eviota_afelei",-17.48542,-149.87793,"2020","Eviota afelei",4.47066235145134
"2261",366,"Moorea","Papetoai2","PB7","Backreef","19/02/2020",2.3,265,"MOO20","366","MOO20_366","Gobiidae","Eviota","afelei","EVIOAFEL",9,11,0.015,"MOO20_Eviota_afelei",-17.48542,-149.87793,"2020","Eviota afelei",4.47066235145134
"2262",367,"Moorea","Papetoai2","PB7","Backreef","19/02/2020",2.3,265,"MOO20","367","MOO20_367","Gobiidae","Eviota","afelei","EVIOAFEL",9.4,11.3,0.016,"MOO20_Eviota_afelei",-17.48542,-149.87793,"2020","Eviota afelei",4.47066235145134
"2263",368,"Moorea","Papetoai2","PB7","Backreef","19/02/2020",2.3,265,"MOO20","368","MOO20_368","Gobiidae","Eviota","afelei","EVIOAFEL",9.2,10.3,0.013,"MOO20_Eviota_afelei",-17.48542,-149.87793,"2020","Eviota afelei",4.47066235145134
"2264",369,"Moorea","Papetoai2","PB7","Backreef","19/02/2020",2.3,265,"MOO20","369","MOO20_369","Gobiidae","Eviota","afelei","EVIOAFEL",9.3,10.9,0.015,"MOO20_Eviota_afelei",-17.48542,-149.87793,"2020","Eviota afelei",4.47066235145134
"2265",370,"Moorea","Papetoai2","PB7","Backreef","19/02/2020",2.3,265,"MOO20","370","MOO20_370","Gobiidae","Eviota","afelei","EVIOAFEL",10.1,11.4,0.012,"MOO20_Eviota_afelei",-17.48542,-149.87793,"2020","Eviota afelei",4.47066235145134
"2266",371,"Moorea","Papetoai2","PB7","Backreef","19/02/2020",2.3,265,"MOO20","371","MOO20_371","Gobiidae","Eviota","afelei","EVIOAFEL",11.4,13.7,0.023,"MOO20_Eviota_afelei",-17.48542,-149.87793,"2020","Eviota afelei",4.47066235145134
"2267",372,"Moorea","Papetoai2","PB7","Backreef","19/02/2020",2.3,265,"MOO20","372","MOO20_372","Gobiidae","Eviota","afelei","EVIOAFEL",10.3,12.5,0.017,"MOO20_Eviota_afelei",-17.48542,-149.87793,"2020","Eviota afelei",4.47066235145134
"2268",373,"Moorea","Papetoai2","PB7","Backreef","19/02/2020",2.3,265,"MOO20","373","MOO20_373","Creediidae","Limnichthys","nitidus","LIMNNITI",14.6,15.8,0.022,"MOO20_Limnichthys_nitidus",-17.48542,-149.87793,"2020","Limnichthys nitidus",4.47066235145134
"2269",374,"Moorea","Papetoai2","PB7","Backreef","19/02/2020",2.3,265,"MOO20","374","MOO20_374","Labridae","Halichoeres","trimaculatus","HALITRIM",28.4,34.4,0.478,"MOO20_Halichoeres_trimaculatus",-17.48542,-149.87793,"2020","Halichoeres trimaculatus",4.47066235145134
"2270",375,"Moorea","Papetoai2","PB7","Backreef","19/02/2020",2.3,265,"MOO20","375","MOO20_375","Labridae","Halichoeres","trimaculatus","HALITRIM",10,11.5,0.021,"MOO20_Halichoeres_trimaculatus",-17.48542,-149.87793,"2020","Halichoeres trimaculatus",4.47066235145134
"2271",376,"Moorea","Papetoai2","PB7","Backreef","19/02/2020",2.3,265,"MOO20","376","MOO20_376","Labridae","Halichoeres","trimaculatus","HALITRIM",8.3,9.7,0.01,"MOO20_Halichoeres_trimaculatus",-17.48542,-149.87793,"2020","Halichoeres trimaculatus",4.47066235145134
"2272",377,"Moorea","Papetoai2","PB7","Backreef","19/02/2020",2.3,265,"MOO20","377","MOO20_377","Apogonidae","Pristiapogon","exostigma","PRISEXOS",30.7,39.4,0.676,"MOO20_Pristiapogon_exostigma",-17.48542,-149.87793,"2020","Pristiapogon exostigma",4.47066235145134
"2273",378,"Moorea","Papetoai2","PB7","Backreef","19/02/2020",2.3,265,"MOO20","378","MOO20_378","Apogonidae","Pristiapogon","exostigma","PRISEXOS",24.7,30.7,0.314,"MOO20_Pristiapogon_exostigma",-17.48542,-149.87793,"2020","Pristiapogon exostigma",4.47066235145134
"2274",379,"Moorea","Papetoai2","PB7","Backreef","19/02/2020",2.3,265,"MOO20","379","MOO20_379","Apogonidae","Fowleria","marmorata","FOWLMARM",29.9,25.5,0.245,"MOO20_Fowleria_marmoratus",-17.48542,-149.87793,"2020","Fowleria marmorata",4.47066235145134
"2275",380,"Moorea","Papetoai2","PB7","Backreef","19/02/2020",2.3,265,"MOO20","380","MOO20_380","Gobiidae","Eviota","afelei","EVIOAFEL",13.9,17.1,0.061,"MOO20_Eviota_afelei",-17.48542,-149.87793,"2020","Eviota afelei",4.47066235145134
"2276",381,"Moorea","Papetoai2","PB7","Backreef","19/02/2020",2.3,265,"MOO20","381","MOO20_381","Gobiidae","Eviota","afelei","EVIOAFEL",10.7,12.4,0.027,"MOO20_Eviota_afelei",-17.48542,-149.87793,"2020","Eviota afelei",4.47066235145134
"2277",382,"Moorea","Papetoai2","PB7","Backreef","19/02/2020",2.3,265,"MOO20","382","MOO20_382","Gobiidae","Eviota","afelei","EVIOAFEL",12.6,14.5,0.047,"MOO20_Eviota_afelei",-17.48542,-149.87793,"2020","Eviota afelei",4.47066235145134
"2278",383,"Moorea","Papetoai2","PB7","Backreef","19/02/2020",2.3,265,"MOO20","383","MOO20_383","Gobiidae","Eviota","afelei","EVIOAFEL",11.6,12.7,0.035,"MOO20_Eviota_afelei",-17.48542,-149.87793,"2020","Eviota afelei",4.47066235145134
"2279",384,"Moorea","Papetoai2","PB7","Backreef","19/02/2020",2.3,265,"MOO20","384","MOO20_384","Gobiidae","Eviota","afelei","EVIOAFEL",13.8,15.4,0.049,"MOO20_Eviota_afelei",-17.48542,-149.87793,"2020","Eviota afelei",4.47066235145134
"2280",385,"Moorea","Papetoai2","PB7","Backreef","19/02/2020",2.3,265,"MOO20","385","MOO20_385","Gobiidae","Eviota","afelei","EVIOAFEL",11.7,14.1,0.037,"MOO20_Eviota_afelei",-17.48542,-149.87793,"2020","Eviota afelei",4.47066235145134
"2281",386,"Moorea","Papetoai2","PB7","Backreef","19/02/2020",2.3,265,"MOO20","386","MOO20_386","Gobiidae","Eviota","afelei","EVIOAFEL",12.5,15.3,0.042,"MOO20_Eviota_afelei",-17.48542,-149.87793,"2020","Eviota afelei",4.47066235145134
"2282",387,"Moorea","Papetoai2","PB7","Backreef","19/02/2020",2.3,265,"MOO20","387","MOO20_387","Gobiidae","Eviota","afelei","EVIOAFEL",12.6,15,0.04,"MOO20_Eviota_afelei",-17.48542,-149.87793,"2020","Eviota afelei",4.47066235145134
"2283",388,"Moorea","Papetoai2","PB7","Backreef","19/02/2020",2.3,265,"MOO20","388","MOO20_388","Gobiidae","Eviota","afelei","EVIOAFEL",11.3,13.6,0.031,"MOO20_Eviota_afelei",-17.48542,-149.87793,"2020","Eviota afelei",4.47066235145134
"2284",389,"Moorea","Papetoai2","PB7","Backreef","19/02/2020",2.3,265,"MOO20","389","MOO20_389","Gobiidae","Eviota","afelei","EVIOAFEL",13,14.8,0.04,"MOO20_Eviota_afelei",-17.48542,-149.87793,"2020","Eviota afelei",4.47066235145134
"2285",390,"Moorea","Papetoai2","PB7","Backreef","19/02/2020",2.3,265,"MOO20","390","MOO20_390","Gobiidae","Eviota","afelei","EVIOAFEL",11.7,13.5,0.032,"MOO20_Eviota_afelei",-17.48542,-149.87793,"2020","Eviota afelei",4.47066235145134
"2286",391,"Moorea","Papetoai2","PB7","Backreef","19/02/2020",2.3,265,"MOO20","391","MOO20_391","Gobiidae","Eviota","afelei","EVIOAFEL",11.2,13.4,0.028,"MOO20_Eviota_afelei",-17.48542,-149.87793,"2020","Eviota afelei",4.47066235145134
"2287",392,"Moorea","Papetoai2","PB7","Backreef","19/02/2020",2.3,265,"MOO20","392","MOO20_392","Gobiidae","Eviota","afelei","EVIOAFEL",10.6,12.7,0.024,"MOO20_Eviota_afelei",-17.48542,-149.87793,"2020","Eviota afelei",4.47066235145134
"2288",393,"Moorea","Papetoai2","PB7","Backreef","19/02/2020",2.3,265,"MOO20","393","MOO20_393","Gobiidae","Eviota","afelei","EVIOAFEL",10.6,12.7,0.026,"MOO20_Eviota_afelei",-17.48542,-149.87793,"2020","Eviota afelei",4.47066235145134
"2289",394,"Moorea","Papetoai2","PB7","Backreef","19/02/2020",2.3,265,"MOO20","394","MOO20_394","Gobiidae","Eviota","afelei","EVIOAFEL",11.5,14.1,0.03,"MOO20_Eviota_afelei",-17.48542,-149.87793,"2020","Eviota afelei",4.47066235145134
"2290",395,"Moorea","Papetoai2","PB7","Backreef","19/02/2020",2.3,265,"MOO20","395","MOO20_395","Gobiidae","Eviota","afelei","EVIOAFEL",7.9,9.6,0.013,"MOO20_Eviota_afelei",-17.48542,-149.87793,"2020","Eviota afelei",4.47066235145134
"2291",396,"Moorea","Papetoai2","PB7","Backreef","19/02/2020",2.3,265,"MOO20","396","MOO20_396","Gobiidae","Eviota","afelei","EVIOAFEL",15.4,18.2,0.069,"MOO20_Eviota_afelei",-17.48542,-149.87793,"2020","Eviota afelei",4.47066235145134
"2292",397,"Moorea","Papetoai2","PB7","Backreef","19/02/2020",2.3,265,"MOO20","397","MOO20_397","Gobiidae","Eviota","afelei","EVIOAFEL",11.8,14.2,0.04,"MOO20_Eviota_afelei",-17.48542,-149.87793,"2020","Eviota afelei",4.47066235145134
"2293",398,"Moorea","Papetoai2","PB7","Backreef","19/02/2020",2.3,265,"MOO20","398","MOO20_398","Gobiidae","Pleurosicya","labiata","PLEULABI",11.7,13.5,0.029,"MOO20_Pleurosicya_labiata",-17.48542,-149.87793,"2020","Pleurosicya labiata",4.47066235145134
"2294",399,"Moorea","Papetoai2","PB7","Backreef","19/02/2020",2.3,265,"MOO20","399","MOO20_399","Gobiidae","Pleurosicya","labiata","PLEULABI",12.8,14.1,0.026,"MOO20_Pleurosicya_labiata",-17.48542,-149.87793,"2020","Pleurosicya labiata",4.47066235145134
"2295",400,"Moorea","Papetoai2","PB7","Backreef","19/02/2020",2.3,265,"MOO20","400","MOO20_400","Gobiidae","Pleurosicya","labiata","PLEULABI",10.8,13.2,0.025,"MOO20_Pleurosicya_labiata",-17.48542,-149.87793,"2020","Pleurosicya labiata",4.47066235145134
"2296",401,"Moorea","Papetoai2","PB7","Backreef","19/02/2020",2.3,265,"MOO20","401","MOO20_401","Gobiidae","Pleurosicya","labiata","PLEULABI",13.8,15.4,0.037,"MOO20_Pleurosicya_labiata",-17.48542,-149.87793,"2020","Pleurosicya labiata",4.47066235145134
"2297",402,"Moorea","Papetoai2","PB7","Backreef","19/02/2020",2.3,265,"MOO20","402","MOO20_402","Gobiidae","Pleurosicya","labiata","PLEULABI",12.3,14.3,0.031,"MOO20_Pleurosicya_labiata",-17.48542,-149.87793,"2020","Pleurosicya labiata",4.47066235145134
"2298",403,"Moorea","Papetoai2","PB7","Backreef","19/02/2020",2.3,265,"MOO20","403","MOO20_403","Gobiidae","Pleurosicya","labiata","PLEULABI",12.8,15.5,0.036,"MOO20_Pleurosicya_labiata",-17.48542,-149.87793,"2020","Pleurosicya labiata",4.47066235145134
"2299",404,"Moorea","Papetoai2","PB7","Backreef","19/02/2020",2.3,265,"MOO20","404","MOO20_404","Gobiidae","Pleurosicya","labiata","PLEULABI",11.5,13.7,0.025,"MOO20_Pleurosicya_labiata",-17.48542,-149.87793,"2020","Pleurosicya labiata",4.47066235145134
"2300",405,"Moorea","Papetoai2","PB7","Backreef","19/02/2020",2.3,265,"MOO20","405","MOO20_405","Gobiidae","Eviota","distigma","EVIODIST",11.7,15.1,0.04,"MOO20_Eviota_distigma",-17.48542,-149.87793,"2020","Eviota distigma",4.47066235145134
"2301",406,"Moorea","Papetoai2","PB7","Backreef","19/02/2020",2.3,265,"MOO20","406","MOO20_406","Gobiidae","Eviota","infulata","EVIOINFU",9,10.8,0.015,"MOO20_Eviota_infulata",-17.48542,-149.87793,"2020","Eviota infulata",4.47066235145134
"2302",407,"Moorea","Papetoai2","PB7","Backreef","19/02/2020",2.3,265,"MOO20","407","MOO20_407","Gobiidae","Eviota","infulata","EVIOINFU",8.7,10.1,0.011,"MOO20_Eviota_infulata",-17.48542,-149.87793,"2020","Eviota infulata",4.47066235145134
"2303",408,"Moorea","Papetoai2","PB7","Backreef","19/02/2020",2.3,265,"MOO20","408","MOO20_408","Gobiidae","Eviota","infulata","EVIOINFU",6.7,7.9,0.004,"MOO20_Eviota_infulata",-17.48542,-149.87793,"2020","Eviota infulata",4.47066235145134
"2304",409,"Moorea","Papetoai2","PB7","Backreef","19/02/2020",2.3,265,"MOO20","409","MOO20_409","Gobiidae","Eviota","afelei","EVIOAFEL",11.4,13.2,0.035,"MOO20_Eviota_afelei",-17.48542,-149.87793,"2020","Eviota afelei",4.47066235145134
"2305",410,"Moorea","Papetoai2","PB7","Backreef","19/02/2020",2.3,265,"MOO20","410","MOO20_410","Gobiidae","Eviota","afelei","EVIOAFEL",12.1,13.8,0.033,"MOO20_Eviota_afelei",-17.48542,-149.87793,"2020","Eviota afelei",4.47066235145134
"2306",411,"Moorea","PublicBeach","PB8","Backreef","19/02/2020",1.8,220,"MOO20","411","MOO20_411","Muraenidae","Uropterygius","xanthopterus","UROPALBO",234,235,17.417,"MOO20_Uropterygius_alboguttata",-17.48929,-149.85263,"2020","Uropterygius xanthopterus",3.08123969825909
"2307",412,"Moorea","PublicBeach","PB8","Backreef","19/02/2020",1.8,220,"MOO20","412","MOO20_412","Blenniidae","Glyptoparus","delicatulus","GLYPDELI",24.3,28,0.234,"MOO20_Glyptoparus_delicatulus",-17.48929,-149.85263,"2020","Glyptoparus delicatulus",3.08123969825909
"2308",413,"Moorea","PublicBeach","PB8","Backreef","19/02/2020",1.8,220,"MOO20","413","MOO20_413","Gobiidae","Gnatholepis","cauerensis","GNATCAUE",21.7,27.9,0.205,"MOO20_Gnatholepis_cauerensis",-17.48929,-149.85263,"2020","Gnatholepis cauerensis",3.08123969825909
"2309",414,"Moorea","PublicBeach","PB8","Backreef","19/02/2020",1.8,220,"MOO20","414","MOO20_414","Tripterygiidae","Enneapterygius","pyramis","ENNEPYRA",14.1,16.8,0.046,"MOO20_Enneapterygius_pyramis",-17.48929,-149.85263,"2020","Enneapterygius pyramis",3.08123969825909
"2310",415,"Moorea","PublicBeach","PB8","Backreef","19/02/2020",1.8,220,"MOO20","415","MOO20_415","Gobiidae","Fusigobius","neophytus","FUSINEOP",31.6,37.6,0.562,"MOO20_Fusigobius_neophytus",-17.48929,-149.85263,"2020","Fusigobius neophytus",3.08123969825909
"2311",416,"Moorea","PublicBeach","PB8","Backreef","19/02/2020",1.8,220,"MOO20","416","MOO20_416","Gobiidae","Fusigobius","neophytus","FUSINEOP",30.8,37.9,0.566,"MOO20_Fusigobius_neophytus",-17.48929,-149.85263,"2020","Fusigobius neophytus",3.08123969825909
"2312",417,"Moorea","PublicBeach","PB8","Backreef","19/02/2020",1.8,220,"MOO20","417","MOO20_417","Gobiidae","Fusigobius","neophytus","FUSINEOP",32.1,37.2,0.193,"MOO20_Fusigobius_neophytus",-17.48929,-149.85263,"2020","Fusigobius neophytus",3.08123969825909
"2313",418,"Moorea","PublicBeach","PB8","Backreef","19/02/2020",1.8,220,"MOO20","418","MOO20_418","Gobiidae","Fusigobius","neophytus","FUSINEOP",17.5,20.5,0.074,"MOO20_Fusigobius_neophytus",-17.48929,-149.85263,"2020","Fusigobius neophytus",3.08123969825909
"2314",419,"Moorea","PublicBeach","PB8","Backreef","19/02/2020",1.8,220,"MOO20","419","MOO20_419","Gobiidae","Fusigobius","neophytus","FUSINEOP",8.6,10.3,0.009,"MOO20_Fusigobius_neophytus",-17.48929,-149.85263,"2020","Fusigobius neophytus",3.08123969825909
"2315",420,"Moorea","PublicBeach","PB8","Backreef","19/02/2020",1.8,220,"MOO20","420","MOO20_420","Gobiidae","Priolepis","semidoliata","PRIOSEMI",12.1,14.6,0.031,"MOO20_Priolepis_semidoliata",-17.48929,-149.85263,"2020","Priolepis semidoliata",3.08123969825909
"2316",421,"Moorea","PublicBeach","PB8","Backreef","19/02/2020",1.8,220,"MOO20","421","MOO20_421","Gobiidae","Cabillus","tongarevae","CABITONG",20.4,24.8,0.174,"MOO20_Cabillus_tongarevae",-17.48929,-149.85263,"2020","Cabillus tongarevae",3.08123969825909
"2317",422,"Moorea","PublicBeach","PB8","Backreef","19/02/2020",1.8,220,"MOO20","422","MOO20_422","Scorpaenidae","Parascorpaena","speA","PARASPEX",31.2,38.9,1.011,"MOO20_Parascorpaena_speX",-17.48929,-149.85263,"2020","Parascorpaena speA",3.08123969825909
"2318",423,"Moorea","PublicBeach","PB8","Backreef","19/02/2020",1.8,220,"MOO20","423","MOO20_423","Serranidae","Pseudogramma","polyacanthum","PSEUPOLY",50.2,56.7,2.52,"MOO20_Pseudogramma_polyacanthum",-17.48929,-149.85263,"2020","Pseudogramma polyacanthum",3.08123969825909
"2319",424,"Moorea","PublicBeach","PB8","Backreef","19/02/2020",1.8,220,"MOO20","424","MOO20_424","Serranidae","Pseudogramma","polyacanthum","PSEUPOLY",44.6,49.6,1.961,"MOO20_Pseudogramma_polyacanthum",-17.48929,-149.85263,"2020","Pseudogramma polyacanthum",3.08123969825909
"2320",425,"Moorea","PublicBeach","PB8","Backreef","19/02/2020",1.8,220,"MOO20","425","MOO20_425","Pomacentridae","Stegastes","nigricans","STEGNIGR",35.5,44.4,1.817,"MOO20_Stegastes_nigricans",-17.48929,-149.85263,"2020","Stegastes nigricans",3.08123969825909
"2321",426,"Moorea","PublicBeach","PB8","Backreef","19/02/2020",1.8,220,"MOO20","426","MOO20_426","Labridae","Halichoeres","trimaculatus","HALITRIM",35.9,43.7,1.058,"MOO20_Halichoeres_trimaculatus",-17.48929,-149.85263,"2020","Halichoeres trimaculatus",3.08123969825909
"2322",427,"Moorea","PublicBeach","PB8","Backreef","19/02/2020",1.8,220,"MOO20","427","MOO20_427","Labridae","Thalassoma","hardwicke","THALHARD",23.6,28,0.325,"MOO20_Thalassoma_hardwicke",-17.48929,-149.85263,"2020","Thalassoma hardwicke",3.08123969825909
"2323",428,"Moorea","PublicBeach","PB8","Backreef","19/02/2020",1.8,220,"MOO20","428","MOO20_428","Scorpaenidae","Parascorpaena","speA","PARASPEX",9.5,11.2,0.023,"MOO20_Parascorpaena_speX",-17.48929,-149.85263,"2020","Parascorpaena speA",3.08123969825909
"2324",429,"Moorea","PublicBeach","PB8","Backreef","19/02/2020",1.8,220,"MOO20","429","MOO20_429","Labridae","Chlorurus","spilurus","CHLOSPIL",9.4,11.4,0.027,"MOO20_Chlorurus_spilurus",-17.48929,-149.85263,"2020","Chlorurus spilurus",3.08123969825909
"2325",430,"Moorea","PublicBeach","PB8","Backreef","19/02/2020",1.8,220,"MOO20","430","MOO20_430","Gobiidae","Eviota","afelei","EVIOAFEL",11.2,14.2,0.037,"MOO20_Eviota_afelei",-17.48929,-149.85263,"2020","Eviota afelei",3.08123969825909
"2326",431,"Moorea","PublicBeach","PB8","Backreef","19/02/2020",1.8,220,"MOO20","431","MOO20_431","Gobiidae","Eviota","afelei","EVIOAFEL",7.2,8.7,0.008,"MOO20_Eviota_afelei",-17.48929,-149.85263,"2020","Eviota afelei",3.08123969825909
"2327",432,"Moorea","PublicBeach","PB8","Backreef","19/02/2020",1.8,220,"MOO20","432","MOO20_432","Gobiidae","Eviota","afelei","EVIOAFEL",7.8,9,0.012,"MOO20_Eviota_afelei",-17.48929,-149.85263,"2020","Eviota afelei",3.08123969825909
"2328",433,"Moorea","PublicBeach","PB8","Backreef","19/02/2020",1.8,220,"MOO20","433","MOO20_433","Gobiidae","Eviota","afelei","EVIOAFEL",6.8,7.7,0.004,"MOO20_Eviota_afelei",-17.48929,-149.85263,"2020","Eviota afelei",3.08123969825909
"2329",434,"Moorea","PublicBeach","PB8","Backreef","19/02/2020",1.8,220,"MOO20","434","MOO20_434","Gobiidae","Eviota","afelei","EVIOAFEL",9.3,11.4,0.013,"MOO20_Eviota_afelei",-17.48929,-149.85263,"2020","Eviota afelei",3.08123969825909
"2330",435,"Moorea","PublicBeach","PB8","Backreef","19/02/2020",1.8,220,"MOO20","435","MOO20_435","Gobiidae","Eviota","afelei","EVIOAFEL",7.6,9.1,0.006,"MOO20_Eviota_afelei",-17.48929,-149.85263,"2020","Eviota afelei",3.08123969825909
"2331",436,"Moorea","PublicBeach","PB8","Backreef","19/02/2020",1.8,220,"MOO20","436","MOO20_436","Gobiidae","Eviota","afelei","EVIOAFEL",7.4,8.2,0.007,"MOO20_Eviota_afelei",-17.48929,-149.85263,"2020","Eviota afelei",3.08123969825909
"2332",437,"Moorea","PublicBeach","PB8","Backreef","19/02/2020",1.8,220,"MOO20","437","MOO20_437","Gobiidae","Eviota","afelei","EVIOAFEL",7.3,8.6,0.01,"MOO20_Eviota_afelei",-17.48929,-149.85263,"2020","Eviota afelei",3.08123969825909
"2333",438,"Moorea","PublicBeach","PB8","Backreef","19/02/2020",1.8,220,"MOO20","438","MOO20_438","Gobiidae","Eviota","afelei","EVIOAFEL",8.8,9.9,0.016,"MOO20_Eviota_afelei",-17.48929,-149.85263,"2020","Eviota afelei",3.08123969825909
"2334",439,"Moorea","PublicBeach","PB8","Backreef","19/02/2020",1.8,220,"MOO20","439","MOO20_439","Gobiidae","Eviota","afelei","EVIOAFEL",8.3,9.1,0.01,"MOO20_Eviota_afelei",-17.48929,-149.85263,"2020","Eviota afelei",3.08123969825909
"2335",440,"Moorea","PublicBeach","PB8","Backreef","19/02/2020",1.8,220,"MOO20","440","MOO20_440","Gobiidae","Eviota","afelei","EVIOAFEL",8,9.1,0.011,"MOO20_Eviota_afelei",-17.48929,-149.85263,"2020","Eviota afelei",3.08123969825909
"2336",441,"Moorea","PublicBeach","PB8","Backreef","19/02/2020",1.8,220,"MOO20","441","MOO20_441","Gobiidae","Eviota","afelei","EVIOAFEL",7.5,9.2,0.007,"MOO20_Eviota_afelei",-17.48929,-149.85263,"2020","Eviota afelei",3.08123969825909
"2337",442,"Moorea","PublicBeach","PB8","Backreef","19/02/2020",1.8,220,"MOO20","442","MOO20_442","Gobiidae","Eviota","afelei","EVIOAFEL",7.4,9.2,0.006,"MOO20_Eviota_afelei",-17.48929,-149.85263,"2020","Eviota afelei",3.08123969825909
"2338",443,"Moorea","PublicBeach","PB8","Backreef","19/02/2020",1.8,220,"MOO20","443","MOO20_443","Gobiidae","Eviota","afelei","EVIOAFEL",7.8,9,0.009,"MOO20_Eviota_afelei",-17.48929,-149.85263,"2020","Eviota afelei",3.08123969825909
"2339",444,"Moorea","PublicBeach","PB8","Backreef","19/02/2020",1.8,220,"MOO20","444","MOO20_444","Gobiidae","Eviota","afelei","EVIOAFEL",8.4,9.3,0.011,"MOO20_Eviota_afelei",-17.48929,-149.85263,"2020","Eviota afelei",3.08123969825909
"2340",445,"Moorea","PublicBeach","PB8","Backreef","19/02/2020",1.8,220,"MOO20","445","MOO20_445","Gobiidae","Eviota","afelei","EVIOAFEL",8.1,9.7,0.012,"MOO20_Eviota_afelei",-17.48929,-149.85263,"2020","Eviota afelei",3.08123969825909
"2341",446,"Moorea","PublicBeach","PB8","Backreef","19/02/2020",1.8,220,"MOO20","446","MOO20_446","Syngnathidae","Doryrhamphus","excisus","DORYEXCI",35,40,0.071,"MOO20_Doryrhamphus_excisus",-17.48929,-149.85263,"2020","Doryrhamphus excisus",3.08123969825909
"2342",447,"Moorea","PublicBeach","PB8","Backreef","19/02/2020",1.8,220,"MOO20","447","MOO20_447","Moringuidae","Moringua","speA","MORISPEX",71.4,72.3,0.433,"MOO20_Moringua_speX",-17.48929,-149.85263,"2020","Moringua speA",3.08123969825909
"2343",448,"Moorea","PublicBeach","PB8","Backreef","19/02/2020",1.8,220,"MOO20","448","MOO20_448","Moringuidae","Moringua","speA","MORISPEX",47.8,49,0.164,"MOO20_Moringua_speX",-17.48929,-149.85263,"2020","Moringua speA",3.08123969825909
"2344",449,"Moorea","PublicBeach","PB8","Backreef","19/02/2020",1.8,220,"MOO20","449","MOO20_449","Gobiidae","Eviota","afelei","EVIOAFEL",8.6,10.4,0.017,"MOO20_Eviota_afelei",-17.48929,-149.85263,"2020","Eviota afelei",3.08123969825909
"2345",450,"Moorea","PublicBeach","PB8","Backreef","19/02/2020",1.8,220,"MOO20","450","MOO20_450","Gobiidae","Eviota","afelei","EVIOAFEL",7.1,8.3,0.008,"MOO20_Eviota_afelei",-17.48929,-149.85263,"2020","Eviota afelei",3.08123969825909
"2346",451,"Moorea","PublicBeach","PB8","Backreef","19/02/2020",1.8,220,"MOO20","451","MOO20_451","Gobiidae","Eviota","afelei","EVIOAFEL",7.9,10,0.011,"MOO20_Eviota_afelei",-17.48929,-149.85263,"2020","Eviota afelei",3.08123969825909
"2347",452,"Moorea","PublicBeach","PB8","Backreef","19/02/2020",1.8,220,"MOO20","452","MOO20_452","Gobiidae","Eviota","afelei","EVIOAFEL",7.9,8.8,0.008,"MOO20_Eviota_afelei",-17.48929,-149.85263,"2020","Eviota afelei",3.08123969825909
"2348",453,"Moorea","PublicBeach","PB8","Backreef","19/02/2020",1.8,220,"MOO20","453","MOO20_453","Gobiidae","Eviota","afelei","EVIOAFEL",9.6,11.2,0.02,"MOO20_Eviota_afelei",-17.48929,-149.85263,"2020","Eviota afelei",3.08123969825909
"2349",454,"Moorea","PublicBeach","PB8","Backreef","19/02/2020",1.8,220,"MOO20","454","MOO20_454","Gobiidae","Eviota","afelei","EVIOAFEL",10.1,12.6,0.021,"MOO20_Eviota_afelei",-17.48929,-149.85263,"2020","Eviota afelei",3.08123969825909
"2350",455,"Moorea","PublicBeach","PB8","Backreef","19/02/2020",1.8,220,"MOO20","455","MOO20_455","Gobiidae","Eviota","afelei","EVIOAFEL",7.7,9.3,0.01,"MOO20_Eviota_afelei",-17.48929,-149.85263,"2020","Eviota afelei",3.08123969825909
"2351",456,"Moorea","PublicBeach","PB8","Backreef","19/02/2020",1.8,220,"MOO20","456","MOO20_456","Gobiidae","Eviota","afelei","EVIOAFEL",9.4,10.7,0.013,"MOO20_Eviota_afelei",-17.48929,-149.85263,"2020","Eviota afelei",3.08123969825909
"2352",457,"Moorea","PublicBeach","PB8","Backreef","19/02/2020",1.8,220,"MOO20","457","MOO20_457","Gobiidae","Eviota","afelei","EVIOAFEL",8.5,9.8,0.013,"MOO20_Eviota_afelei",-17.48929,-149.85263,"2020","Eviota afelei",3.08123969825909
"2353",458,"Moorea","PublicBeach","PB8","Backreef","19/02/2020",1.8,220,"MOO20","458","MOO20_458","Gobiidae","Eviota","afelei","EVIOAFEL",7.6,8.6,0.009,"MOO20_Eviota_afelei",-17.48929,-149.85263,"2020","Eviota afelei",3.08123969825909
"2354",459,"Moorea","PublicBeach","PB8","Backreef","19/02/2020",1.8,220,"MOO20","459","MOO20_459","Gobiidae","Eviota","afelei","EVIOAFEL",8.4,9.8,0.015,"MOO20_Eviota_afelei",-17.48929,-149.85263,"2020","Eviota afelei",3.08123969825909
"2355",460,"Moorea","PublicBeach","PB8","Backreef","19/02/2020",1.8,220,"MOO20","460","MOO20_460","Gobiidae","Eviota","afelei","EVIOAFEL",11,12.4,0.025,"MOO20_Eviota_afelei",-17.48929,-149.85263,"2020","Eviota afelei",3.08123969825909
"2356",461,"Moorea","PublicBeach","PB8","Backreef","19/02/2020",1.8,220,"MOO20","461","MOO20_461","Gobiidae","Eviota","afelei","EVIOAFEL",10.6,12.7,0.023,"MOO20_Eviota_afelei",-17.48929,-149.85263,"2020","Eviota afelei",3.08123969825909
"2357",462,"Moorea","PublicBeach","PB8","Backreef","19/02/2020",1.8,220,"MOO20","462","MOO20_462","Gobiidae","Eviota","afelei","EVIOAFEL",8.3,10,0.015,"MOO20_Eviota_afelei",-17.48929,-149.85263,"2020","Eviota afelei",3.08123969825909
"2358",463,"Moorea","PublicBeach","PB8","Backreef","19/02/2020",1.8,220,"MOO20","463","MOO20_463","Gobiidae","Eviota","afelei","EVIOAFEL",8.4,10.7,0.012,"MOO20_Eviota_afelei",-17.48929,-149.85263,"2020","Eviota afelei",3.08123969825909
"2359",464,"Moorea","PublicBeach","PB8","Backreef","19/02/2020",1.8,220,"MOO20","464","MOO20_464","Gobiidae","Eviota","infulata","EVIOINFU",10,11.3,0.02,"MOO20_Eviota_infulata",-17.48929,-149.85263,"2020","Eviota infulata",3.08123969825909
"2360",465,"Moorea","PublicBeach","PB8","Backreef","19/02/2020",1.8,220,"MOO20","465","MOO20_465","Gobiidae","Eviota","infulata","EVIOINFU",8.9,11.2,0.016,"MOO20_Eviota_infulata",-17.48929,-149.85263,"2020","Eviota infulata",3.08123969825909
"2361",466,"Moorea","PublicBeach","PB8","Backreef","19/02/2020",1.8,220,"MOO20","466","MOO20_466","Gobiidae","Eviota","infulata","EVIOINFU",9.1,11,0.016,"MOO20_Eviota_infulata",-17.48929,-149.85263,"2020","Eviota infulata",3.08123969825909
"2362",467,"Moorea","PublicBeach","PB8","Backreef","19/02/2020",1.8,220,"MOO20","467","MOO20_467","Gobiidae","Eviota","infulata","EVIOINFU",8.4,10.5,0.015,"MOO20_Eviota_infulata",-17.48929,-149.85263,"2020","Eviota infulata",3.08123969825909
"2363",468,"Moorea","PublicBeach","PB8","Backreef","19/02/2020",1.8,220,"MOO20","468","MOO20_468","Gobiidae","Eviota","infulata","EVIOINFU",10.7,12.6,0.021,"MOO20_Eviota_infulata",-17.48929,-149.85263,"2020","Eviota infulata",3.08123969825909
"2364",469,"Moorea","PublicBeach","PB8","Backreef","19/02/2020",1.8,220,"MOO20","469","MOO20_469","Gobiidae","Asterropteryx","semipunctata","ASTESEMI",11.4,14.1,0.036,"MOO20_Asterropteryx_semipunctata",-17.48929,-149.85263,"2020","Asterropteryx semipunctata",3.08123969825909
"2365",470,"Moorea","PublicBeach","PB8","Backreef","19/02/2020",1.8,220,"MOO20","470","MOO20_470","Gobiidae","Eviota","distigma","EVIODIST",14.8,18.1,0.082,"MOO20_Eviota_distigma",-17.48929,-149.85263,"2020","Eviota distigma",3.08123969825909
"2366",471,"Moorea","PublicBeach","PB8","Backreef","19/02/2020",1.8,220,"MOO20","471","MOO20_471","Gobiidae","Eviota","afelei","EVIOAFEL",8.8,10,0.014,"MOO20_Eviota_afelei",-17.48929,-149.85263,"2020","Eviota afelei",3.08123969825909
"2367",472,"Moorea","PublicBeach","PB8","Backreef","19/02/2020",1.8,220,"MOO20","472","MOO20_472","Gobiidae","Eviota","afelei","EVIOAFEL",8.5,10.7,0.021,"MOO20_Eviota_afelei",-17.48929,-149.85263,"2020","Eviota afelei",3.08123969825909
"2368",473,"Moorea","PublicBeach","PB8","Backreef","19/02/2020",1.8,220,"MOO20","473","MOO20_473","Gobiidae","Eviota","afelei","EVIOAFEL",8.7,10.3,0.017,"MOO20_Eviota_afelei",-17.48929,-149.85263,"2020","Eviota afelei",3.08123969825909
"2369",474,"Moorea","PublicBeach","PB8","Backreef","19/02/2020",1.8,220,"MOO20","474","MOO20_474","Gobiidae","Eviota","afelei","EVIOAFEL",8.7,10.3,0.021,"MOO20_Eviota_afelei",-17.48929,-149.85263,"2020","Eviota afelei",3.08123969825909
"2370",475,"Moorea","PublicBeach","PB8","Backreef","19/02/2020",1.8,220,"MOO20","475","MOO20_475","Gobiidae","Eviota","afelei","EVIOAFEL",11.5,13.7,0.037,"MOO20_Eviota_afelei",-17.48929,-149.85263,"2020","Eviota afelei",3.08123969825909
"2371",476,"Moorea","PublicBeach","PB8","Backreef","19/02/2020",1.8,220,"MOO20","476","MOO20_476","Gobiidae","Eviota","afelei","EVIOAFEL",10.8,13.6,0.029,"MOO20_Eviota_afelei",-17.48929,-149.85263,"2020","Eviota afelei",3.08123969825909
"2372",477,"Moorea","PublicBeach","PB8","Backreef","19/02/2020",1.8,220,"MOO20","477","MOO20_477","Gobiidae","Eviota","afelei","EVIOAFEL",11.1,13.4,0.04,"MOO20_Eviota_afelei",-17.48929,-149.85263,"2020","Eviota afelei",3.08123969825909
"2373",478,"Moorea","PublicBeach","PB8","Backreef","19/02/2020",1.8,220,"MOO20","478","MOO20_478","Gobiidae","Eviota","afelei","EVIOAFEL",11.1,13.7,0.032,"MOO20_Eviota_afelei",-17.48929,-149.85263,"2020","Eviota afelei",3.08123969825909
"2374",479,"Moorea","PublicBeach","PB8","Backreef","19/02/2020",1.8,220,"MOO20","479","MOO20_479","Gobiidae","Eviota","afelei","EVIOAFEL",14.2,16.9,0.062,"MOO20_Eviota_afelei",-17.48929,-149.85263,"2020","Eviota afelei",3.08123969825909
"2375",480,"Moorea","PublicBeach","PB8","Backreef","19/02/2020",1.8,220,"MOO20","480","MOO20_480","Gobiidae","Eviota","afelei","EVIOAFEL",9.3,11.5,0.022,"MOO20_Eviota_afelei",-17.48929,-149.85263,"2020","Eviota afelei",3.08123969825909
"2376",481,"Moorea","PublicBeach","PB8","Backreef","19/02/2020",1.8,220,"MOO20","481","MOO20_481","Gobiidae","Eviota","afelei","EVIOAFEL",14.3,17.3,0.066,"MOO20_Eviota_afelei",-17.48929,-149.85263,"2020","Eviota afelei",3.08123969825909
"2377",482,"Moorea","PublicBeach","PB8","Backreef","19/02/2020",1.8,220,"MOO20","482","MOO20_482","Gobiidae","Eviota","afelei","EVIOAFEL",13.1,15.3,0.049,"MOO20_Eviota_afelei",-17.48929,-149.85263,"2020","Eviota afelei",3.08123969825909
"2378",483,"Moorea","PublicBeach","PB8","Backreef","19/02/2020",1.8,220,"MOO20","483","MOO20_483","Gobiidae","Eviota","afelei","EVIOAFEL",11.8,14.4,0.037,"MOO20_Eviota_afelei",-17.48929,-149.85263,"2020","Eviota afelei",3.08123969825909
"2379",484,"Moorea","PublicBeach","PB8","Backreef","19/02/2020",1.8,220,"MOO20","484","MOO20_484","Gobiidae","Eviota","afelei","EVIOAFEL",12.4,15.1,0.039,"MOO20_Eviota_afelei",-17.48929,-149.85263,"2020","Eviota afelei",3.08123969825909
"2380",485,"Moorea","PublicBeach","PB8","Backreef","19/02/2020",1.8,220,"MOO20","485","MOO20_485","Gobiidae","Eviota","afelei","EVIOAFEL",11.4,14,0.032,"MOO20_Eviota_afelei",-17.48929,-149.85263,"2020","Eviota afelei",3.08123969825909
"2381",486,"Moorea","PublicBeach","PB8","Backreef","19/02/2020",1.8,220,"MOO20","486","MOO20_486","Gobiidae","Eviota","afelei","EVIOAFEL",12,15,0.041,"MOO20_Eviota_afelei",-17.48929,-149.85263,"2020","Eviota afelei",3.08123969825909
"2382",487,"Moorea","PublicBeach","PB8","Backreef","19/02/2020",1.8,220,"MOO20","487","MOO20_487","Gobiidae","Eviota","distigma","EVIODIST",10.5,13.7,0.029,"MOO20_Eviota_distigma",-17.48929,-149.85263,"2020","Eviota distigma",3.08123969825909
"2383",488,"Moorea","PublicBeach","PB8","Backreef","19/02/2020",1.8,220,"MOO20","488","MOO20_488","Gobiidae","Eviota","infulata","EVIOINFU",9,11.1,0.018,"MOO20_Eviota_infulata",-17.48929,-149.85263,"2020","Eviota infulata",3.08123969825909
"2384",489,"Moorea","PublicBeach","PB8","Backreef","19/02/2020",1.8,220,"MOO20","489","MOO20_489","Gobiidae","Eviota","infulata","EVIOINFU",9.8,12.1,0.02,"MOO20_Eviota_infulata",-17.48929,-149.85263,"2020","Eviota infulata",3.08123969825909
"2385",490,"Moorea","PublicBeach","PB8","Backreef","19/02/2020",1.8,220,"MOO20","490","MOO20_490","Gobiidae","Eviota","infulata","EVIOINFU",10.4,11.3,0.017,"MOO20_Eviota_infulata",-17.48929,-149.85263,"2020","Eviota infulata",3.08123969825909
"2386",491,"Moorea","PublicBeach","PB8","Backreef","19/02/2020",1.8,220,"MOO20","491","MOO20_491","Gobiidae","Eviota","infulata","EVIOINFU",8,9.5,0.014,"MOO20_Eviota_infulata",-17.48929,-149.85263,"2020","Eviota infulata",3.08123969825909
"2387",492,"Moorea","PublicBeach","PB8","Backreef","19/02/2020",1.8,220,"MOO20","492","MOO20_492","Gobiidae","Eviota","infulata","EVIOINFU",7.4,9.2,0.011,"MOO20_Eviota_infulata",-17.48929,-149.85263,"2020","Eviota infulata",3.08123969825909
"2388",493,"Moorea","PublicBeach","PB8","Backreef","19/02/2020",1.8,220,"MOO20","493","MOO20_493","Gobiidae","Eviota","infulata","EVIOINFU",6.9,8.6,0.007,"MOO20_Eviota_infulata",-17.48929,-149.85263,"2020","Eviota infulata",3.08123969825909
"2389",494,"Moorea","PublicBeach","PB8","Backreef","19/02/2020",1.8,220,"MOO20","494","MOO20_494","Gobiidae","Eviota","infulata","EVIOINFU",7,9.5,0.01,"MOO20_Eviota_infulata",-17.48929,-149.85263,"2020","Eviota infulata",3.08123969825909
"2390",495,"Moorea","PublicBeach","PB8","Backreef","19/02/2020",1.8,220,"MOO20","495","MOO20_495","Gobiidae","Eviota","infulata","EVIOINFU",7.3,8.7,0.008,"MOO20_Eviota_infulata",-17.48929,-149.85263,"2020","Eviota infulata",3.08123969825909
"2391",496,"Moorea","PublicBeach","PB8","Backreef","19/02/2020",1.8,220,"MOO20","496","MOO20_496","Gobiidae","Eviota","infulata","EVIOINFU",7.4,8.5,0.01,"MOO20_Eviota_infulata",-17.48929,-149.85263,"2020","Eviota infulata",3.08123969825909
"2392",497,"Moorea","PublicBeach","PB8","Backreef","19/02/2020",1.8,220,"MOO20","497","MOO20_497","Gobiidae","Eviota","distigma","EVIODIST",6.3,7.9,0.007,"MOO20_Eviota_distigma",-17.48929,-149.85263,"2020","Eviota distigma",3.08123969825909
"2393",498,"Moorea","PublicBeach","PB8","Backreef","19/02/2020",1.8,220,"MOO20","498","MOO20_498","Gobiidae","Eviota","distigma","EVIODIST",7.8,8.6,0.012,"MOO20_Eviota_distigma",-17.48929,-149.85263,"2020","Eviota distigma",3.08123969825909
"2394",499,"Moorea","PublicBeach","PB8","Backreef","19/02/2020",1.8,220,"MOO20","499","MOO20_499","Gobiidae","Eviota","distigma","EVIODIST",7.2,8.7,0.008,"MOO20_Eviota_distigma",-17.48929,-149.85263,"2020","Eviota distigma",3.08123969825909
"2395",500,"Moorea","PublicBeach","PB8","Backreef","19/02/2020",1.8,220,"MOO20","500","MOO20_500","Gobiidae","Eviota","distigma","EVIODIST",7.3,8.4,0.01,"MOO20_Eviota_distigma",-17.48929,-149.85263,"2020","Eviota distigma",3.08123969825909
"2396",501,"Moorea","PublicBeach","PB8","Backreef","19/02/2020",1.8,220,"MOO20","501","MOO20_501","Gobiidae","Eviota","distigma","EVIODIST",6.5,7.7,0.006,"MOO20_Eviota_distigma",-17.48929,-149.85263,"2020","Eviota distigma",3.08123969825909
"2397",502,"Moorea","PublicBeach","PB8","Backreef","19/02/2020",1.8,220,"MOO20","502","MOO20_502","Gobiidae","Eviota","distigma","EVIODIST",7.9,8.8,0.01,"MOO20_Eviota_distigma",-17.48929,-149.85263,"2020","Eviota distigma",3.08123969825909
"2398",503,"Moorea","PublicBeach","PB8","Backreef","19/02/2020",1.8,220,"MOO20","503","MOO20_503","Gobiidae","Eviota","distigma","EVIODIST",8.7,10.2,0.016,"MOO20_Eviota_distigma",-17.48929,-149.85263,"2020","Eviota distigma",3.08123969825909
"2399",504,"Moorea","PublicBeach","PB8","Backreef","19/02/2020",1.8,220,"MOO20","504","MOO20_504","Gobiidae","Eviota","distigma","EVIODIST",8.3,10.1,0.019,"MOO20_Eviota_distigma",-17.48929,-149.85263,"2020","Eviota distigma",3.08123969825909
"2400",505,"Moorea","PublicBeach","PB8","Backreef","19/02/2020",1.8,220,"MOO20","505","MOO20_505","Gobiidae","Eviota","distigma","EVIODIST",7.6,8.9,0.011,"MOO20_Eviota_distigma",-17.48929,-149.85263,"2020","Eviota distigma",3.08123969825909
"2401",506,"Moorea","PublicBeach","PB8","Backreef","19/02/2020",1.8,220,"MOO20","506","MOO20_506","Gobiidae","Eviota","distigma","EVIODIST",7.9,9,0.01,"MOO20_Eviota_distigma",-17.48929,-149.85263,"2020","Eviota distigma",3.08123969825909
"2402",507,"Moorea","PublicBeach","PB8","Backreef","19/02/2020",1.8,220,"MOO20","507","MOO20_507","Gobiidae","Eviota","distigma","EVIODIST",8.2,9.4,0.012,"MOO20_Eviota_distigma",-17.48929,-149.85263,"2020","Eviota distigma",3.08123969825909
"2403",508,"Moorea","PublicBeach","PB8","Backreef","19/02/2020",1.8,220,"MOO20","508","MOO20_508","Gobiidae","Eviota","distigma","EVIODIST",10.3,12.4,0.027,"MOO20_Eviota_distigma",-17.48929,-149.85263,"2020","Eviota distigma",3.08123969825909
"2404",509,"Moorea","PublicBeach","PB8","Backreef","19/02/2020",1.8,220,"MOO20","509","MOO20_509","Gobiidae","Eviota","distigma","EVIODIST",8.8,10.7,0.018,"MOO20_Eviota_distigma",-17.48929,-149.85263,"2020","Eviota distigma",3.08123969825909
"2405",510,"Moorea","PublicBeach","PB8","Backreef","19/02/2020",1.8,220,"MOO20","510","MOO20_510","Gobiidae","Eviota","distigma","EVIODIST",12.4,13.9,0.035,"MOO20_Eviota_distigma",-17.48929,-149.85263,"2020","Eviota distigma",3.08123969825909
"2406",511,"Moorea","Manava1","PB9","Forereef","20/02/2020",13,210,"MOO20","511","MOO20_511","Solidae","Aseraggodes","speA","ASERSPEX",26.5,29.7,0.375,"MOO20_Aseraggodes_speX",-17.47197,-149.8132,"2020","Aseraggodes whitakeri",2.80749319614103
"2407",512,"Moorea","Manava1","PB9","Forereef","20/02/2020",13,210,"MOO20","512","MOO20_512","Tripterygiidae","Enneapterygius","pyramis","ENNEPYRA",20.7,24.8,0.168,"MOO20_Enneapterygius_pyramis",-17.47197,-149.8132,"2020","Enneapterygius pyramis",2.80749319614103
"2408",513,"Moorea","Manava1","PB9","Forereef","20/02/2020",13,210,"MOO20","513","MOO20_513","Tripterygiidae","Enneapterygius","pyramis","ENNEPYRA",19.7,23.6,0.143,"MOO20_Enneapterygius_pyramis",-17.47197,-149.8132,"2020","Enneapterygius pyramis",2.80749319614103
"2409",514,"Moorea","Manava1","PB9","Forereef","20/02/2020",13,210,"MOO20","514","MOO20_514","Pomacanthidae","Centropyge","bispinosa","CENTBISP",32.6,40.8,1.502,"MOO20_Centropyge_bispinosa",-17.47197,-149.8132,"2020","Centropyge bispinosa",2.80749319614103
"2410",515,"Moorea","Manava1","PB9","Forereef","20/02/2020",13,210,"MOO20","515","MOO20_515","Labridae","Pseudocheilinus","hexataenia","PSEUHEXA",40.8,50,1.986,"MOO20_Pseudocheilinus_hexataenia",-17.47197,-149.8132,"2020","Pseudocheilinus hexataenia",2.80749319614103
"2411",516,"Moorea","Manava1","PB9","Forereef","20/02/2020",13,210,"MOO20","516","MOO20_516","Scorpaenidae","Sebastapistes","mauritiana","SEBAMAUR",29.8,37.5,0.967,"MOO20_Sebastapistes_mauritiana",-17.47197,-149.8132,"2020","Sebastapistes mauritiana",2.80749319614103
"2412",517,"Moorea","Manava1","PB9","Forereef","20/02/2020",13,210,"MOO20","517","MOO20_517","Scorpaenidae","Sebastapistes","fowleri","SEBAFOWL",20.1,23.4,0.303,"MOO20_Sebastapistes_fowleri",-17.47197,-149.8132,"2020","Sebastapistes fowleri",2.80749319614103
"2413",518,"Moorea","Manava1","PB9","Forereef","20/02/2020",13,210,"MOO20","518","MOO20_518","Scorpaenidae","Sebastapistes","fowleri","SEBAFOWL",17.1,20.6,0.19,"MOO20_Sebastapistes_fowleri",-17.47197,-149.8132,"2020","Sebastapistes fowleri",2.80749319614103
"2414",519,"Moorea","Manava1","PB9","Forereef","20/02/2020",13,210,"MOO20","519","MOO20_519","Cirrhitidae","Amblycirrhites","bimacula","AMBLBIMA",29.7,36,0.561,"MOO20_Amblycirrhites_bimacula",-17.47197,-149.8132,"2020","Amblycirrhites bimacula",2.80749319614103
"2415",520,"Moorea","Manava1","PB9","Forereef","20/02/2020",13,210,"MOO20","520","MOO20_520","Scorpaenidae","Scorpaenodes","varipinnis","SCORVARI",20.6,25.2,0.303,"MOO20_Scorpaenodes_varipinnis",-17.47197,-149.8132,"2020","Scorpaenodes varipinnis",2.80749319614103
"2416",521,"Moorea","Manava1","PB9","Forereef","20/02/2020",13,210,"MOO20","521","MOO20_521","Scorpaenidae","Scorpaenodes","varipinnis","SCORVARI",16.9,21.2,0.172,"MOO20_Scorpaenodes_varipinnis",-17.47197,-149.8132,"2020","Scorpaenodes varipinnis",2.80749319614103
"2417",522,"Moorea","Manava1","PB9","Forereef","20/02/2020",13,210,"MOO20","522","MOO20_522","Apogonidae","Ostorhinchus","nigrotaenia","OSTONIGR",45.5,59.1,2.409,"MOO20_Ostorhinchus_nigrotaenia",-17.47197,-149.8132,"2020","Ostorhinchus nigrotaenia",2.80749319614103
"2418",523,"Moorea","Manava1","PB9","Forereef","20/02/2020",13,210,"MOO20","523","MOO20_523","Apogonidae","Ostorhinchus","nigrotaenia","OSTONIGR",34.5,45.1,1.049,"MOO20_Ostorhinchus_nigrotaenia",-17.47197,-149.8132,"2020","Ostorhinchus nigrotaenia",2.80749319614103
"2419",524,"Moorea","Manava1","PB9","Forereef","20/02/2020",13,210,"MOO20","524","MOO20_524","Apogonidae","Apogon","speA","APOGSPEX",14,18.7,0.08,"MOO20_Apogon_speX",-17.47197,-149.8132,"2020","Apogon speA",2.80749319614103
"2420",525,"Moorea","Manava2","PB10","Backreef","20/02/2020",2,290,"MOO20","525","MOO20_525","Serranidae","Cephalopholis","argus","CEPHARGU",78.3,93.9,12.879,"MOO20_Cephalopholis_argus",-17.47923,-149.80916,"2020","Cephalopholis argus",5.35397228561136
"2421",526,"Moorea","Manava2","PB10","Backreef","20/02/2020",2,290,"MOO20","526","MOO20_526","Pomacentridae","Stegastes","nigricans","STEGNIGR",46.8,60.7,4.512,"MOO20_Stegastes_nigricans",-17.47923,-149.80916,"2020","Stegastes nigricans",5.35397228561136
"2422",527,"Moorea","Manava2","PB10","Backreef","20/02/2020",2,290,"MOO20","527","MOO20_527","Syngnathidae","Choeroichthys","brachysoma","CHOEBRAC",26.1,26.7,0.029,"MOO20_Choeroichthys_brachysoma",-17.47923,-149.80916,"2020","Choeroichthys brachysoma",5.35397228561136
"2423",528,"Moorea","Manava2","PB10","Backreef","20/02/2020",2,290,"MOO20","528","MOO20_528","Syngnathidae","Doryrhamphus","excisus","DORYEXCI",20.5,23.4,0.015,"MOO20_Doryrhamphus_excisus",-17.47923,-149.80916,"2020","Doryrhamphus excisus",5.35397228561136
"2424",529,"Moorea","Manava2","PB10","Backreef","20/02/2020",2,290,"MOO20","529","MOO20_529","Gobiidae","Eviota","distigma","EVIODIST",13.7,17.2,0.068,"MOO20_Eviota_distigma",-17.47923,-149.80916,"2020","Eviota distigma",5.35397228561136
"2425",530,"Moorea","Manava2","PB10","Backreef","20/02/2020",2,290,"MOO20","530","MOO20_530","Gobiidae","Eviota","distigma","EVIODIST",11.8,14.4,0.037,"MOO20_Eviota_distigma",-17.47923,-149.80916,"2020","Eviota distigma",5.35397228561136
"2426",531,"Moorea","Manava2","PB10","Backreef","20/02/2020",2,290,"MOO20","531","MOO20_531","Gobiidae","Eviota","infulata","EVIOINFU",9.1,13.4,0.015,"MOO20_Eviota_infulata",-17.47923,-149.80916,"2020","Eviota infulata",5.35397228561136
"2427",532,"Moorea","Manava2","PB10","Backreef","20/02/2020",2,290,"MOO20","532","MOO20_532","Gobiidae","Eviota","infulata","EVIOINFU",10.2,12.9,0.021,"MOO20_Eviota_infulata",-17.47923,-149.80916,"2020","Eviota infulata",5.35397228561136
"2428",533,"Moorea","Manava2","PB10","Backreef","20/02/2020",2,290,"MOO20","533","MOO20_533","Gobiidae","Eviota","infulata","EVIOINFU",10,13,0.02,"MOO20_Eviota_infulata",-17.47923,-149.80916,"2020","Eviota infulata",5.35397228561136
"2429",534,"Moorea","Manava2","PB10","Backreef","20/02/2020",2,290,"MOO20","534","MOO20_534","Gobiidae","Pleurosicya","labiata","PLEULABI",9.1,10.2,0.012,"MOO20_Pleurosicya_labiata",-17.47923,-149.80916,"2020","Pleurosicya labiata",5.35397228561136
"2430",535,"Moorea","Manava2","PB10","Backreef","20/02/2020",2,290,"MOO20","535","MOO20_535","Syngnathidae","Doryrhamphus","excisus","DORYEXCI",19.5,21.7,0.015,"MOO20_Doryrhamphus_excisus",-17.47923,-149.80916,"2020","Doryrhamphus excisus",5.35397228561136
"2431",536,"Moorea","Manava2","PB10","Backreef","20/02/2020",2,290,"MOO20","536","MOO20_536","Blenniidae","Enchelyurus","ater","ENCHATER",19.2,23.5,0.147,"MOO20_Enchelyurus_ater",-17.47923,-149.80916,"2020","Enchelyurus ater",5.35397228561136
"2432",537,"Moorea","Manava2","PB10","Backreef","20/02/2020",2,290,"MOO20","537","MOO20_537","Blenniidae","Enchelyurus","ater","ENCHATER",18.1,22.3,0.126,"MOO20_Enchelyurus_ater",-17.47923,-149.80916,"2020","Enchelyurus ater",5.35397228561136
"2433",538,"Moorea","Manava2","PB10","Backreef","20/02/2020",2,290,"MOO20","538","MOO20_538","Blenniidae","Enchelyurus","ater","ENCHATER",10.4,12.9,0.029,"MOO20_Enchelyurus_ater",-17.47923,-149.80916,"2020","Enchelyurus ater",5.35397228561136
"2434",539,"Moorea","Manava2","PB10","Backreef","20/02/2020",2,290,"MOO20","539","MOO20_539","Blenniidae","Glyptoparus","delicatulus","GLYPDELI",22.8,26.4,0.173,"MOO20_Glyptoparus_delicatulus",-17.47923,-149.80916,"2020","Glyptoparus delicatulus",5.35397228561136
"2435",540,"Moorea","Manava2","PB10","Backreef","20/02/2020",2,290,"MOO20","540","MOO20_540","Blenniidae","Glyptoparus","delicatulus","GLYPDELI",23.7,27.5,0.199,"MOO20_Glyptoparus_delicatulus",-17.47923,-149.80916,"2020","Glyptoparus delicatulus",5.35397228561136
"2436",541,"Moorea","Manava2","PB10","Backreef","20/02/2020",2,290,"MOO20","541","MOO20_541","Blenniidae","Glyptoparus","delicatulus","GLYPDELI",22.7,25.5,0.161,"MOO20_Glyptoparus_delicatulus",-17.47923,-149.80916,"2020","Glyptoparus delicatulus",5.35397228561136
"2437",542,"Moorea","Manava2","PB10","Backreef","20/02/2020",2,290,"MOO20","542","MOO20_542","Blenniidae","Glyptoparus","delicatulus","GLYPDELI",13.3,15.1,0.109,"MOO20_Glyptoparus_delicatulus",-17.47923,-149.80916,"2020","Glyptoparus delicatulus",5.35397228561136
"2438",543,"Moorea","Manava2","PB10","Backreef","20/02/2020",2,290,"MOO20","543","MOO20_543","Blenniidae","Glyptoparus","delicatulus","GLYPDELI",14.2,16.6,0.038,"MOO20_Glyptoparus_delicatulus",-17.47923,-149.80916,"2020","Glyptoparus delicatulus",5.35397228561136
"2439",544,"Moorea","Manava2","PB10","Backreef","20/02/2020",2,290,"MOO20","544","MOO20_544","Blenniidae","Glyptoparus","delicatulus","GLYPDELI",13.1,15.1,0.035,"MOO20_Glyptoparus_delicatulus",-17.47923,-149.80916,"2020","Glyptoparus delicatulus",5.35397228561136
"2440",545,"Moorea","Manava2","PB10","Backreef","20/02/2020",2,290,"MOO20","545","MOO20_545","Gobiidae","Fusigobius","neophytus","FUSINEOP",26.4,32.2,0.318,"MOO20_Fusigobius_neophytus",-17.47923,-149.80916,"2020","Fusigobius neophytus",5.35397228561136
"2441",546,"Moorea","Manava2","PB10","Backreef","20/02/2020",2,290,"MOO20","546","MOO20_546","Gobiidae","Fusigobius","neophytus","FUSINEOP",16,19.3,0.073,"MOO20_Fusigobius_neophytus",-17.47923,-149.80916,"2020","Fusigobius neophytus",5.35397228561136
"2442",547,"Moorea","Manava2","PB10","Backreef","20/02/2020",2,290,"MOO20","547","MOO20_547","Gobiidae","Fusigobius","neophytus","FUSINEOP",12.6,15.6,0.041,"MOO20_Fusigobius_neophytus",-17.47923,-149.80916,"2020","Fusigobius neophytus",5.35397228561136
"2443",548,"Moorea","Manava2","PB10","Backreef","20/02/2020",2,290,"MOO20","548","MOO20_548","Gobiidae","Cabillus","tongarevae","CABITONG",12.2,14.3,0.038,"MOO20_Cabillus_tongarevae",-17.47923,-149.80916,"2020","Cabillus tongarevae",5.35397228561136
"2444",549,"Moorea","Manava2","PB10","Backreef","20/02/2020",2,290,"MOO20","549","MOO20_549","Gobiidae","Cabillus","tongarevae","CABITONG",13.4,16.4,0.049,"MOO20_Cabillus_tongarevae",-17.47923,-149.80916,"2020","Cabillus tongarevae",5.35397228561136
"2445",550,"Moorea","Manava2","PB10","Backreef","20/02/2020",2,290,"MOO20","550","MOO20_550","Gobiidae","Cabillus","tongarevae","CABITONG",11.1,13.4,0.029,"MOO20_Cabillus_tongarevae",-17.47923,-149.80916,"2020","Cabillus tongarevae",5.35397228561136
"2446",551,"Moorea","Manava2","PB10","Backreef","20/02/2020",2,290,"MOO20","551","MOO20_551","Gobiidae","Cabillus","tongarevae","CABITONG",9.1,12.4,0.025,"MOO20_Cabillus_tongarevae",-17.47923,-149.80916,"2020","Cabillus tongarevae",5.35397228561136
"2447",552,"Moorea","Manava2","PB10","Backreef","20/02/2020",2,290,"MOO20","552","MOO20_552","Pomacentridae","Stegastes","nigricans","STEGNIGR",15.7,23.9,0.199,"MOO20_Stegastes_nigricans",-17.47923,-149.80916,"2020","Stegastes nigricans",5.35397228561136
"2448",553,"Moorea","Manava2","PB10","Backreef","20/02/2020",2,290,"MOO20","553","MOO20_553","Scorpaenidae","Scorpaenodes","parvipinnis","SCORPARV",9.4,13.3,0.054,"MOO20_Scorpaenodes_parvipinnis",-17.47923,-149.80916,"2020","Scorpaenodes parvipinnis",5.35397228561136
"2449",554,"Moorea","Manava2","PB10","Backreef","20/02/2020",2,290,"MOO20","554","MOO20_554","Labridae","Thalassoma","lutescens","THALLUTE",20.9,24.9,0.219,"MOO20_Thalassoma_lutescens",-17.47923,-149.80916,"2020","Thalassoma lutescens",5.35397228561136
"2450",555,"Moorea","Manava2","PB10","Backreef","20/02/2020",2,290,"MOO20","555","MOO20_555","Apogonidae","Apogon","speA","APOGSPEX",24.1,30.7,0.223,"MOO20_Apogon_speX",-17.47923,-149.80916,"2020","Apogon speA",5.35397228561136
"2451",556,"Moorea","Manava2","PB10","Backreef","20/02/2020",2,290,"MOO20","556","MOO20_556","Muraenidae","Uropterygius","xanthopterus","UROPALBO",65.3,65.6,0.352,"MOO20_Uropterygius_alboguttata",-17.47923,-149.80916,"2020","Uropterygius xanthopterus",5.35397228561136
"2452",557,"Moorea","Manava2","PB10","Backreef","20/02/2020",2,290,"MOO20","557","MOO20_557","Labridae","Thalassoma","lutescens","THALLUTE",8,9.7,0.015,"MOO20_Thalassoma_lutescens",-17.47923,-149.80916,"2020","Thalassoma lutescens",5.35397228561136
"2453",558,"Moorea","Manava2","PB10","Backreef","20/02/2020",2,290,"MOO20","558","MOO20_558","Gobiidae","Eviota","afelei","EVIOAFEL",7.1,8.1,0.004,"MOO20_Eviota_afelei",-17.47923,-149.80916,"2020","Eviota afelei",5.35397228561136
"2454",559,"Moorea","Manava2","PB10","Backreef","20/02/2020",2,290,"MOO20","559","MOO20_559","Gobiidae","Eviota","afelei","EVIOAFEL",8.8,10,0.009,"MOO20_Eviota_afelei",-17.47923,-149.80916,"2020","Eviota afelei",5.35397228561136
"2455",560,"Moorea","Manava2","PB10","Backreef","20/02/2020",2,290,"MOO20","560","MOO20_560","Gobiidae","Eviota","afelei","EVIOAFEL",6.8,7.7,0.005,"MOO20_Eviota_afelei",-17.47923,-149.80916,"2020","Eviota afelei",5.35397228561136
"2456",561,"Moorea","Manava2","PB10","Backreef","20/02/2020",2,290,"MOO20","561","MOO20_561","Gobiidae","Eviota","afelei","EVIOAFEL",9.7,11.7,0.019,"MOO20_Eviota_afelei",-17.47923,-149.80916,"2020","Eviota afelei",5.35397228561136
"2457",562,"Moorea","Manava2","PB10","Backreef","20/02/2020",2,290,"MOO20","562","MOO20_562","Gobiidae","Eviota","afelei","EVIOAFEL",9.4,11.4,0.024,"MOO20_Eviota_afelei",-17.47923,-149.80916,"2020","Eviota afelei",5.35397228561136
"2458",563,"Moorea","Manava2","PB10","Backreef","20/02/2020",2,290,"MOO20","563","MOO20_563","Gobiidae","Eviota","afelei","EVIOAFEL",7.9,9.3,0.011,"MOO20_Eviota_afelei",-17.47923,-149.80916,"2020","Eviota afelei",5.35397228561136
"2459",564,"Moorea","Manava2","PB10","Backreef","20/02/2020",2,290,"MOO20","564","MOO20_564","Gobiidae","Eviota","afelei","EVIOAFEL",8,9.3,0.011,"MOO20_Eviota_afelei",-17.47923,-149.80916,"2020","Eviota afelei",5.35397228561136
"2460",565,"Moorea","Manava2","PB10","Backreef","20/02/2020",2,290,"MOO20","565","MOO20_565","Gobiidae","Eviota","afelei","EVIOAFEL",6.4,8,0.006,"MOO20_Eviota_afelei",-17.47923,-149.80916,"2020","Eviota afelei",5.35397228561136
"2461",566,"Moorea","Manava2","PB10","Backreef","20/02/2020",2,290,"MOO20","566","MOO20_566","Gobiidae","Eviota","afelei","EVIOAFEL",6.1,8.3,0.007,"MOO20_Eviota_afelei",-17.47923,-149.80916,"2020","Eviota afelei",5.35397228561136
"2462",567,"Moorea","Manava2","PB10","Backreef","20/02/2020",2,290,"MOO20","567","MOO20_567","Gobiidae","Eviota","afelei","EVIOAFEL",7.2,8.3,0.006,"MOO20_Eviota_afelei",-17.47923,-149.80916,"2020","Eviota afelei",5.35397228561136
"2463",568,"Moorea","Manava2","PB10","Backreef","20/02/2020",2,290,"MOO20","568","MOO20_568","Gobiidae","Eviota","afelei","EVIOAFEL",7.1,8.3,0.007,"MOO20_Eviota_afelei",-17.47923,-149.80916,"2020","Eviota afelei",5.35397228561136
"2464",569,"Moorea","Manava2","PB10","Backreef","20/02/2020",2,290,"MOO20","569","MOO20_569","Gobiidae","Eviota","afelei","EVIOAFEL",6.7,7.7,0.005,"MOO20_Eviota_afelei",-17.47923,-149.80916,"2020","Eviota afelei",5.35397228561136
"2465",570,"Moorea","Manava2","PB10","Backreef","20/02/2020",2,290,"MOO20","570","MOO20_570","Gobiidae","Eviota","afelei","EVIOAFEL",7,8.5,0.008,"MOO20_Eviota_afelei",-17.47923,-149.80916,"2020","Eviota afelei",5.35397228561136
"2466",571,"Moorea","Manava2","PB10","Backreef","20/02/2020",2,290,"MOO20","571","MOO20_571","Gobiidae","Eviota","afelei","EVIOAFEL",7.5,8.8,0.01,"MOO20_Eviota_afelei",-17.47923,-149.80916,"2020","Eviota afelei",5.35397228561136
"2467",572,"Moorea","Manava2","PB10","Backreef","20/02/2020",2,290,"MOO20","572","MOO20_572","Gobiidae","Eviota","afelei","EVIOAFEL",6.9,7.8,0.005,"MOO20_Eviota_afelei",-17.47923,-149.80916,"2020","Eviota afelei",5.35397228561136
"2468",573,"Moorea","Manava2","PB10","Backreef","20/02/2020",2,290,"MOO20","573","MOO20_573","Gobiidae","Eviota","afelei","EVIOAFEL",7,8.6,0.007,"MOO20_Eviota_afelei",-17.47923,-149.80916,"2020","Eviota afelei",5.35397228561136
"2469",574,"Moorea","Manava2","PB10","Backreef","20/02/2020",2,290,"MOO20","574","MOO20_574","Gobiidae","Eviota","afelei","EVIOAFEL",6.1,7.4,0.007,"MOO20_Eviota_afelei",-17.47923,-149.80916,"2020","Eviota afelei",5.35397228561136
"2470",575,"Moorea","Manava2","PB10","Backreef","20/02/2020",2,290,"MOO20","575","MOO20_575","Gobiidae","Eviota","afelei","EVIOAFEL",9.3,10.3,0.013,"MOO20_Eviota_afelei",-17.47923,-149.80916,"2020","Eviota afelei",5.35397228561136
"2471",576,"Moorea","Manava2","PB10","Backreef","20/02/2020",2,290,"MOO20","576","MOO20_576","Gobiidae","Eviota","afelei","EVIOAFEL",8.3,10.3,0.014,"MOO20_Eviota_afelei",-17.47923,-149.80916,"2020","Eviota afelei",5.35397228561136
"2472",577,"Moorea","Manava2","PB10","Backreef","20/02/2020",2,290,"MOO20","577","MOO20_577","Gobiidae","Eviota","afelei","EVIOAFEL",7.6,9.2,0.011,"MOO20_Eviota_afelei",-17.47923,-149.80916,"2020","Eviota afelei",5.35397228561136
"2473",578,"Moorea","Manava2","PB10","Backreef","20/02/2020",2,290,"MOO20","578","MOO20_578","Gobiidae","Eviota","afelei","EVIOAFEL",8.1,9.7,0.01,"MOO20_Eviota_afelei",-17.47923,-149.80916,"2020","Eviota afelei",5.35397228561136
"2474",579,"Moorea","Manava2","PB10","Backreef","20/02/2020",2,290,"MOO20","579","MOO20_579","Gobiidae","Eviota","afelei","EVIOAFEL",8.2,9.2,0.01,"MOO20_Eviota_afelei",-17.47923,-149.80916,"2020","Eviota afelei",5.35397228561136
"2475",580,"Moorea","Manava2","PB10","Backreef","20/02/2020",2,290,"MOO20","580","MOO20_580","Gobiidae","Eviota","afelei","EVIOAFEL",7.4,9.2,0.01,"MOO20_Eviota_afelei",-17.47923,-149.80916,"2020","Eviota afelei",5.35397228561136
"2476",581,"Moorea","Manava2","PB10","Backreef","20/02/2020",2,290,"MOO20","581","MOO20_581","Gobiidae","Eviota","afelei","EVIOAFEL",7.5,8.8,0.007,"MOO20_Eviota_afelei",-17.47923,-149.80916,"2020","Eviota afelei",5.35397228561136
"2477",582,"Moorea","Manava2","PB10","Backreef","20/02/2020",2,290,"MOO20","582","MOO20_582","Gobiidae","Eviota","afelei","EVIOAFEL",7.1,8.8,0.008,"MOO20_Eviota_afelei",-17.47923,-149.80916,"2020","Eviota afelei",5.35397228561136
"2478",583,"Moorea","Manava2","PB10","Backreef","20/02/2020",2,290,"MOO20","583","MOO20_583","Gobiidae","Eviota","afelei","EVIOAFEL",6.5,8,0.006,"MOO20_Eviota_afelei",-17.47923,-149.80916,"2020","Eviota afelei",5.35397228561136
"2479",584,"Moorea","Manava2","PB10","Backreef","20/02/2020",2,290,"MOO20","584","MOO20_584","Gobiidae","Eviota","afelei","EVIOAFEL",7.2,8.6,0.006,"MOO20_Eviota_afelei",-17.47923,-149.80916,"2020","Eviota afelei",5.35397228561136
"2480",585,"Moorea","Manava2","PB10","Backreef","20/02/2020",2,290,"MOO20","585","MOO20_585","Gobiidae","Eviota","afelei","EVIOAFEL",8.2,9.1,0.012,"MOO20_Eviota_afelei",-17.47923,-149.80916,"2020","Eviota afelei",5.35397228561136
"2481",586,"Moorea","Manava2","PB10","Backreef","20/02/2020",2,290,"MOO20","586","MOO20_586","Gobiidae","Eviota","afelei","EVIOAFEL",7.2,8.5,0.008,"MOO20_Eviota_afelei",-17.47923,-149.80916,"2020","Eviota afelei",5.35397228561136
"2482",587,"Moorea","Manava2","PB10","Backreef","20/02/2020",2,290,"MOO20","587","MOO20_587","Gobiidae","Eviota","afelei","EVIOAFEL",7.9,8.9,0.005,"MOO20_Eviota_afelei",-17.47923,-149.80916,"2020","Eviota afelei",5.35397228561136
"2483",588,"Moorea","Manava2","PB10","Backreef","20/02/2020",2,290,"MOO20","588","MOO20_588","Gobiidae","Eviota","afelei","EVIOAFEL",6.6,8.1,0.006,"MOO20_Eviota_afelei",-17.47923,-149.80916,"2020","Eviota afelei",5.35397228561136
"2484",589,"Moorea","Manava2","PB10","Backreef","20/02/2020",2,290,"MOO20","589","MOO20_589","Gobiidae","Eviota","afelei","EVIOAFEL",7.5,9.7,0.01,"MOO20_Eviota_afelei",-17.47923,-149.80916,"2020","Eviota afelei",5.35397228561136
"2485",590,"Moorea","Manava2","PB10","Backreef","20/02/2020",2,290,"MOO20","590","MOO20_590","Gobiidae","Eviota","afelei","EVIOAFEL",6.9,8.4,0.006,"MOO20_Eviota_afelei",-17.47923,-149.80916,"2020","Eviota afelei",5.35397228561136
"2486",591,"Moorea","Manava2","PB10","Backreef","20/02/2020",2,290,"MOO20","591","MOO20_591","Gobiidae","Eviota","afelei","EVIOAFEL",8.9,10.7,0.018,"MOO20_Eviota_afelei",-17.47923,-149.80916,"2020","Eviota afelei",5.35397228561136
"2487",592,"Moorea","Manava2","PB10","Backreef","20/02/2020",2,290,"MOO20","592","MOO20_592","Gobiidae","Eviota","afelei","EVIOAFEL",7.4,8.4,0.013,"MOO20_Eviota_afelei",-17.47923,-149.80916,"2020","Eviota afelei",5.35397228561136
"2488",593,"Moorea","Manava2","PB10","Backreef","20/02/2020",2,290,"MOO20","593","MOO20_593","Gobiidae","Eviota","afelei","EVIOAFEL",5.7,7.9,0.005,"MOO20_Eviota_afelei",-17.47923,-149.80916,"2020","Eviota afelei",5.35397228561136
"2489",594,"Moorea","Manava2","PB10","Backreef","20/02/2020",2,290,"MOO20","594","MOO20_594","Gobiidae","Eviota","afelei","EVIOAFEL",11.3,13.7,0.028,"MOO20_Eviota_afelei",-17.47923,-149.80916,"2020","Eviota afelei",5.35397228561136
"2490",595,"Moorea","Manava2","PB10","Backreef","20/02/2020",2,290,"MOO20","595","MOO20_595","Gobiidae","Eviota","afelei","EVIOAFEL",7,9.5,0.007,"MOO20_Eviota_afelei",-17.47923,-149.80916,"2020","Eviota afelei",5.35397228561136
"2491",596,"Moorea","Manava2","PB10","Backreef","20/02/2020",2,290,"MOO20","596","MOO20_596","Gobiidae","Eviota","afelei","EVIOAFEL",7,8.7,0.006,"MOO20_Eviota_afelei",-17.47923,-149.80916,"2020","Eviota afelei",5.35397228561136
"2492",597,"Moorea","Manava2","PB10","Backreef","20/02/2020",2,290,"MOO20","597","MOO20_597","Gobiidae","Eviota","afelei","EVIOAFEL",8.7,10.4,0.013,"MOO20_Eviota_afelei",-17.47923,-149.80916,"2020","Eviota afelei",5.35397228561136
"2493",598,"Moorea","Manava2","PB10","Backreef","20/02/2020",2,290,"MOO20","598","MOO20_598","Gobiidae","Eviota","afelei","EVIOAFEL",10,12.3,0.018,"MOO20_Eviota_afelei",-17.47923,-149.80916,"2020","Eviota afelei",5.35397228561136
"2494",599,"Moorea","Manava2","PB10","Backreef","20/02/2020",2,290,"MOO20","599","MOO20_599","Gobiidae","Eviota","afelei","EVIOAFEL",10,12,0.022,"MOO20_Eviota_afelei",-17.47923,-149.80916,"2020","Eviota afelei",5.35397228561136
"2495",600,"Moorea","Manava2","PB10","Backreef","20/02/2020",2,290,"MOO20","600","MOO20_600","Gobiidae","Eviota","afelei","EVIOAFEL",10.7,13.5,0.026,"MOO20_Eviota_afelei",-17.47923,-149.80916,"2020","Eviota afelei",5.35397228561136
"2496",601,"Moorea","Manava2","PB10","Backreef","20/02/2020",2,290,"MOO20","601","MOO20_601","Gobiidae","Eviota","afelei","EVIOAFEL",6.9,8.8,0.009,"MOO20_Eviota_afelei",-17.47923,-149.80916,"2020","Eviota afelei",5.35397228561136
"2497",602,"Moorea","Manava2","PB10","Backreef","20/02/2020",2,290,"MOO20","602","MOO20_602","Gobiidae","Eviota","afelei","EVIOAFEL",9.8,11.7,0.019,"MOO20_Eviota_afelei",-17.47923,-149.80916,"2020","Eviota afelei",5.35397228561136
"2498",603,"Moorea","Manava2","PB10","Backreef","20/02/2020",2,290,"MOO20","603","MOO20_603","Gobiidae","Eviota","afelei","EVIOAFEL",8.6,10.2,0.012,"MOO20_Eviota_afelei",-17.47923,-149.80916,"2020","Eviota afelei",5.35397228561136
"2499",604,"Moorea","Manava2","PB10","Backreef","20/02/2020",2,290,"MOO20","604","MOO20_604","Gobiidae","Eviota","afelei","EVIOAFEL",9.6,11.3,0.019,"MOO20_Eviota_afelei",-17.47923,-149.80916,"2020","Eviota afelei",5.35397228561136
"2500",605,"Moorea","Manava2","PB10","Backreef","20/02/2020",2,290,"MOO20","605","MOO20_605","Gobiidae","Eviota","afelei","EVIOAFEL",10,12,0.022,"MOO20_Eviota_afelei",-17.47923,-149.80916,"2020","Eviota afelei",5.35397228561136
"2501",606,"Moorea","Manava2","PB10","Backreef","20/02/2020",2,290,"MOO20","606","MOO20_606","Gobiidae","Eviota","afelei","EVIOAFEL",10.8,12.5,0.023,"MOO20_Eviota_afelei",-17.47923,-149.80916,"2020","Eviota afelei",5.35397228561136
"2502",607,"Moorea","Manava2","PB10","Backreef","20/02/2020",2,290,"MOO20","607","MOO20_607","Gobiidae","Eviota","afelei","EVIOAFEL",8.8,10.6,0.016,"MOO20_Eviota_afelei",-17.47923,-149.80916,"2020","Eviota afelei",5.35397228561136
"2503",608,"Moorea","Manava2","PB10","Backreef","20/02/2020",2,290,"MOO20","608","MOO20_608","Gobiidae","Eviota","afelei","EVIOAFEL",11.4,13.1,0.029,"MOO20_Eviota_afelei",-17.47923,-149.80916,"2020","Eviota afelei",5.35397228561136
"2504",609,"Moorea","Manava2","PB10","Backreef","20/02/2020",2,290,"MOO20","609","MOO20_609","Gobiidae","Eviota","afelei","EVIOAFEL",11.9,14.6,0.032,"MOO20_Eviota_afelei",-17.47923,-149.80916,"2020","Eviota afelei",5.35397228561136
"2505",610,"Moorea","Manava2","PB10","Backreef","20/02/2020",2,290,"MOO20","610","MOO20_610","Gobiidae","Eviota","afelei","EVIOAFEL",11.7,14.1,0.03,"MOO20_Eviota_afelei",-17.47923,-149.80916,"2020","Eviota afelei",5.35397228561136
"2506",611,"Moorea","Manava2","PB10","Backreef","20/02/2020",2,290,"MOO20","611","MOO20_611","Gobiidae","Eviota","afelei","EVIOAFEL",12.6,15.3,0.035,"MOO20_Eviota_afelei",-17.47923,-149.80916,"2020","Eviota afelei",5.35397228561136
"2507",612,"Moorea","Manava2","PB10","Backreef","20/02/2020",2,290,"MOO20","612","MOO20_612","Gobiidae","Eviota","afelei","EVIOAFEL",10.3,13,0.022,"MOO20_Eviota_afelei",-17.47923,-149.80916,"2020","Eviota afelei",5.35397228561136
"2508",613,"Moorea","Manava2","PB10","Backreef","20/02/2020",2,290,"MOO20","613","MOO20_613","Gobiidae","Eviota","afelei","EVIOAFEL",11.6,14.4,0.04,"MOO20_Eviota_afelei",-17.47923,-149.80916,"2020","Eviota afelei",5.35397228561136
"2509",614,"Moorea","Manava2","PB10","Backreef","20/02/2020",2,290,"MOO20","614","MOO20_614","Gobiidae","Eviota","afelei","EVIOAFEL",11.1,13.6,0.036,"MOO20_Eviota_afelei",-17.47923,-149.80916,"2020","Eviota afelei",5.35397228561136
"2510",615,"Moorea","Manava2","PB10","Backreef","20/02/2020",2,290,"MOO20","615","MOO20_615","Gobiidae","Eviota","afelei","EVIOAFEL",11.9,13.8,0.036,"MOO20_Eviota_afelei",-17.47923,-149.80916,"2020","Eviota afelei",5.35397228561136
"2511",616,"Moorea","Manava2","PB10","Backreef","20/02/2020",2,290,"MOO20","616","MOO20_616","Gobiidae","Eviota","afelei","EVIOAFEL",10.2,12.4,0.028,"MOO20_Eviota_afelei",-17.47923,-149.80916,"2020","Eviota afelei",5.35397228561136
"2512",617,"Moorea","Manava2","PB10","Backreef","20/02/2020",2,290,"MOO20","617","MOO20_617","Gobiidae","Eviota","afelei","EVIOAFEL",10.9,13,0.031,"MOO20_Eviota_afelei",-17.47923,-149.80916,"2020","Eviota afelei",5.35397228561136
"2513",618,"Moorea","Manava2","PB10","Backreef","20/02/2020",2,290,"MOO20","618","MOO20_618","Gobiidae","Eviota","afelei","EVIOAFEL",6.9,8.9,0.005,"MOO20_Eviota_afelei",-17.47923,-149.80916,"2020","Eviota afelei",5.35397228561136
"2514",619,"Moorea","Manava2","PB10","Backreef","20/02/2020",2,290,"MOO20","619","MOO20_619","Gobiidae","Eviota","afelei","EVIOAFEL",10.2,11.9,0.019,"MOO20_Eviota_afelei",-17.47923,-149.80916,"2020","Eviota afelei",5.35397228561136
"2515",620,"Moorea","Manava2","PB10","Backreef","20/02/2020",2,290,"MOO20","620","MOO20_620","Gobiidae","Eviota","afelei","EVIOAFEL",10.1,12.7,0.024,"MOO20_Eviota_afelei",-17.47923,-149.80916,"2020","Eviota afelei",5.35397228561136
"2516",621,"Moorea","Manava2","PB10","Backreef","20/02/2020",2,290,"MOO20","621","MOO20_621","Gobiidae","Eviota","afelei","EVIOAFEL",7.8,9.7,0.011,"MOO20_Eviota_afelei",-17.47923,-149.80916,"2020","Eviota afelei",5.35397228561136
"2517",622,"Moorea","Manava2","PB10","Backreef","20/02/2020",2,290,"MOO20","622","MOO20_622","Gobiidae","Eviota","afelei","EVIOAFEL",11.7,14.3,0.044,"MOO20_Eviota_afelei",-17.47923,-149.80916,"2020","Eviota afelei",5.35397228561136
"2518",623,"Moorea","Manava2","PB10","Backreef","20/02/2020",2,290,"MOO20","623","MOO20_623","Gobiidae","Eviota","afelei","EVIOAFEL",9.8,11.7,0.022,"MOO20_Eviota_afelei",-17.47923,-149.80916,"2020","Eviota afelei",5.35397228561136
"2519",624,"Moorea","Manava2","PB10","Backreef","20/02/2020",2,290,"MOO20","624","MOO20_624","Gobiidae","Eviota","afelei","EVIOAFEL",9.3,11.5,0.018,"MOO20_Eviota_afelei",-17.47923,-149.80916,"2020","Eviota afelei",5.35397228561136
"2520",625,"Moorea","Manava2","PB10","Backreef","20/02/2020",2,290,"MOO20","625","MOO20_625","Gobiidae","Eviota","afelei","EVIOAFEL",10.4,12.1,0.021,"MOO20_Eviota_afelei",-17.47923,-149.80916,"2020","Eviota afelei",5.35397228561136
"2521",626,"Moorea","Manava2","PB10","Backreef","20/02/2020",2,290,"MOO20","626","MOO20_626","Gobiidae","Eviota","afelei","EVIOAFEL",10.1,12.7,0.033,"MOO20_Eviota_afelei",-17.47923,-149.80916,"2020","Eviota afelei",5.35397228561136
"2522",627,"Moorea","Manava2","PB10","Backreef","20/02/2020",2,290,"MOO20","627","MOO20_627","Gobiidae","Eviota","afelei","EVIOAFEL",10.7,12.8,0.029,"MOO20_Eviota_afelei",-17.47923,-149.80916,"2020","Eviota afelei",5.35397228561136
"2523",628,"Moorea","Manava2","PB10","Backreef","20/02/2020",2,290,"MOO20","628","MOO20_628","Gobiidae","Eviota","afelei","EVIOAFEL",7.9,10,0.016,"MOO20_Eviota_afelei",-17.47923,-149.80916,"2020","Eviota afelei",5.35397228561136
"2524",629,"Moorea","Manava2","PB10","Backreef","20/02/2020",2,290,"MOO20","629","MOO20_629","Gobiidae","Eviota","afelei","EVIOAFEL",11.5,14.1,0.033,"MOO20_Eviota_afelei",-17.47923,-149.80916,"2020","Eviota afelei",5.35397228561136
"2525",630,"Moorea","Manava2","PB10","Backreef","20/02/2020",2,290,"MOO20","630","MOO20_630","Gobiidae","Eviota","afelei","EVIOAFEL",12.3,14.7,0.032,"MOO20_Eviota_afelei",-17.47923,-149.80916,"2020","Eviota afelei",5.35397228561136
"2526",631,"Moorea","Manava2","PB10","Backreef","20/02/2020",2,290,"MOO20","631","MOO20_631","Gobiidae","Eviota","afelei","EVIOAFEL",10.6,13.4,0.025,"MOO20_Eviota_afelei",-17.47923,-149.80916,"2020","Eviota afelei",5.35397228561136
"2527",632,"Moorea","Manava2","PB10","Backreef","20/02/2020",2,290,"MOO20","632","MOO20_632","Gobiidae","Eviota","afelei","EVIOAFEL",11,14.3,0.037,"MOO20_Eviota_afelei",-17.47923,-149.80916,"2020","Eviota afelei",5.35397228561136
"2528",633,"Moorea","Manava2","PB10","Backreef","20/02/2020",2,290,"MOO20","633","MOO20_633","Gobiidae","Eviota","afelei","EVIOAFEL",11.5,13.4,0.037,"MOO20_Eviota_afelei",-17.47923,-149.80916,"2020","Eviota afelei",5.35397228561136
"2529",634,"Moorea","Manava2","PB10","Backreef","20/02/2020",2,290,"MOO20","634","MOO20_634","Gobiidae","Eviota","afelei","EVIOAFEL",11.6,13.7,0.028,"MOO20_Eviota_afelei",-17.47923,-149.80916,"2020","Eviota afelei",5.35397228561136
"2530",635,"Moorea","Manava2","PB10","Backreef","20/02/2020",2,290,"MOO20","635","MOO20_635","Gobiidae","Eviota","afelei","EVIOAFEL",13.3,15.2,0.044,"MOO20_Eviota_afelei",-17.47923,-149.80916,"2020","Eviota afelei",5.35397228561136
"2531",636,"Moorea","Manava2","PB10","Backreef","20/02/2020",2,290,"MOO20","636","MOO20_636","Gobiidae","Eviota","afelei","EVIOAFEL",13.2,15.4,0.037,"MOO20_Eviota_afelei",-17.47923,-149.80916,"2020","Eviota afelei",5.35397228561136
"2532",637,"Moorea","Manava2","PB10","Backreef","20/02/2020",2,290,"MOO20","637","MOO20_637","Gobiidae","Eviota","afelei","EVIOAFEL",11.6,15,0.04,"MOO20_Eviota_afelei",-17.47923,-149.80916,"2020","Eviota afelei",5.35397228561136
"2533",638,"Moorea","Manava2","PB10","Backreef","20/02/2020",2,290,"MOO20","638","MOO20_638","Gobiidae","Eviota","afelei","EVIOAFEL",11.5,14,0.039,"MOO20_Eviota_afelei",-17.47923,-149.80916,"2020","Eviota afelei",5.35397228561136
"2534",639,"Moorea","Manava2","PB10","Backreef","20/02/2020",2,290,"MOO20","639","MOO20_639","Gobiidae","Eviota","afelei","EVIOAFEL",11.3,13.5,0.039,"MOO20_Eviota_afelei",-17.47923,-149.80916,"2020","Eviota afelei",5.35397228561136
"2535",640,"Moorea","Manava2","PB10","Backreef","20/02/2020",2,290,"MOO20","640","MOO20_640","Gobiidae","Eviota","afelei","EVIOAFEL",10.1,13,0.024,"MOO20_Eviota_afelei",-17.47923,-149.80916,"2020","Eviota afelei",5.35397228561136
"2536",641,"Moorea","Manava2","PB10","Backreef","20/02/2020",2,290,"MOO20","641","MOO20_641","Gobiidae","Eviota","afelei","EVIOAFEL",10.3,13,0.027,"MOO20_Eviota_afelei",-17.47923,-149.80916,"2020","Eviota afelei",5.35397228561136
"2537",642,"Moorea","Manava2","PB10","Backreef","20/02/2020",2,290,"MOO20","642","MOO20_642","Gobiidae","Eviota","afelei","EVIOAFEL",13.2,15.8,0.045,"MOO20_Eviota_afelei",-17.47923,-149.80916,"2020","Eviota afelei",5.35397228561136
"2538",643,"Moorea","Manava2","PB10","Backreef","20/02/2020",2,290,"MOO20","643","MOO20_643","Gobiidae","Eviota","afelei","EVIOAFEL",13.2,16.1,0.054,"MOO20_Eviota_afelei",-17.47923,-149.80916,"2020","Eviota afelei",5.35397228561136
"2539",644,"Moorea","Manava2","PB10","Backreef","20/02/2020",2,290,"MOO20","644","MOO20_644","Gobiidae","Eviota","afelei","EVIOAFEL",10.3,11.8,0.025,"MOO20_Eviota_afelei",-17.47923,-149.80916,"2020","Eviota afelei",5.35397228561136
"2540",645,"Moorea","Manava2","PB10","Backreef","20/02/2020",2,290,"MOO20","645","MOO20_645","Gobiidae","Eviota","afelei","EVIOAFEL",13.8,16.2,0.044,"MOO20_Eviota_afelei",-17.47923,-149.80916,"2020","Eviota afelei",5.35397228561136
"2541",646,"Moorea","Manava2","PB10","Backreef","20/02/2020",2,290,"MOO20","646","MOO20_646","Gobiidae","Eviota","afelei","EVIOAFEL",7.3,9.1,0.007,"MOO20_Eviota_afelei",-17.47923,-149.80916,"2020","Eviota afelei",5.35397228561136
